Workbook

Sheet RawQ1
A1: person | B1: personLabel | C1: geslachtLabel | D1: geboortejaar | E1: geboorteplaatsLabel | F1: imageLink
A2: http://www.wikidata.org/entity/Q115818424 | B2: Achiel Piepers | C2: mannelijk | D2: 1871 | E2: Kuurne
A3: http://www.wikidata.org/entity/Q119013873 | B3: Achiel Van de Putte | C3: mannelijk | D3: 1868 | E3: Rollegem-Kapelle
A4: http://www.wikidata.org/entity/Q119217729 | B4: Achille Croquison | C4: mannelijk | D4: 1845 | E4: Kortrijk
A5: http://www.wikidata.org/entity/Q115834468 | B5: Achilles Bohyn | C5: mannelijk | D5: 1851 | E5: Kruishoutem
A6: http://www.wikidata.org/entity/Q123417058 | B6: Adela Pauline Courtens | C6: vrouwelijk | D6: 1832 | E6: Harelbeke
A7: http://www.wikidata.org/entity/Q125306156 | B7: Adelaida Antonia Vuylsteke | C7: vrouwelijk | D7: 1825 | E7: Menen
A8: http://www.wikidata.org/entity/Q113754119 | B8: Adolf De Wolf | C8: mannelijk | D8: 1844 | E8: Brugge
A9: http://www.wikidata.org/entity/Q2524668 | B9: Adolf Duclos | C9: mannelijk | D9: 1841 | E9: Brugge | F9: http://commons.wikimedia.org/wiki/Special:FilePath/Adolf%20Duclos001.jpg
A10: http://www.wikidata.org/entity/Q4722117 | B10: Adolf Lootens | C10: mannelijk | D10: 1835 | E10: Brugge
A11: http://www.wikidata.org/entity/Q43140929 | B11: Adolf Pauwels | C11: mannelijk | D11: 1864 | E11: Berchem
A12: http://www.wikidata.org/entity/Q100534520 | B12: Adolf Verriest | C12: mannelijk | D12: 1830 | E12: Deerlijk | F12: http://commons.wikimedia.org/wiki/Special:FilePath/Adolf%20Karel%20vader%20Petrus%20moeder%20Carolina%20Verriest%20in%201861.jpg
A13: http://www.wikidata.org/entity/Q5580544 | B13: Adrianus Bogaers | C13: mannelijk | D13: 1795 | E13: Den Haag | F13: http://commons.wikimedia.org/wiki/Special:FilePath/Adrianus%20Bogaers.jpg
A14: http://www.wikidata.org/entity/Q123051567 | B14: Agnes Cecilia Young | C14: vrouwelijk
A15: http://www.wikidata.org/entity/Q116687284 | B15: Agnes Mary Christophers | C15: vrouwelijk | D15: 1822 | E15: St Pancras
A16: http://www.wikidata.org/entity/Q115814290 | B16: Aimé Erneste Marie Dierick | C16: mannelijk | D16: 1865 | E16: Izegem
A17: http://www.wikidata.org/entity/Q115834690 | B17: Aimé Lagae | C17: mannelijk | D17: 1806 | E17: Heule
A18: http://www.wikidata.org/entity/Q15627098 | B18: Albany James Christie | C18: mannelijk | D18: 1817 | E18: Groot-Londen
A19: http://www.wikidata.org/entity/Q15627098 | B19: Albany James Christie | C19: mannelijk | D19: 1817 | E19: Southwark
A20: http://www.wikidata.org/entity/Q2832059 | B20: Albéric Emmanuel Henri Marie Ghislain Ruzette | C20: mannelijk | D20: 1866 | E20: Sint-Joost-ten-Node | F20: http://commons.wikimedia.org/wiki/Special:FilePath/Weekblad%20Pallieter%20-%20voorpagina%201924%2023%20baron%20ruzette.jpg
A21: http://www.wikidata.org/entity/Q118772822 | B21: Albert Aimé Marie Vandewalle | C21: mannelijk
A22: http://www.wikidata.org/entity/Q586323 | B22: Albert Verwey | C22: mannelijk | D22: 1865 | E22: Amsterdam | F22: http://commons.wikimedia.org/wiki/Special:FilePath/Portret%20van%20Albert%20Verwey%20Rijksmuseum%20SK-C-1680.jpeg
A23: http://www.wikidata.org/entity/Q56036018 | B23: Alexandre Bonvarlet | C23: mannelijk | D23: 1826 | E23: Duinkerke | F23: http://commons.wikimedia.org/wiki/Special:FilePath/Alexandre%20Bonvarlet%20by%20Michel%20Berthaud.jpg
A24: http://www.wikidata.org/entity/Q125490771 | B24: Alexandre Marie Ghislain Gillès de Pélichy | C24: mannelijk | D24: 1844 | E24: Antwerpen
A25: http://www.wikidata.org/entity/Q2332586 | B25: Alexis De Carne | C25: mannelijk | D25: 1848 | E25: Stavele
A26: http://www.wikidata.org/entity/Q119729450 | B26: Alfons Algoet | C26: mannelijk | D26: 1847 | E26: Brugge
A27: http://www.wikidata.org/entity/Q118142378 | B27: Alfons Bouckaert | C27: mannelijk | D27: 1867 | E27: Beveren
A28: http://www.wikidata.org/entity/Q110039191 | B28: Alfons Dassonville | C28: mannelijk | D28: 1860 | E28: Heule
A29: http://www.wikidata.org/entity/Q2100582 | B29: Alfons De Cock | C29: mannelijk | D29: 1850 | E29: Herdersem | F29: http://commons.wikimedia.org/wiki/Special:FilePath/Alfons%20de%20Cock%2C%20PA05233.jpg
A30: http://www.wikidata.org/entity/Q2638823 | B30: Alfons Janssens | C30: mannelijk | D30: 1841 | E30: Sint-Niklaas | F30: http://commons.wikimedia.org/wiki/Special:FilePath/Alfons%20Janssens.jpg
A31: http://www.wikidata.org/entity/Q56036059 | B31: Alfons Maria Napoleon Prayon-van Zuylen van Nyevelt | C31: mannelijk | D31: 1848 | E31: Gent
A32: http://www.wikidata.org/entity/Q2675588 | B32: Alfons Mervillie | C32: mannelijk | D32: 1856 | E32: Wontergem
A33: http://www.wikidata.org/entity/Q2539969 | B33: Alfons Siffer | C33: mannelijk | D33: 1850 | E33: Zomergem | F33: http://commons.wikimedia.org/wiki/Special:FilePath/Alfons%20Siffer%201850-1941.jpg
A34: http://www.wikidata.org/entity/Q119621396 | B34: Alfons Steinmetz | C34: mannelijk | D34: 1838
A35: http://www.wikidata.org/entity/Q120973166 | B35: Alfons Van Doorne | C35: mannelijk | D35: 1849 | E35: Poeke
A36: http://www.wikidata.org/entity/Q2050293 | B36: Alfons Van Hee | C36: mannelijk | D36: 1846 | E36: Lo-Reninge
A37: http://www.wikidata.org/entity/Q26845752 | B37: Alfred Guichon de Grandpont | C37: mannelijk | D37: 1807 | E37: Dijon
A38: http://www.wikidata.org/entity/Q115820635 | B38: Alfred Neut | C38: mannelijk | D38: 1845 | E38: Gent
A39: http://www.wikidata.org/entity/Q115821483 | B39: Aloïs Baelen | C39: mannelijk | D39: 1839 | E39: Poperinge
A40: http://www.wikidata.org/entity/Q2580620 | B40: Aloïs Nelis | C40: mannelijk | D40: 1842 | E40: Antwerpen
A41: http://www.wikidata.org/entity/Q119013806 | B41: Aloïs Van de Pitte | C41: mannelijk | D41: 1859 | E41: Brugge
A42: http://www.wikidata.org/entity/Q2298746 | B42: Aloïs Walgrave | C42: mannelijk | D42: 1876 | E42: Gent
A43: http://www.wikidata.org/entity/Q115815697 | B43: Aloysius De Visschere | C43: mannelijk | D43: 1853 | E43: Ruddervoorde
A44: http://www.wikidata.org/entity/Q115833316 | B44: Aloysius Farasyn | C44: mannelijk | D44: 1840 | E44: Lichtervelde
A45: http://www.wikidata.org/entity/Q115979418 | B45: Aloysius Vandemaele | C45: mannelijk | D45: 1834 | E45: Zwevegem
A46: http://www.wikidata.org/entity/Q2450554 | B46: Alphonse De Leyn | C46: mannelijk | D46: 1839 | E46: Brugge
... A48: http://www.wikidata.org/entity/Q11071766 | B48: Alphonse de Voss | C48: mannelijk | D48: 1840 | E48: Mesen
A49: http://www.wikidata.org/entity/Q2099446 | B49: Amaat Joos | C49: mannelijk | D49: 1855 | E49: Hamme | F49: http://commons.wikimedia.org/wiki/Special:FilePath/Amaat%20Joos.jpg
A50: http://www.wikidata.org/entity/Q3421496 | B50: Amaat Vyncke | C50: mannelijk | D50: 1850 | E50: Zedelgem | F50: http://commons.wikimedia.org/wiki/Special:FilePath/Amaat%20Vyncke.jpg
A51: http://www.wikidata.org/entity/Q2481707 | B51: Amand de Vos | C51: mannelijk | D51: 1840 | E51: Eksaarde | F51: http://commons.wikimedia.org/wiki/Special:FilePath/Wazenaar%20Amand%20de%20Vos.jpg
A52: http://www.wikidata.org/entity/Q970036 | B52: Amand Neut | C52: mannelijk | D52: 1812 | E52: Moorsele
A53: http://www.wikidata.org/entity/Q136750770 | B53: Amandus Cornelius Dequidt | C53: mannelijk | D53: 1861 | E53: Poperinge
A54: http://www.wikidata.org/entity/Q115831039 | B54: Amandus Devloo | C54: mannelijk | D54: 1856 | E54: Alveringem
A55: http://www.wikidata.org/entity/Q1280942 | B55: Amédée Visart de Bocarmé | C55: mannelijk | D55: 1835 | E55: Sint-Kruis | F55: http://commons.wikimedia.org/wiki/Special:FilePath/Portret%20van%20burgemeester%20Am%C3%A9d%C3%A9e%20Visart%20de%20Bocarm%C3%A9%2C%20circa%201837%20-%20circa%201924%2C%20Groeningemuseum%2C%200041286000.jpg
A56: http://www.wikidata.org/entity/Q124619468 | B56: Amelia Vander Stichele | C56: vrouwelijk | D56: 1816 | E56: Sint-Eloois-Winkel | F56: http://commons.wikimedia.org/wiki/Special:FilePath/Schilderij%20Henri%20Dobbelaere%20Engelendale.jpg
A57: http://www.wikidata.org/entity/Q131923924 | B57: Amélie Emérentine Joseph Mullier | C57: vrouwelijk | D57: 1810 | E57: Moeskroen
A58: http://www.wikidata.org/entity/Q122831276 | B58: Amélie Frère | C58: vrouwelijk | D58: 1840 | E58: Tongeren
A59: http://www.wikidata.org/entity/Q119039774 | B59: Andries J. Winkler | C59: mannelijk | D59: 1866 | E59: Leeuwarden
A60: http://www.wikidata.org/entity/Q13429634 | B60: Angelus August Eugeen Angillis | C60: mannelijk | D60: 1830
A61: http://www.wikidata.org/entity/Q115842281 | B61: Angelus Dumelie | C61: mannelijk | D61: 1834 | E61: Poperinge
A62: http://www.wikidata.org/entity/Q123050649 | B62: Ann Jordan | C62: vrouwelijk | D62: 1831 | E62: Engeland
A63: http://www.wikidata.org/entity/Q116656531 | B63: Anna Demets | C63: vrouwelijk | D63: 1842 | E63: Kortrijk | F63: http://commons.wikimedia.org/wiki/Special:FilePath/Portretfoto%20Anna%20Demets.jpg
A64: http://www.wikidata.org/entity/Q116508558 | B64: Anne Hill | C64: vrouwelijk | D64: 1811 | E64: Pendleton
A65: http://www.wikidata.org/entity/Q115830433 | B65: Antoine Wemaer | C65: mannelijk | D65: 1812 | E65: Brugge
A66: http://www.wikidata.org/entity/Q2360599 | B66: Antoon Jozef Witteryck | C66: mannelijk | D66: 1865 | E66: Oostkamp | F66: http://commons.wikimedia.org/wiki/Special:FilePath/Wytterick%2023.JPG
A67: http://www.wikidata.org/entity/Q62117109 | B67: Antoon Verwaetermeulen | C67: mannelijk | D67: 1870 | E67: Kortrijk
A68: http://www.wikidata.org/entity/Q120897770 | B68: Armand Valcke | C68: mannelijk | D68: 1847 | E68: Ingelmunster
A69: http://www.wikidata.org/entity/Q115979140 | B69: Arsenius Dehulster | C69: mannelijk | D69: 1847 | E69: Roeselare
A70: http://www.wikidata.org/entity/Q3450211 | B70: Arthur De Schrevel | C70: mannelijk | D70: 1850 | E70: Wervik
A71: http://www.wikidata.org/entity/Q122971839 | B71: Arthur Jean Botte | C71: mannelijk | D71: 1865 | E71: Gent
A72: http://www.wikidata.org/entity/Q115818861 | B72: Arthur Lewylle | C72: mannelijk | D72: 1860 | E72: Vlamertinge
A73: http://www.wikidata.org/entity/Q115834833 | B73: Arthur Maria Gustavus Florimond Plettinck | C73: mannelijk | D73: 1861 | E73: Meulebeke
A74: http://www.wikidata.org/entity/Q120164850 | B74: Arthur Robinson | C74: mannelijk | D74: 1814 | E74: Newport
A75: http://www.wikidata.org/entity/Q115979812 | B75: August Busschaert | C75: mannelijk | D75: 1842 | E75: Marke
A76: http://www.wikidata.org/entity/Q2215154 | B76: August Cuppens | C76: mannelijk | D76: 1862 | E76: Beringen
A77: http://www.wikidata.org/entity/Q120639934 | B77: August Delbaere | C77: mannelijk | D77: 1847 | E77: Aalbeke
A78: http://www.wikidata.org/entity/Q115818168 | B78: August Hoflack | C78: mannelijk | D78: 1852 | E78: Staden
A79: http://www.wikidata.org/entity/Q115839088 | B79: August Laporta | C79: mannelijk | D79: 1864 | E79: Lier
A80: http://www.wikidata.org/entity/Q119625085 | B80: August Selosse | C80: mannelijk
A81: http://www.wikidata.org/entity/Q764378 | B81: August Vermeylen | C81: mannelijk | D81: 1872 | E81: Stedelijk gebied Brussel | F81: http://commons.wikimedia.org/wiki/Special:FilePath/AugustVermeylen2.jpg
A82: http://www.wikidata.org/entity/Q125535110 | B82: August William McDonogh | C82: mannelijk | D82: 1841 | E82: Lambeth
A83: http://www.wikidata.org/entity/Q122842403 | B83: Augusta Lewis Bampfield | C83: vrouwelijk | D83: 1825 | E83: Londen
A84: http://www.wikidata.org/entity/Q117246862 | B84: Augusta Maria Mathildis Vyncke | C84: vrouwelijk | D84: 1860 | E84: Zedelgem
A85: http://www.wikidata.org/entity/Q115813025 | B85: Auguste de Laage de Bellefaye | C85: mannelijk | D85: 1821 | E85: Sint-Omaars
A86: http://www.wikidata.org/entity/Q2490990 | B86: Auguste Reynaert | C86: mannelijk | D86: 1833 | E86: Anzegem | F86: http://commons.wikimedia.org/wiki/Special:FilePath/Kortrijk%20Astridpark-11.JPG
A87: http://www.wikidata.org/entity/Q2059291 | B87: Auguste Reyns | C87: mannelijk | D87: 1849 | E87: Brugge
A88: http://www.wikidata.org/entity/Q2658862 | B88: Auguste Van Speybrouck | C88: mannelijk | D88: 1843 | E88: Brugge
A89: http://www.wikidata.org/entity/Q120999304 | B89: Augustijn Van Heuverswyn | C89: mannelijk | D89: 1859 | E89: Nazareth
A90: http://www.wikidata.org/entity/Q115825488 | B90: Augustin Frutsaert | C90: mannelijk | D90: 1822 | E90: Sint-Omaars
A91: http://www.wikidata.org/entity/Q115844105 | B91: Augustin Van Becelaere | C91: mannelijk | D91: 1820 | E91: Kortrijk
A92: http://www.wikidata.org/entity/Q115979130 | B92: Augustinus De Geetere | C92: mannelijk | D92: 1839 | E92: Brugge
A93: http://www.wikidata.org/entity/Q115835531 | B93: Augustinus Ghequiere | C93: mannelijk | D93: 1856 | E93: Rollegem
A94: http://www.wikidata.org/entity/Q115840920 | B94: Augustus Declerc | C94: mannelijk | D94: 1831 | E94: Nieuwpoort
A95: http://www.wikidata.org/entity/Q115823355 | B95: Augustus Rodts | C95: mannelijk | D95: 1857 | E95: Knesselare
A96: http://www.wikidata.org/entity/Q4865289 | B96: Bartholomew Woodlock | C96: mannelijk | D96: 1819 | E96: Dublin | F96: http://commons.wikimedia.org/wiki/Special:FilePath/Bartholomew%20Woodlock%2C%20portrait.png
A97: http://www.wikidata.org/entity/Q115826830 | B97: Benedictus Goeman | C97: mannelijk | D97: 1854 | E97: Heldergem
A98: http://www.wikidata.org/entity/Q822307 | B98: Bernard Bernard | C98: mannelijk | D98: 1821 | E98: Mogues | F98: http://commons.wikimedia.org/wiki/Special:FilePath/%28Baumg1889%29%20Bernard%20Bernard%20%28Kathol.%20Missionar%20auf%20Island%29.jpg
A99: http://www.wikidata.org/entity/Q122884053 | B99: Bernard Joseph Weale | C99: mannelijk | D99: 1865 | E99: Brugge
A100: http://www.wikidata.org/entity/Q115812384 | B100: Bernardus Josephus Colier | C100: mannelijk | D100: 1819 | E100: Brugge
A101: http://www.wikidata.org/entity/Q122818902 | B101: Bertha Wachowsky | C101: vrouwelijk | D101: 1843 | E101: Münster
...

Sheet RawQ2
A1: Source | B1: Target | C1: Label
A2: Q101627274 | B2: Q110039191 | C2: heeft als correspondent
A3: Q2546317 | B3: Q3515115 | C3: heeft als correspondent
A4: Q110039361 | B4: Q2675588 | C4: heeft als correspondent
A5: Q110039159 | B5: Q15461013 | C5: heeft als correspondent
A6: Q17428533 | B6: Q3166510 | C6: heeft als correspondent
A7: Q115834834 | B7: Q2779054 | C7: heeft als correspondent
A8: Q115831509 | B8: Q20902162 | C8: heeft als correspondent
A9: Q113466955 | B9: Q3032807 | C9: heeft als correspondent
A10: Q115817263 | B10: Q115818849 | C10: heeft als correspondent
A11: Q115831509 | B11: Q120552708 | C11: heeft als correspondent
A12: Q115831509 | B12: Q123689724 | C12: heeft als correspondent
... A157: Q115835763 | B157: Q42196616 | C157: heeft als correspondent

Sheet RawQ3
A1: personA | B1: personB | C1: relatieTypeLabel
A2: http://www.wikidata.org/entity/Q100534520 | B2: http://www.wikidata.org/entity/Q981444 | C2: http://www.wikidata.org/prop/direct/P3373
A3: http://www.wikidata.org/entity/Q122854006 | B3: http://www.wikidata.org/entity/Q2672741 | C3: http://www.wikidata.org/prop/direct/P40
A4: http://www.wikidata.org/entity/Q122854006 | B4: http://www.wikidata.org/entity/Q2672741 | C4: http://www.wikidata.org/prop/direct/P22
A5: http://www.wikidata.org/entity/Q100534520 | B5: http://www.wikidata.org/entity/Q2190493 | C5: http://www.wikidata.org/prop/direct/P3373
A6: http://www.wikidata.org/entity/Q116687401 | B6: http://www.wikidata.org/entity/Q56036064 | C6: http://www.wikidata.org/prop/direct/P26
A7: http://www.wikidata.org/entity/Q122831483 | B7: http://www.wikidata.org/entity/Q13576607 | C7: http://www.wikidata.org/prop/direct/P3373
A8: http://www.wikidata.org/entity/Q2672741 | B8: http://www.wikidata.org/entity/Q354052 | C8: http://www.wikidata.org/prop/direct/P40
A9: http://www.wikidata.org/entity/Q2672741 | B9: http://www.wikidata.org/entity/Q354052 | C9: http://www.wikidata.org/prop/direct/P22
A10: http://www.wikidata.org/entity/Q2606766 | B10: http://www.wikidata.org/entity/Q3080591 | C10: http://www.wikidata.org/prop/direct/P3373
A11: http://www.wikidata.org/entity/Q2606766 | B11: http://www.wikidata.org/entity/Q3538623 | C11: http://www.wikidata.org/prop/direct/P22
A12: http://www.wikidata.org/entity/Q2606766 | B12: http://www.wikidata.org/entity/Q3538623 | C12: http://www.wikidata.org/prop/direct/P40
... A203: http://www.wikidata.org/entity/Q118732528 | B203: http://www.wikidata.org/entity/Q118732552 | C203: http://www.wikidata.org/prop/direct/P26

Sheet Nodes
A1: ID | B1: Label | C1: Type | D1: Gender | E1: Year of Birth | F1: Place of Birth | G1: Image link
A2: Q115839088 | B2: August Delbaere | C2: Person | D2: mannelijk | E2: 1847 | F2: Aalbeke | G2: Geen foto beschikbaar
A3: Q55672664 | B3: Hortense Delbaere | C3: Person | D3: vrouwelijk | E3: 1842 | F3: Aalbeke | G3: Geen foto beschikbaar
A4: Q115836535 | B4: Josephus Charle | C4: Person | D4: mannelijk | E4: 1823 | F4: Aalbeke | G4: Geen foto beschikbaar
A5: Q57197744 | B5: Ernestine De Seille | C5: Person | D5: vrouwelijk | E5: 1833 | F5: Aalter | G5: Geen foto beschikbaar
A6: Q115835763 | B6: Gerrit Pieter Roos | C6: Person | D6: mannelijk | E6: 1822 | F6: Aardenburg | G6: Geen foto beschikbaar
A7: Q125516501 | B7: Leonida Euphrasia Demonie | C7: Person | D7: vrouwelijk | E7: 1835 | F7: Aarsele | G7: Geen foto beschikbaar
A8: Q124619468 | B8: Amandus Devloo | C8: Person | D8: mannelijk | E8: 1856 | F8: Alveringem | G8: Geen foto beschikbaar
A9: Q125351404 | B9: Louis Vander Heyde | C9: Person | D9: mannelijk | E9: 1841 | F9: Alveringem | G9: Geen foto beschikbaar
A10: Q56036018 | B10: Albert Verwey | C10: Person | D10: mannelijk | E10: 1865 | F10: Amsterdam | G10: =IFERROR(VLOOKUP(B10,RawQ1!B:F,5,TRUE), "geen foto beschikbaar") -> http://commons.wikimedia.org/wiki/Special:FilePath/Portret%20van%20Albert%20Verwey%20Rijksmuseum%20SK-C-1680.jpeg
A11: Q2627945 | B11: Ian Theodor Beelen | C11: Person | D11: mannelijk | E11: 1807 | F11: Amsterdam | G11: Geen foto beschikbaar
A12: Q2424814 | B12: Jacob Verdam | C12: Person | D12: mannelijk | E12: 1845 | F12: Amsterdam | G12: =IFERROR(VLOOKUP(B12,RawQ1!B:F,5,TRUE), "geen foto beschikbaar") -> http://commons.wikimedia.org/wiki/Special:FilePath/Portret%20van%20Jacob%20Verdam%2C%20hoogleraar%20Nederlandse%20Taal%20te%20Leiden%20Icones%20298.tiff
A13: Q115839975 | B13: Joannes Alberdingk | C13: Person | D13: mannelijk | E13: 1788 | F13: Amsterdam | G13: Geen foto beschikbaar
A14: Q115831509 | B14: Joseph Alberdingk Thijm | C14: Person | D14: mannelijk | E14: 1820 | F14: Amsterdam | G14: =IFERROR(VLOOKUP(B14,RawQ1!B:F,5,TRUE), "geen foto beschikbaar") -> http://commons.wikimedia.org/wiki/Special:FilePath/Josephus%20Alberdingk%20Thijm%20portret%20%281864-1889%29.png
A15: Q119003821 | B15: Louis David Petit | C15: Person | D15: mannelijk | E15: 1847 | F15: Amsterdam | G15: Geen foto beschikbaar
A16: Q115979048 | B16: Paul Alberdingk Thijm | C16: Person | D16: mannelijk | E16: 1827 | F16: Amsterdam | G16: =IFERROR(VLOOKUP(B16,RawQ1!B:F,5,TRUE), "geen foto beschikbaar") -> http://commons.wikimedia.org/wiki/Special:FilePath/Portret%20van%20Paul%20Alberdingk%20Thijm.jpg
A17: Q2332586 | B17: Alexandre Marie Ghislain Gillès de Pélichy | C17: Person | D17: mannelijk | E17: 1844 | F17: Antwerpen | G17: Geen foto beschikbaar
A18: Q119013806 | B18: Aloïs Nelis | C18: Person | D18: mannelijk | E18: 1842 | F18: Antwerpen | G18: Geen foto beschikbaar
A19: Q42596 | B19: Frans De Cort | C19: Person | D19: mannelijk | E19: 1834 | F19: Antwerpen | G19: Geen foto beschikbaar
A20: Q571426 | B20: Hendrik Claes | C20: Person | D20: mannelijk | E20: 1849 | F20: Antwerpen | G20: Geen foto beschikbaar
A21: Q115815004 | B21: Hendrik Conscience | C21: Person | D21: mannelijk | E21: 1812 | F21: Antwerpen | G21: =IFERROR(VLOOKUP(B21,RawQ1!B:F,5,TRUE), "geen foto beschikbaar") -> http://commons.wikimedia.org/wiki/Special:FilePath/Hendrik%20Conscience.jpg
A22: Q7190386 | B22: Jan Van Beers | C22: Person | D22: mannelijk | E22: 1821 | F22: Antwerpen | G22: =IFERROR(VLOOKUP(B22,RawQ1!B:F,5,TRUE), "geen foto beschikbaar") -> http://commons.wikimedia.org/wiki/Special:FilePath/Jan%20Van%20Beers.jpg
A23: Q123741345 | B23: Julius Bouten | C23: Person | D23: mannelijk | E23: 1859 | F23: Antwerpen | G23: Geen foto beschikbaar
A24: Q672816 | B24: Max Rooses | C24: Person | D24: mannelijk | E24: 1839 | F24: Antwerpen | G24: =IFERROR(VLOOKUP(B24,RawQ1!B:F,5,TRUE), "geen foto beschikbaar") -> http://commons.wikimedia.org/wiki/Special:FilePath/Max%20Rooses.jpg
A25: Q42306892 | B25: Pieter Génard | C25: Person | D25: mannelijk | E25: 1830 | F25: Antwerpen | G25: =IFERROR(VLOOKUP(B25,RawQ1!B:F,5,TRUE), "geen foto beschikbaar") -> http://commons.wikimedia.org/wiki/Special:FilePath/PieterG%C3%A9nard.jpg
A26: Q113681935 | B26: Victor Alexis dela Montagne | C26: Person | D26: mannelijk | E26: 1854 | F26: Antwerpen | G26: =IFERROR(VLOOKUP(B26,RawQ1!B:F,5,TRUE), "geen foto beschikbaar") -> http://commons.wikimedia.org/wiki/Special:FilePath/Victor%20De%20la%20Montagne.png
A27: Q2658862 | B27: Auguste Reynaert | C27: Person | D27: mannelijk | E27: 1833 | F27: Anzegem | G27: =IFERROR(VLOOKUP(B27,RawQ1!B:F,5,TRUE), "geen foto beschikbaar") -> http://commons.wikimedia.org/wiki/Special:FilePath/Kortrijk%20Astridpark-11.JPG
A28: Q116687356 | B28: Leonardus Lootens | C28: Person | D28: mannelijk | E28: 1858 | F28: Anzegem | G28: Geen foto beschikbaar
A29: Q2770967 | B29: Eugenie Marie Delbaere | C29: Person | D29: vrouwelijk | E29: 1854 | F29: Ardooie | G29: Geen foto beschikbaar
A30: Q114945031 | B30: Leonie Sophie Marie De Ketelaere | C30: Person | D30: vrouwelijk | E30: 1850 | F30: Assebroek | G30: Geen foto beschikbaar
A31: Q2754460 | B31: Pieter Raoux | C31: Person | D31: mannelijk | E31: 1845 | F31: Assebroek | G31: Geen foto beschikbaar
A32: Q5026719 | B32: Camille Lateur | C32: Person | D32: mannelijk | E32: 1841 | F32: Avelgem | G32: Geen foto beschikbaar
A33: Q2087117 | B33: Raymond Muyldermans | C33: Person | D33: mannelijk | E33: 1864 | F33: Balen | G33: Geen foto beschikbaar
A34: Q21549953 | B34: Joaquim Rubió i Ors | C34: Person | D34: mannelijk | E34: 1818 | F34: Barcelona | G34: =IFERROR(VLOOKUP(B34,RawQ1!B:F,5,TRUE), "geen foto beschikbaar") -> http://commons.wikimedia.org/wiki/Special:FilePath/Rubio%20i%20ors.jpg
A35: Q123689972 | B35: Camiel-Hector Marichal | C35: Person | D35: mannelijk | E35: 1860 | F35: Beernem | G35: Geen foto beschikbaar
A36: Q56174577 | B36: Catherine O'Farrell | C36: Person | D36: vrouwelijk | E36: 1869 | F36: Belfast | G36: Geen foto beschikbaar
A37: Q116689485 | B37: Élie Henri Marie Félix de Coussemaker | C37: Person | D37: mannelijk | E37: 1845 | F37: Belle | G37: Geen foto beschikbaar
A38: Q15461013 | B38: François Auguste Van Costenoble | C38: Person | D38: mannelijk | E38: 1821 | F38: Belle | G38: Geen foto beschikbaar
A39: Q115827506 | B39: Ignace de Coussemaker | C39: Person | D39: mannelijk | E39: 1842 | F39: Belle | G39: Geen foto beschikbaar
A40: Q117244395 | B40: René-François Flahault | C40: Person | D40: mannelijk | E40: 1838 | F40: Belle | G40: Geen foto beschikbaar
A41: Q76019711 | B41: Johannes Franck | C41: Person | D41: mannelijk | E41: 1854 | F41: Bendorf | G41: Geen foto beschikbaar
A42: Q43140929 | B42: Adolf Pauwels | C42: Person | D42: mannelijk | E42: 1864 | F42: Berchem | G42: Geen foto beschikbaar
A43: Q131928133 | B43: P. F. Van De Meulebroucke | C43: Person | D43: mannelijk | E43: 1823 | F43: Berchem | G43: Geen foto beschikbaar
A44: Q115819139 | B44: Paul Kiroul | C44: Person | D44: mannelijk | E44: 1873 | F44: Berchem | G44: Geen foto beschikbaar
A45: Q354052 | B45: Jean Joseph Loiseaux | C45: Person | D45: mannelijk | E45: 1815 | F45: Bergen | G45: Geen foto beschikbaar
A46: Q115818168 | B46: August Cuppens | C46: Person | D46: mannelijk | E46: 1862 | F46: Beringen | G46: Geen foto beschikbaar
... A50: Q115982548 | B50: Isidoor Hemeryck | C50: Person | D50: mannelijk | E50: 1843 | F50: Beveren | G50: Geen foto beschikbaar
A51: Q123050504 | B51: Leonard Lodewijk De Bo | C51: Person | D51: mannelijk | E51: 1826 | F51: Beveren | G51: =IFERROR(VLOOKUP(B51,RawQ1!B:F,5,TRUE), "geen foto beschikbaar") -> http://commons.wikimedia.org/wiki/Special:FilePath/Leonard%20Lodewijk%20De%20Bo.jpg
A52: Q122790642 | B52: Maria De Bo | C52: Person | D52: vrouwelijk | E52: 1828 | F52: Beveren | G52: Geen foto beschikbaar
A53: Q125544971 | B53: Victor Van Coillie | C53: Person | D53: mannelijk | E53: 1838 | F53: Beveren | G53: Geen foto beschikbaar
A54: Q118555164 | B54: Katherine Wharton | C54: Person | D54: vrouwelijk | E54: 1853 | F54: Beverley | G54: Geen foto beschikbaar
A55: Q1978131 | B55: Henri Van De Wattyne | C55: Person | D55: mannelijk | E55: 1859 | F55: Biervliet | G55: Geen foto beschikbaar
A56: Q118644563 | B56: Virginie Nyffels | C56: Person | D56: vrouwelijk | E56: 1825 | F56: Bissegem | G56: Geen foto beschikbaar
A57: Q116508674 | B57: Robert John Stanislaw Edmonstone | C57: Person | D57: mannelijk | E57: 1844 | F57: Blackburn | G57: Geen foto beschikbaar
A58: Q119794240 | B58: Heinrich Hubert Schmitz | C58: Person | D58: mannelijk | E58: 1835 | F58: Bonn | G58: Geen foto beschikbaar
A59: Q3166510 | B59: Joannes Spillemaeckers | C59: Person | D59: mannelijk | E59: 1857 | F59: Boom | G59: Geen foto beschikbaar
A60: Q117246781 | B60: Louisa Maria Anna Verdbois | C60: Person | D60: vrouwelijk | E60: 1846 | F60: Bouillon | G60: Geen foto beschikbaar
A61: Q115844249 | B61: Richard Andree | C61: Person | D61: mannelijk | E61: 1835 | F61: Braunschweig | G61: =IFERROR(VLOOKUP(B61,RawQ1!B:F,5,TRUE), "geen foto beschikbaar") -> http://commons.wikimedia.org/wiki/Special:FilePath/%D0%A0%D0%B8%D1%85%D0%B0%D1%80%D0%B4%20%D0%90%D0%BD%D0%B4%D1%80%D0%B5.jpg
A62: Q115980136 | B62: Jemima Stroud | C62: Person | D62: vrouwelijk | E62: 1812 | F62: Brentford | G62: Geen foto beschikbaar
A63: Q122780659 | B63: Mary Ann F. Andrewes | C63: Person | D63: vrouwelijk | E63: 1812 | F63: Brentford | G63: Geen foto beschikbaar
A64: Q116688354 | B64: Lucy Weguelin | C64: Person | D64: vrouwelijk | E64: 1839 | F64: Brighton | G64: Geen foto beschikbaar
A65: Q119006339 | B65: Robert Coffin | C65: Person | D65: mannelijk | E65: 1819 | F65: Brighton | G65: Geen foto beschikbaar
A66: Q121002664 | B66: Joseph Cox Algar | C66: Person | D66: mannelijk | E66: 1819 | F66: Bristol | G66: Geen foto beschikbaar
A67: Q116621328 | B67: Mary Catherine Cole | C67: Person | D67: vrouwelijk | E67: 1858 | F67: Bristol | G67: Geen foto beschikbaar
A68: Q119701807 | B68: John Joseph Peter Ross | C68: Person | D68: mannelijk | E68: 1800 | F68: Brompton | G68: Geen foto beschikbaar
A69: Q113754119 | B69: Adolf De Wolf | C69: Person | D69: mannelijk | E69: 1844 | F69: Brugge | G69: Geen foto beschikbaar
A70: Q2524668 | B70: Adolf Duclos | C70: Person | D70: mannelijk | E70: 1841 | F70: Brugge | G70: =IFERROR(VLOOKUP(B70,RawQ1!B:F,5,TRUE), "geen foto beschikbaar") -> http://commons.wikimedia.org/wiki/Special:FilePath/Adolf%20Duclos001.jpg
A71: Q4722117 | B71: Adolf Lootens | C71: Person | D71: mannelijk | E71: 1835 | F71: Brugge | G71: Geen foto beschikbaar
A72: Q118142378 | B72: Alfons Algoet | C72: Person | D72: mannelijk | E72: 1847 | F72: Brugge | G72: Geen foto beschikbaar
A73: Q2298746 | B73: Aloïs Van de Pitte | C73: Person | D73: mannelijk | E73: 1859 | F73: Brugge | G73: Geen foto beschikbaar
A74: Q11071766 | B74: Alphonse De Leyn | C74: Person | D74: mannelijk | E74: 1839 | F74: Brugge | G74: Geen foto beschikbaar
A75: Q62117109 | B75: Antoine Wemaer | C75: Person | D75: mannelijk | E75: 1812 | F75: Brugge | G75: Geen foto beschikbaar
A76: Q120999304 | B76: Auguste Reyns | C76: Person | D76: mannelijk | E76: 1849 | F76: Brugge | G76: Geen foto beschikbaar
A77: Q115825488 | B77: Auguste Van Speybrouck | C77: Person | D77: mannelijk | E77: 1843 | F77: Brugge | G77: Geen foto beschikbaar
A78: Q115840920 | B78: Augustinus De Geetere | C78: Person | D78: mannelijk | E78: 1839 | F78: Brugge | G78: Geen foto beschikbaar
A79: Q115829623 | B79: Bernard Joseph Weale | C79: Person | D79: mannelijk | E79: 1865 | F79: Brugge | G79: Geen foto beschikbaar
A80: Q117409336 | B80: Caesar Gezelle | C80: Person | D80: mannelijk | E80: 1875 | F80: Brugge | G80: Geen foto beschikbaar
A81: Q122974430 | B81: Charles Gillès de Pelichy | C81: Person | D81: mannelijk | E81: 1872 | F81: Brugge | G81: Geen foto beschikbaar
A82: Q55233295 | B82: Charles Joseph Vercauteren | C82: Person | D82: mannelijk | E82: 1806 | F82: Brugge | G82: Geen foto beschikbaar
A83: Q1149378 | B83: Charles van Caloen | C83: Person | D83: mannelijk | E83: 1815 | F83: Brugge | G83: =IFERROR(VLOOKUP(B83,RawQ1!B:F,5,TRUE), "geen foto beschikbaar") -> http://commons.wikimedia.org/wiki/Special:FilePath/PM%20161806%20B%20Loppem%20%28Charles%20van%20Caloen%29.jpg
A84: Q115834834 | B84: Cyril James Weale | C84: Person | D84: mannelijk | E84: 1857 | F84: Brugge | G84: Geen foto beschikbaar
A85: Q55911879 | B85: Denis Auguste Julien Roger | C85: Person | D85: mannelijk | E85: 1866 | F85: Brugge | G85: Geen foto beschikbaar
A86: Q122903342 | B86: Dymphna Gezelle | C86: Person | D86: vrouwelijk | E86: 1873 | F86: Brugge | G86: =IFERROR(VLOOKUP(B86,RawQ1!B:F,5,TRUE), "geen foto beschikbaar") -> http://commons.wikimedia.org/wiki/Special:FilePath/Foto%20Dymphna%20Gezelle%20%282%29.jpg
A87: Q115836962 | B87: Edmond De Plancke | C87: Person | D87: mannelijk | E87: 1842 | F87: Brugge | G87: Geen foto beschikbaar
A88: Q110039219 | B88: Edward Gailliard | C88: Person | D88: mannelijk | E88: 1841 | F88: Brugge | G88: Geen foto beschikbaar
A89: Q115808465 | B89: Emile Florimond Herman Van Biervliet | C89: Person | D89: mannelijk | E89: 1851 | F89: Brugge | G89: Geen foto beschikbaar
A90: Q1334711 | B90: Emilie van Outryve d'Ydewalle | C90: Person | D90: vrouwelijk | E90: 1826 | F90: Brugge | G90: Geen foto beschikbaar
A91: Q120556695 | B91: Ernestine Francisca Marie Van Langermeersch | C91: Person | D91: vrouwelijk | E91: 1853 | F91: Brugge | G91: Geen foto beschikbaar
A92: Q116621789 | B92: Eugeen-Karel Van Steenkiste | C92: Person | D92: mannelijk | E92: 1841 | F92: Brugge | G92: Geen foto beschikbaar
A93: Q122964092 | B93: Florence Gezelle | C93: Person | D93: vrouwelijk | E93: 1847 | F93: Brugge | G93: =IFERROR(VLOOKUP(B93,RawQ1!B:F,5,TRUE), "geen foto beschikbaar") -> http://commons.wikimedia.org/wiki/Special:FilePath/Foto%20van%20Florence%20Gezelle.jpg
A94: Q15956 | B94: François De Brouwer | C94: Person | D94: mannelijk | E94: 1846 | F94: Brugge | G94: Geen foto beschikbaar
A95: Q121078001 | B95: François Van den Abeele | C95: Person | D95: mannelijk | E95: 1824 | F95: Brugge | G95: Geen foto beschikbaar
A96: Q125541827 | B96: Gustave Delescluze | C96: Person | D96: mannelijk | E96: 1842 | F96: Brugge | G96: Geen foto beschikbaar
A97: Q115840173 | B97: Hendrik Pickery | C97: Person | D97: mannelijk | E97: 1828 | F97: Brugge | G97: =IFERROR(VLOOKUP(B97,RawQ1!B:F,5,TRUE), "geen foto beschikbaar") -> http://commons.wikimedia.org/wiki/Special:FilePath/Hendrik%20Pickery%20gedenkteken%20R03.jpg
A98: Q129069726 | B98: Hortense Gezelle | C98: Person | D98: vrouwelijk | E98: 1866 | F98: Brugge | G98: =IFERROR(VLOOKUP(B98,RawQ1!B:F,5,TRUE), "geen foto beschikbaar") -> http://commons.wikimedia.org/wiki/Special:FilePath/Foto%20van%20Hortense%20Gezelle.jpg
A99: Q116508494 | B99: Jean-Baptiste de Bethune jr. | C99: Person | D99: mannelijk | E99: 1853 | F99: Brugge | G99: Geen foto beschikbaar
A100: Q120733873 | B100: Johan De Stoop | C100: Person | D100: mannelijk | E100: 1824 | F100: Brugge | G100: Geen foto beschikbaar
A101: Q61506427 | B101: Joseph Axters | C101: Person | D101: mannelijk | E101: 1850 | F101: Brugge | G101: Geen foto beschikbaar
A102: Q1707941 | B102: Joseph Gezelle | C102: Person | D102: mannelijk | E102: 1840 | F102: Brugge | G102: Geen foto beschikbaar
A103: Q115811334 | B103: Joseph Herreboudt | C103: Person | D103: mannelijk | E103: 1841 | F103: Brugge | G103: Geen foto beschikbaar
...

Sheet Edges
A1: Source | B1: Target | C1: Label | D1: Type | E1: Weight | F1: Relationship Type
A2: Q101627274 | B2: Q110039191 | C2: heeft als correspondent | D2: Directed | E2: 1 | F2: heeft als correspondent
A3: Q2546317 | B3: Q3515115 | C3: heeft als correspondent | D3: Directed | E3: 1 | F3: heeft als correspondent
A4: Q110039361 | B4: Q2675588 | C4: heeft als correspondent | D4: Directed | E4: 1 | F4: heeft als correspondent
A5: Q110039159 | B5: Q15461013 | C5: heeft als correspondent | D5: Directed | E5: 1 | F5: heeft als correspondent
A6: Q17428533 | B6: Q3166510 | C6: heeft als correspondent | D6: Directed | E6: 1 | F6: heeft als correspondent
A7: Q115834834 | B7: Q2779054 | C7: heeft als correspondent | D7: Directed | E7: 1 | F7: heeft als correspondent
A8: Q115831509 | B8: Q20902162 | C8: heeft als correspondent | D8: Directed | E8: 1 | F8: heeft als correspondent
A9: Q113466955 | B9: Q3032807 | C9: heeft als correspondent | D9: Directed | E9: 1 | F9: heeft als correspondent
A10: Q115817263 | B10: Q115818849 | C10: heeft als correspondent | D10: Directed | E10: 1 | F10: heeft als correspondent
A11: Q115831509 | B11: Q120552708 | C11: heeft als correspondent | D11: Directed | E11: 1 | F11: heeft als correspondent
A12: Q115831509 | B12: Q123689724 | C12: heeft als correspondent | D12: Directed | E12: 1 | F12: heeft als correspondent
A13: Q113466955 | B13: Q118151362 | C13: heeft als correspondent | D13: Directed | E13: 1 | F13: heeft als correspondent
... A359: Q118732528 | B359: Q118732552 | C359: Partner | D359: Directed | E359: 1 | F359: familieverband
