Workbook

Sheet RawQ1AV1
A1: person | B1: personLabel | C1: relatieItemLabel | D1: richting | E1: wikidataLink | F1: wikipediaLink | G1: commonsLink | H1: image | I1: bioPortaalLink | J1: viafLink
A2: http://www.wikidata.org/entity/Q115818424 | B2: Achiel Piepers | C2: relevant persoon | D2: Guido naar Persoon | E2: https://www.wikidata.org/wiki/Q115818424
A3: http://www.wikidata.org/entity/Q119013873 | B3: Achiel Van de Putte | C3: relevant persoon | D3: Guido naar Persoon | E3: https://www.wikidata.org/wiki/Q119013873
A4: http://www.wikidata.org/entity/Q119217729 | B4: Achille Croquison | C4: relevant persoon | D4: Guido naar Persoon | E4: https://www.wikidata.org/wiki/Q119217729
A5: http://www.wikidata.org/entity/Q115834468 | B5: Achilles Bohyn | C5: relevant persoon | D5: Guido naar Persoon | E5: https://www.wikidata.org/wiki/Q115834468
A6: http://www.wikidata.org/entity/Q123417058 | B6: Adela Pauline Courtens | C6: relevant persoon | D6: Guido naar Persoon | E6: https://www.wikidata.org/wiki/Q123417058
A7: http://www.wikidata.org/entity/Q125306156 | B7: Adelaida Antonia Vuylsteke | C7: relevant persoon | D7: Guido naar Persoon | E7: https://www.wikidata.org/wiki/Q125306156
A8: http://www.wikidata.org/entity/Q113754119 | B8: Adolf De Wolf | C8: relevant persoon | D8: Guido naar Persoon | E8: https://www.wikidata.org/wiki/Q113754119 | F8: https://nl.wikipedia.org/wiki/Adolf_De_Wolf
A9: http://www.wikidata.org/entity/Q113754119 | B9: Adolf De Wolf | C9: student | D9: Guido naar Persoon | E9: https://www.wikidata.org/wiki/Q113754119 | F9: https://nl.wikipedia.org/wiki/Adolf_De_Wolf
A10: http://www.wikidata.org/entity/Q2524668 | B10: Adolf Duclos | C10: relevant persoon | D10: Guido naar Persoon | E10: https://www.wikidata.org/wiki/Q2524668 | F10: https://nl.wikipedia.org/wiki/Adolf_Duclos | G10: https://commons.wikimedia.org/wiki/Category:Adolf Duclos | H10: http://commons.wikimedia.org/wiki/Special:FilePath/Adolf%20Duclos001.jpg | J10: https://viaf.org/viaf/89293479
A11: http://www.wikidata.org/entity/Q4722117 | B11: Adolf Lootens | C11: relevant persoon | D11: Guido naar Persoon | E11: https://www.wikidata.org/wiki/Q4722117 | F11: https://nl.wikipedia.org/wiki/Adolf_Lootens | J11: https://viaf.org/viaf/281835917
A12: http://www.wikidata.org/entity/Q43140929 | B12: Adolf Pauwels | C12: relevant persoon | D12: Guido naar Persoon | E12: https://www.wikidata.org/wiki/Q43140929 | J12: https://viaf.org/viaf/27812240
A13: http://www.wikidata.org/entity/Q100534520 | B13: Adolf Verriest | C13: relevant persoon | D13: Guido naar Persoon | E13: https://www.wikidata.org/wiki/Q100534520 | F13: https://nl.wikipedia.org/wiki/Adolf_Verriest | H13: http://commons.wikimedia.org/wiki/Special:FilePath/Adolf%20Karel%20vader%20Petrus%20moeder%20Carolina%20Verriest%20in%201861.jpg
A14: http://www.wikidata.org/entity/Q5580544 | B14: Adrianus Bogaers | C14: relevant persoon | D14: Guido naar Persoon | E14: https://www.wikidata.org/wiki/Q5580544 | G14: https://commons.wikimedia.org/wiki/Category:Adrianus Bogaers | H14: http://commons.wikimedia.org/wiki/Special:FilePath/Adrianus%20Bogaers.jpg | J14: https://viaf.org/viaf/282197539
A15: http://www.wikidata.org/entity/Q136793932 | B15: Adèle Serweytens | C15: relevant persoon | D15: Guido naar Persoon | E15: https://www.wikidata.org/wiki/Q136793932
A16: http://www.wikidata.org/entity/Q123051567 | B16: Agnes Cecilia Young | C16: relevant persoon | D16: Guido naar Persoon | E16: https://www.wikidata.org/wiki/Q123051567
A17: http://www.wikidata.org/entity/Q115814290 | B17: Aimé Erneste Marie Dierick | C17: relevant persoon | D17: Guido naar Persoon | E17: https://www.wikidata.org/wiki/Q115814290
A18: http://www.wikidata.org/entity/Q115834690 | B18: Aimé Lagae | C18: relevant persoon | D18: Guido naar Persoon | E18: https://www.wikidata.org/wiki/Q115834690
A19: http://www.wikidata.org/entity/Q15627098 | B19: Albany James Christie | C19: relevant persoon | D19: Guido naar Persoon | E19: https://www.wikidata.org/wiki/Q15627098 | J19: https://viaf.org/viaf/199151458
A20: http://www.wikidata.org/entity/Q118772822 | B20: Albert Aimé Marie Vandewalle | C20: relevant persoon | D20: Guido naar Persoon | E20: https://www.wikidata.org/wiki/Q118772822
A21: http://www.wikidata.org/entity/Q586323 | B21: Albert Verwey | C21: relevant persoon | D21: Guido naar Persoon | E21: https://www.wikidata.org/wiki/Q586323 | F21: https://nl.wikipedia.org/wiki/Albert_Verwey | G21: https://commons.wikimedia.org/wiki/Category:Albert Verwey | H21: http://commons.wikimedia.org/wiki/Special:FilePath/Portret%20van%20Albert%20Verwey%20Rijksmuseum%20SK-C-1680.jpeg | J21: https://viaf.org/viaf/49275816
A22: http://www.wikidata.org/entity/Q2129415 | B22: Albéric Goethals | C22: relevant persoon | D22: Guido naar Persoon | E22: https://www.wikidata.org/wiki/Q2129415 | F22: https://nl.wikipedia.org/wiki/Alb%C3%A9ric_Goethals
A23: http://www.wikidata.org/entity/Q115811921 | B23: Alexandre Berghman | C23: relevant persoon | D23: Guido naar Persoon | E23: https://www.wikidata.org/wiki/Q115811921
A24: http://www.wikidata.org/entity/Q56036018 | B24: Alexandre Bonvarlet | C24: relevant persoon | D24: Guido naar Persoon | E24: https://www.wikidata.org/wiki/Q56036018 | G24: https://commons.wikimedia.org/wiki/Category:Alexandre Bonvarlet | H24: http://commons.wikimedia.org/wiki/Special:FilePath/Alexandre%20Bonvarlet%20by%20Michel%20Berthaud.jpg | J24: https://viaf.org/viaf/7516908
A25: http://www.wikidata.org/entity/Q125490771 | B25: Alexandre Marie Ghislain Gillès de Pélichy | C25: relevant persoon | D25: Guido naar Persoon | E25: https://www.wikidata.org/wiki/Q125490771 | J25: https://viaf.org/viaf/192623448
A26: http://www.wikidata.org/entity/Q2332586 | B26: Alexis De Carne | C26: relevant persoon | D26: Guido naar Persoon | E26: https://www.wikidata.org/wiki/Q2332586 | F26: https://nl.wikipedia.org/wiki/Alexis_De_Carne
A27: http://www.wikidata.org/entity/Q119729450 | B27: Alfons Algoet | C27: relevant persoon | D27: Guido naar Persoon | E27: https://www.wikidata.org/wiki/Q119729450
A28: http://www.wikidata.org/entity/Q118142378 | B28: Alfons Bouckaert | C28: relevant persoon | D28: Guido naar Persoon | E28: https://www.wikidata.org/wiki/Q118142378
A29: http://www.wikidata.org/entity/Q110039191 | B29: Alfons Dassonville | C29: relevant persoon | D29: Guido naar Persoon | E29: https://www.wikidata.org/wiki/Q110039191
A30: http://www.wikidata.org/entity/Q2100582 | B30: Alfons De Cock | C30: relevant persoon | D30: Guido naar Persoon | E30: https://www.wikidata.org/wiki/Q2100582 | F30: https://nl.wikipedia.org/wiki/Alfons_de_Cock | G30: https://commons.wikimedia.org/wiki/Category:Alfons De Cock | H30: http://commons.wikimedia.org/wiki/Special:FilePath/Alfons%20de%20Cock%2C%20PA05233.jpg | J30: https://viaf.org/viaf/34816409
A31: http://www.wikidata.org/entity/Q2638823 | B31: Alfons Janssens | C31: relevant persoon | D31: Guido naar Persoon | E31: https://www.wikidata.org/wiki/Q2638823 | F31: https://nl.wikipedia.org/wiki/Alfons_Janssens_(politicus) | G31: https://commons.wikimedia.org/wiki/Category:Alfons Janssens | H31: http://commons.wikimedia.org/wiki/Special:FilePath/Alfons%20Janssens.jpg
A32: http://www.wikidata.org/entity/Q56036059 | B32: Alfons Maria Napoleon Prayon-van Zuylen van Nyevelt | C32: relevant persoon | D32: Guido naar Persoon | E32: https://www.wikidata.org/wiki/Q56036059 | J32: https://viaf.org/viaf/89687993
A33: http://www.wikidata.org/entity/Q2675588 | B33: Alfons Mervillie | C33: relevant persoon | D33: Guido naar Persoon | E33: https://www.wikidata.org/wiki/Q2675588 | F33: https://nl.wikipedia.org/wiki/Alfons_Mervillie | G33: https://commons.wikimedia.org/wiki/Category:Alfons Mervillie | J33: https://viaf.org/viaf/306134590
A34: http://www.wikidata.org/entity/Q2539969 | B34: Alfons Siffer | C34: relevant persoon | D34: Guido naar Persoon | E34: https://www.wikidata.org/wiki/Q2539969 | F34: https://nl.wikipedia.org/wiki/Alfons_Siffer | H34: http://commons.wikimedia.org/wiki/Special:FilePath/Alfons%20Siffer%201850-1941.jpg | J34: https://viaf.org/viaf/193449593
A35: http://www.wikidata.org/entity/Q119621396 | B35: Alfons Steinmetz | C35: relevant persoon | D35: Guido naar Persoon | E35: https://www.wikidata.org/wiki/Q119621396
A36: http://www.wikidata.org/entity/Q120973166 | B36: Alfons Van Doorne | C36: relevant persoon | D36: Guido naar Persoon | E36: https://www.wikidata.org/wiki/Q120973166
A37: http://www.wikidata.org/entity/Q2050293 | B37: Alfons Van Hee | C37: relevant persoon | D37: Guido naar Persoon | E37: https://www.wikidata.org/wiki/Q2050293 | F37: https://nl.wikipedia.org/wiki/Alfons_Van_Hee
A38: http://www.wikidata.org/entity/Q26845752 | B38: Alfred Guichon de Grandpont | C38: relevant persoon | D38: Guido naar Persoon | E38: https://www.wikidata.org/wiki/Q26845752 | J38: https://viaf.org/viaf/88981493
A39: http://www.wikidata.org/entity/Q115820635 | B39: Alfred Neut | C39: relevant persoon | D39: Guido naar Persoon | E39: https://www.wikidata.org/wiki/Q115820635
A40: http://www.wikidata.org/entity/Q115815697 | B40: Aloysius De Visschere | C40: relevant persoon | D40: Guido naar Persoon | E40: https://www.wikidata.org/wiki/Q115815697
A41: http://www.wikidata.org/entity/Q115833316 | B41: Aloysius Farasyn | C41: relevant persoon | D41: Guido naar Persoon | E41: https://www.wikidata.org/wiki/Q115833316
A42: http://www.wikidata.org/entity/Q115979418 | B42: Aloysius Vandemaele | C42: relevant persoon | D42: Guido naar Persoon | E42: https://www.wikidata.org/wiki/Q115979418
A43: http://www.wikidata.org/entity/Q115979418 | B43: Aloysius Vandemaele | C43: student | D43: Guido naar Persoon | E43: https://www.wikidata.org/wiki/Q115979418
A44: http://www.wikidata.org/entity/Q115821483 | B44: Aloïs Baelen | C44: relevant persoon | D44: Guido naar Persoon | E44: https://www.wikidata.org/wiki/Q115821483
A45: http://www.wikidata.org/entity/Q2580620 | B45: Aloïs Nelis | C45: relevant persoon | D45: Guido naar Persoon | E45: https://www.wikidata.org/wiki/Q2580620 | F45: https://nl.wikipedia.org/wiki/Alo%C3%AFs_Nelis
A46: http://www.wikidata.org/entity/Q119013806 | B46: Aloïs Van de Pitte | C46: relevant persoon | D46: Guido naar Persoon | E46: https://www.wikidata.org/wiki/Q119013806
A47: http://www.wikidata.org/entity/Q2298746 | B47: Aloïs Walgrave | C47: relevant persoon | D47: Guido naar Persoon | E47: https://www.wikidata.org/wiki/Q2298746 | F47: https://nl.wikipedia.org/wiki/Alo%C3%AFs_Walgrave | G47: https://commons.wikimedia.org/wiki/Category:Aloïs Walgrave | J47: https://viaf.org/viaf/61918346
A48: http://www.wikidata.org/entity/Q2450554 | B48: Alphonse De Leyn | C48: relevant persoon | D48: Guido naar Persoon | E48: https://www.wikidata.org/wiki/Q2450554 | F48: https://nl.wikipedia.org/wiki/Alphonse_De_Leyn | J48: https://viaf.org/viaf/4993145857103622920901
A49: http://www.wikidata.org/entity/Q136793801 | B49: Alphonse Marie Joseph Ghislain Antoine Maus | C49: relevant persoon | D49: Guido naar Persoon | E49: https://www.wikidata.org/wiki/Q136793801
A50: http://www.wikidata.org/entity/Q11071766 | B50: Alphonse de Voss | C50: relevant persoon | D50: Guido naar Persoon | E50: https://www.wikidata.org/wiki/Q11071766
A51: http://www.wikidata.org/entity/Q11071766 | B51: Alphonse de Voss | C51: student | D51: Guido naar Persoon | E51: https://www.wikidata.org/wiki/Q11071766
A52: http://www.wikidata.org/entity/Q2099446 | B52: Amaat Joos | C52: relevant persoon | D52: Guido naar Persoon | E52: https://www.wikidata.org/wiki/Q2099446 | F52: https://nl.wikipedia.org/wiki/Amaat_Joos | H52: http://commons.wikimedia.org/wiki/Special:FilePath/Amaat%20Joos.jpg | J52: https://viaf.org/viaf/290811985
A53: http://www.wikidata.org/entity/Q3421496 | B53: Amaat Vyncke | C53: relevant persoon | D53: Guido naar Persoon | E53: https://www.wikidata.org/wiki/Q3421496 | F53: https://nl.wikipedia.org/wiki/Amaat_Vyncke | G53: https://commons.wikimedia.org/wiki/Category:Amaat Vyncke | H53: http://commons.wikimedia.org/wiki/Special:FilePath/Amaat%20Vyncke.jpg | J53: https://viaf.org/viaf/286791405
A54: http://www.wikidata.org/entity/Q970036 | B54: Amand Neut | C54: relevant persoon | D54: Guido naar Persoon | E54: https://www.wikidata.org/wiki/Q970036
A55: http://www.wikidata.org/entity/Q2481707 | B55: Amand de Vos | C55: relevant persoon | D55: Guido naar Persoon | E55: https://www.wikidata.org/wiki/Q2481707 | F55: https://nl.wikipedia.org/wiki/Amand_de_Vos | H55: http://commons.wikimedia.org/wiki/Special:FilePath/Wazenaar%20Amand%20de%20Vos.jpg | J55: https://viaf.org/viaf/74219351
A56: http://www.wikidata.org/entity/Q2481707 | B56: Amand de Vos | C56: relevant persoon | D56: Guido naar Persoon | E56: https://www.wikidata.org/wiki/Q2481707 | F56: https://nl.wikipedia.org/wiki/Amand_de_Vos | H56: http://commons.wikimedia.org/wiki/Special:FilePath/Wazenaar%20Amand%20de%20Vos.jpg | J56: https://viaf.org/viaf/286212977
A57: http://www.wikidata.org/entity/Q136750770 | B57: Amandus Cornelius Dequidt | C57: relevant persoon | D57: Guido naar Persoon | E57: https://www.wikidata.org/wiki/Q136750770
A58: http://www.wikidata.org/entity/Q115811033 | B58: Amandus Dambre | C58: student | D58: Guido naar Persoon | E58: https://www.wikidata.org/wiki/Q115811033
A59: http://www.wikidata.org/entity/Q115831039 | B59: Amandus Devloo | C59: relevant persoon | D59: Guido naar Persoon | E59: https://www.wikidata.org/wiki/Q115831039
A60: http://www.wikidata.org/entity/Q119349594 | B60: Amelia De Vriese | C60: familielid | D60: Guido naar Persoon | E60: https://www.wikidata.org/wiki/Q119349594
A61: http://www.wikidata.org/entity/Q131923924 | B61: Amélie Emérentine Joseph Mullier | C61: relevant persoon | D61: Guido naar Persoon | E61: https://www.wikidata.org/wiki/Q131923924
A62: http://www.wikidata.org/entity/Q122831276 | B62: Amélie Frère | C62: relevant persoon | D62: Guido naar Persoon | E62: https://www.wikidata.org/wiki/Q122831276
A63: http://www.wikidata.org/entity/Q119039774 | B63: Andries J. Winkler | C63: relevant persoon | D63: Guido naar Persoon | E63: https://www.wikidata.org/wiki/Q119039774
A64: http://www.wikidata.org/entity/Q13429634 | B64: Angelus August Eugeen Angillis | C64: relevant persoon | D64: Guido naar Persoon | E64: https://www.wikidata.org/wiki/Q13429634 | F64: https://nl.wikipedia.org/wiki/Angelus_August_Eugeen_Angillis | J64: https://viaf.org/viaf/289004073
A65: http://www.wikidata.org/entity/Q115842281 | B65: Angelus Dumelie | C65: relevant persoon | D65: Guido naar Persoon | E65: https://www.wikidata.org/wiki/Q115842281
A66: http://www.wikidata.org/entity/Q123050649 | B66: Ann Jordan | C66: relevant persoon | D66: Guido naar Persoon | E66: https://www.wikidata.org/wiki/Q123050649
A67: http://www.wikidata.org/entity/Q129255433 | B67: Ann Mary Eyre | C67: relevant persoon | D67: Guido naar Persoon | E67: https://www.wikidata.org/wiki/Q129255433
A68: http://www.wikidata.org/entity/Q116656531 | B68: Anna Demets | C68: relevant persoon | D68: Guido naar Persoon | E68: https://www.wikidata.org/wiki/Q116656531 | F68: https://nl.wikipedia.org/wiki/Anna_Demets | H68: http://commons.wikimedia.org/wiki/Special:FilePath/Portretfoto%20Anna%20Demets.jpg
A69: http://www.wikidata.org/entity/Q119261055 | B69: Anna Theresia Morice | C69: familielid | D69: Guido naar Persoon | E69: https://www.wikidata.org/wiki/Q119261055
A70: http://www.wikidata.org/entity/Q116508558 | B70: Anne Hill | C70: relevant persoon | D70: Guido naar Persoon | E70: https://www.wikidata.org/wiki/Q116508558
A71: http://www.wikidata.org/entity/Q115830433 | B71: Antoine Wemaer | C71: relevant persoon | D71: Guido naar Persoon | E71: https://www.wikidata.org/wiki/Q115830433 | F71: https://nl.wikipedia.org/wiki/Antoon_Wemaer
A72: http://www.wikidata.org/entity/Q2360599 | B72: Antoon Jozef Witteryck | C72: relevant persoon | D72: Guido naar Persoon | E72: https://www.wikidata.org/wiki/Q2360599 | F72: https://nl.wikipedia.org/wiki/Antoon_Jozef_Witteryck | G72: https://commons.wikimedia.org/wiki/Category:Antoon Jozef Witteryck | H72: http://commons.wikimedia.org/wiki/Special:FilePath/Wytterick%2023.JPG | J72: https://viaf.org/viaf/10953367
A73: http://www.wikidata.org/entity/Q62117109 | B73: Antoon Verwaetermeulen | C73: relevant persoon | D73: Guido naar Persoon | E73: https://www.wikidata.org/wiki/Q62117109
A74: http://www.wikidata.org/entity/Q120897770 | B74: Armand Valcke | C74: relevant persoon | D74: Guido naar Persoon | E74: https://www.wikidata.org/wiki/Q120897770
A75: http://www.wikidata.org/entity/Q115979140 | B75: Arsenius Dehulster | C75: relevant persoon | D75: Guido naar Persoon | E75: https://www.wikidata.org/wiki/Q115979140
A76: http://www.wikidata.org/entity/Q3450211 | B76: Arthur De Schrevel | C76: relevant persoon | D76: Guido naar Persoon | E76: https://www.wikidata.org/wiki/Q3450211 | F76: https://nl.wikipedia.org/wiki/Arthur_De_Schrevel | J76: https://viaf.org/viaf/22517057
A77: http://www.wikidata.org/entity/Q122971839 | B77: Arthur Jean Botte | C77: relevant persoon | D77: Guido naar Persoon | E77: https://www.wikidata.org/wiki/Q122971839
A78: http://www.wikidata.org/entity/Q115818861 | B78: Arthur Lewylle | C78: relevant persoon | D78: Guido naar Persoon | E78: https://www.wikidata.org/wiki/Q115818861
A79: http://www.wikidata.org/entity/Q115834833 | B79: Arthur Maria Gustavus Florimond Plettinck | C79: relevant persoon | D79: Guido naar Persoon | E79: https://www.wikidata.org/wiki/Q115834833
A80: http://www.wikidata.org/entity/Q120164850 | B80: Arthur Robinson | C80: relevant persoon | D80: Guido naar Persoon | E80: https://www.wikidata.org/wiki/Q120164850
A81: http://www.wikidata.org/entity/Q115979812 | B81: August Busschaert | C81: relevant persoon | D81: Guido naar Persoon | E81: https://www.wikidata.org/wiki/Q115979812
A82: http://www.wikidata.org/entity/Q2215154 | B82: August Cuppens | C82: relevant persoon | D82: Guido naar Persoon | E82: https://www.wikidata.org/wiki/Q2215154 | F82: https://nl.wikipedia.org/wiki/August_Cuppens | J82: https://viaf.org/viaf/88731906
A83: http://www.wikidata.org/entity/Q120639934 | B83: August Delbaere | C83: relevant persoon | D83: Guido naar Persoon | E83: https://www.wikidata.org/wiki/Q120639934
A84: http://www.wikidata.org/entity/Q115818168 | B84: August Hoflack | C84: relevant persoon | D84: Guido naar Persoon | E84: https://www.wikidata.org/wiki/Q115818168
A85: http://www.wikidata.org/entity/Q115839088 | B85: August Laporta | C85: relevant persoon | D85: Guido naar Persoon | E85: https://www.wikidata.org/wiki/Q115839088
A86: http://www.wikidata.org/entity/Q119625085 | B86: August Selosse | C86: relevant persoon | D86: Guido naar Persoon | E86: https://www.wikidata.org/wiki/Q119625085
A87: http://www.wikidata.org/entity/Q764378 | B87: August Vermeylen | C87: relevant persoon | D87: Guido naar Persoon | E87: https://www.wikidata.org/wiki/Q764378 | F87: https://nl.wikipedia.org/wiki/August_Vermeylen | G87: https://commons.wikimedia.org/wiki/Category:August Vermeylen | H87: http://commons.wikimedia.org/wiki/Special:FilePath/AugustVermeylen2.jpg | J87: https://viaf.org/viaf/22946210
A88: http://www.wikidata.org/entity/Q125535110 | B88: August William McDonogh | C88: relevant persoon | D88: Guido naar Persoon | E88: https://www.wikidata.org/wiki/Q125535110
A89: http://www.wikidata.org/entity/Q122842403 | B89: Augusta Lewis Bampfield | C89: relevant persoon | D89: Guido naar Persoon | E89: https://www.wikidata.org/wiki/Q122842403
A90: http://www.wikidata.org/entity/Q117246862 | B90: Augusta Maria Mathildis Vyncke | C90: relevant persoon | D90: Guido naar Persoon | E90: https://www.wikidata.org/wiki/Q117246862
A91: http://www.wikidata.org/entity/Q2490990 | B91: Auguste Reynaert | C91: relevant persoon | D91: Guido naar Persoon | E91: https://www.wikidata.org/wiki/Q2490990 | F91: https://nl.wikipedia.org/wiki/Auguste_Reynaert | G91: https://commons.wikimedia.org/wiki/Category:August Reynaert | H91: http://commons.wikimedia.org/wiki/Special:FilePath/Kortrijk%20Astridpark-11.JPG | J91: https://viaf.org/viaf/11320755
A92: http://www.wikidata.org/entity/Q2658862 | B92: Auguste Van Speybrouck | C92: relevant persoon | D92: Guido naar Persoon | E92: https://www.wikidata.org/wiki/Q2658862 | F92: https://nl.wikipedia.org/wiki/Auguste_Van_Speybrouck | J92: https://viaf.org/viaf/280870592
A93: http://www.wikidata.org/entity/Q115813025 | B93: Auguste de Laage de Bellefaye | C93: relevant persoon | D93: Guido naar Persoon | E93: https://www.wikidata.org/wiki/Q115813025
A94: http://www.wikidata.org/entity/Q120999304 | B94: Augustijn Van Heuverswyn | C94: relevant persoon | D94: Guido naar Persoon | E94: https://www.wikidata.org/wiki/Q120999304
A95: http://www.wikidata.org/entity/Q115825488 | B95: Augustin Frutsaert | C95: relevant persoon | D95: Guido naar Persoon | E95: https://www.wikidata.org/wiki/Q115825488
A96: http://www.wikidata.org/entity/Q115844105 | B96: Augustin Van Becelaere | C96: relevant persoon | D96: Guido naar Persoon | E96: https://www.wikidata.org/wiki/Q115844105
A97: http://www.wikidata.org/entity/Q115979130 | B97: Augustinus De Geetere | C97: relevant persoon | D97: Guido naar Persoon | E97: https://www.wikidata.org/wiki/Q115979130
A98: http://www.wikidata.org/entity/Q115979130 | B98: Augustinus De Geetere | C98: student | D98: Guido naar Persoon | E98: https://www.wikidata.org/wiki/Q115979130
A99: http://www.wikidata.org/entity/Q115835531 | B99: Augustinus Ghequiere | C99: relevant persoon | D99: Guido naar Persoon | E99: https://www.wikidata.org/wiki/Q115835531
A100: http://www.wikidata.org/entity/Q115840920 | B100: Augustus Declerc | C100: relevant persoon | D100: Guido naar Persoon | E100: https://www.wikidata.org/wiki/Q115840920
...

Sheet RawQ1BV1
A1: person | B1: personLabel | C1: relatieItemLabel | D1: richting | E1: wikidataLink | F1: wikipediaLink | G1: commonsLink | H1: image | I1: bioPortaalLink | J1: viafLink
A2: http://www.wikidata.org/entity/Q115818424 | B2: Achiel Piepers | C2: relevant persoon | D2: Persoon naar Guido | E2: https://www.wikidata.org/wiki/Q115818424
A3: http://www.wikidata.org/entity/Q119013873 | B3: Achiel Van de Putte | C3: relevant persoon | D3: Persoon naar Guido | E3: https://www.wikidata.org/wiki/Q119013873
A4: http://www.wikidata.org/entity/Q119217729 | B4: Achille Croquison | C4: relevant persoon | D4: Persoon naar Guido | E4: https://www.wikidata.org/wiki/Q119217729
A5: http://www.wikidata.org/entity/Q113754119 | B5: Adolf De Wolf | C5: relevant persoon | D5: Persoon naar Guido | E5: https://www.wikidata.org/wiki/Q113754119 | F5: https://nl.wikipedia.org/wiki/Adolf_De_Wolf
A6: http://www.wikidata.org/entity/Q113754119 | B6: Adolf De Wolf | C6: student van | D6: Persoon naar Guido | E6: https://www.wikidata.org/wiki/Q113754119 | F6: https://nl.wikipedia.org/wiki/Adolf_De_Wolf
A7: http://www.wikidata.org/entity/Q2524668 | B7: Adolf Duclos | C7: relevant persoon | D7: Persoon naar Guido | E7: https://www.wikidata.org/wiki/Q2524668 | F7: https://nl.wikipedia.org/wiki/Adolf_Duclos | G7: https://commons.wikimedia.org/wiki/Category:Adolf Duclos | H7: http://commons.wikimedia.org/wiki/Special:FilePath/Adolf%20Duclos001.jpg | J7: https://viaf.org/viaf/89293479
A8: http://www.wikidata.org/entity/Q43140929 | B8: Adolf Pauwels | C8: relevant persoon | D8: Persoon naar Guido | E8: https://www.wikidata.org/wiki/Q43140929 | J8: https://viaf.org/viaf/27812240
A9: http://www.wikidata.org/entity/Q100534520 | B9: Adolf Verriest | C9: relevant persoon | D9: Persoon naar Guido | E9: https://www.wikidata.org/wiki/Q100534520 | F9: https://nl.wikipedia.org/wiki/Adolf_Verriest | H9: http://commons.wikimedia.org/wiki/Special:FilePath/Adolf%20Karel%20vader%20Petrus%20moeder%20Carolina%20Verriest%20in%201861.jpg
A10: http://www.wikidata.org/entity/Q136793932 | B10: Adèle Serweytens | C10: relevant persoon | D10: Persoon naar Guido | E10: https://www.wikidata.org/wiki/Q136793932
A11: http://www.wikidata.org/entity/Q116687284 | B11: Agnes Mary Christophers | C11: relevant persoon | D11: Persoon naar Guido | E11: https://www.wikidata.org/wiki/Q116687284
A12: http://www.wikidata.org/entity/Q118772822 | B12: Albert Aimé Marie Vandewalle | C12: relevant persoon | D12: Persoon naar Guido | E12: https://www.wikidata.org/wiki/Q118772822
A13: http://www.wikidata.org/entity/Q586323 | B13: Albert Verwey | C13: relevant persoon | D13: Persoon naar Guido | E13: https://www.wikidata.org/wiki/Q586323 | F13: https://nl.wikipedia.org/wiki/Albert_Verwey | G13: https://commons.wikimedia.org/wiki/Category:Albert Verwey | H13: http://commons.wikimedia.org/wiki/Special:FilePath/Portret%20van%20Albert%20Verwey%20Rijksmuseum%20SK-C-1680.jpeg | J13: https://viaf.org/viaf/49275816
A14: http://www.wikidata.org/entity/Q2832059 | B14: Albéric Emmanuel Henri Marie Ghislain Ruzette | C14: relevant persoon | D14: Persoon naar Guido | E14: https://www.wikidata.org/wiki/Q2832059 | F14: https://nl.wikipedia.org/wiki/Alb%C3%A9ric_Ruzette | G14: https://commons.wikimedia.org/wiki/Category:Albéric Ruzette | H14: http://commons.wikimedia.org/wiki/Special:FilePath/Weekblad%20Pallieter%20-%20voorpagina%201924%2023%20baron%20ruzette.jpg
A15: http://www.wikidata.org/entity/Q115811921 | B15: Alexandre Berghman | C15: relevant persoon | D15: Persoon naar Guido | E15: https://www.wikidata.org/wiki/Q115811921
A16: http://www.wikidata.org/entity/Q56036018 | B16: Alexandre Bonvarlet | C16: relevant persoon | D16: Persoon naar Guido | E16: https://www.wikidata.org/wiki/Q56036018 | G16: https://commons.wikimedia.org/wiki/Category:Alexandre Bonvarlet | H16: http://commons.wikimedia.org/wiki/Special:FilePath/Alexandre%20Bonvarlet%20by%20Michel%20Berthaud.jpg | J16: https://viaf.org/viaf/7516908
A17: http://www.wikidata.org/entity/Q118142378 | B17: Alfons Bouckaert | C17: relevant persoon | D17: Persoon naar Guido | E17: https://www.wikidata.org/wiki/Q118142378
A18: http://www.wikidata.org/entity/Q110039191 | B18: Alfons Dassonville | C18: relevant persoon | D18: Persoon naar Guido | E18: https://www.wikidata.org/wiki/Q110039191
A19: http://www.wikidata.org/entity/Q2100582 | B19: Alfons De Cock | C19: relevant persoon | D19: Persoon naar Guido | E19: https://www.wikidata.org/wiki/Q2100582 | F19: https://nl.wikipedia.org/wiki/Alfons_de_Cock | G19: https://commons.wikimedia.org/wiki/Category:Alfons De Cock | H19: http://commons.wikimedia.org/wiki/Special:FilePath/Alfons%20de%20Cock%2C%20PA05233.jpg | J19: https://viaf.org/viaf/34816409
A20: http://www.wikidata.org/entity/Q2638823 | B20: Alfons Janssens | C20: relevant persoon | D20: Persoon naar Guido | E20: https://www.wikidata.org/wiki/Q2638823 | F20: https://nl.wikipedia.org/wiki/Alfons_Janssens_(politicus) | G20: https://commons.wikimedia.org/wiki/Category:Alfons Janssens | H20: http://commons.wikimedia.org/wiki/Special:FilePath/Alfons%20Janssens.jpg
A21: http://www.wikidata.org/entity/Q56036059 | B21: Alfons Maria Napoleon Prayon-van Zuylen van Nyevelt | C21: relevant persoon | D21: Persoon naar Guido | E21: https://www.wikidata.org/wiki/Q56036059 | J21: https://viaf.org/viaf/89687993
A22: http://www.wikidata.org/entity/Q2539969 | B22: Alfons Siffer | C22: relevant persoon | D22: Persoon naar Guido | E22: https://www.wikidata.org/wiki/Q2539969 | F22: https://nl.wikipedia.org/wiki/Alfons_Siffer | H22: http://commons.wikimedia.org/wiki/Special:FilePath/Alfons%20Siffer%201850-1941.jpg | J22: https://viaf.org/viaf/193449593
A23: http://www.wikidata.org/entity/Q119621396 | B23: Alfons Steinmetz | C23: relevant persoon | D23: Persoon naar Guido | E23: https://www.wikidata.org/wiki/Q119621396
A24: http://www.wikidata.org/entity/Q2050293 | B24: Alfons Van Hee | C24: relevant persoon | D24: Persoon naar Guido | E24: https://www.wikidata.org/wiki/Q2050293 | F24: https://nl.wikipedia.org/wiki/Alfons_Van_Hee
A25: http://www.wikidata.org/entity/Q26845752 | B25: Alfred Guichon de Grandpont | C25: relevant persoon | D25: Persoon naar Guido | E25: https://www.wikidata.org/wiki/Q26845752 | J25: https://viaf.org/viaf/88981493
A26: http://www.wikidata.org/entity/Q115979418 | B26: Aloysius Vandemaele | C26: relevant persoon | D26: Persoon naar Guido | E26: https://www.wikidata.org/wiki/Q115979418
A27: http://www.wikidata.org/entity/Q115979418 | B27: Aloysius Vandemaele | C27: student van | D27: Persoon naar Guido | E27: https://www.wikidata.org/wiki/Q115979418
A28: http://www.wikidata.org/entity/Q2580620 | B28: Aloïs Nelis | C28: relevant persoon | D28: Persoon naar Guido | E28: https://www.wikidata.org/wiki/Q2580620 | F28: https://nl.wikipedia.org/wiki/Alo%C3%AFs_Nelis
A29: http://www.wikidata.org/entity/Q2298746 | B29: Aloïs Walgrave | C29: relevant persoon | D29: Persoon naar Guido | E29: https://www.wikidata.org/wiki/Q2298746 | F29: https://nl.wikipedia.org/wiki/Alo%C3%AFs_Walgrave | G29: https://commons.wikimedia.org/wiki/Category:Aloïs Walgrave | J29: https://viaf.org/viaf/61918346
A30: http://www.wikidata.org/entity/Q2450554 | B30: Alphonse De Leyn | C30: relevant persoon | D30: Persoon naar Guido | E30: https://www.wikidata.org/wiki/Q2450554 | F30: https://nl.wikipedia.org/wiki/Alphonse_De_Leyn | J30: https://viaf.org/viaf/4993145857103622920901
A31: http://www.wikidata.org/entity/Q11071766 | B31: Alphonse de Voss | C31: student van | D31: Persoon naar Guido | E31: https://www.wikidata.org/wiki/Q11071766
A32: http://www.wikidata.org/entity/Q2099446 | B32: Amaat Joos | C32: relevant persoon | D32: Persoon naar Guido | E32: https://www.wikidata.org/wiki/Q2099446 | F32: https://nl.wikipedia.org/wiki/Amaat_Joos | H32: http://commons.wikimedia.org/wiki/Special:FilePath/Amaat%20Joos.jpg | J32: https://viaf.org/viaf/290811985
A33: http://www.wikidata.org/entity/Q3421496 | B33: Amaat Vyncke | C33: relevant persoon | D33: Persoon naar Guido | E33: https://www.wikidata.org/wiki/Q3421496 | F33: https://nl.wikipedia.org/wiki/Amaat_Vyncke | G33: https://commons.wikimedia.org/wiki/Category:Amaat Vyncke | H33: http://commons.wikimedia.org/wiki/Special:FilePath/Amaat%20Vyncke.jpg | J33: https://viaf.org/viaf/286791405
A34: http://www.wikidata.org/entity/Q970036 | B34: Amand Neut | C34: relevant persoon | D34: Persoon naar Guido | E34: https://www.wikidata.org/wiki/Q970036
A35: http://www.wikidata.org/entity/Q2481707 | B35: Amand de Vos | C35: relevant persoon | D35: Persoon naar Guido | E35: https://www.wikidata.org/wiki/Q2481707 | F35: https://nl.wikipedia.org/wiki/Amand_de_Vos | H35: http://commons.wikimedia.org/wiki/Special:FilePath/Wazenaar%20Amand%20de%20Vos.jpg | J35: https://viaf.org/viaf/74219351
A36: http://www.wikidata.org/entity/Q2481707 | B36: Amand de Vos | C36: relevant persoon | D36: Persoon naar Guido | E36: https://www.wikidata.org/wiki/Q2481707 | F36: https://nl.wikipedia.org/wiki/Amand_de_Vos | H36: http://commons.wikimedia.org/wiki/Special:FilePath/Wazenaar%20Amand%20de%20Vos.jpg | J36: https://viaf.org/viaf/286212977
A37: http://www.wikidata.org/entity/Q115811033 | B37: Amandus Dambre | C37: student van | D37: Persoon naar Guido | E37: https://www.wikidata.org/wiki/Q115811033
A38: http://www.wikidata.org/entity/Q119349594 | B38: Amelia De Vriese | C38: familielid | D38: Persoon naar Guido | E38: https://www.wikidata.org/wiki/Q119349594
A39: http://www.wikidata.org/entity/Q124619468 | B39: Amelia Vander Stichele | C39: relevant persoon | D39: Persoon naar Guido | E39: https://www.wikidata.org/wiki/Q124619468 | F39: https://nl.wikipedia.org/wiki/Amelia_Van_der_Stichele | H39: http://commons.wikimedia.org/wiki/Special:FilePath/Schilderij%20Henri%20Dobbelaere%20Engelendale.jpg
A40: http://www.wikidata.org/entity/Q1280942 | B40: Amédée Visart de Bocarmé | C40: relevant persoon | D40: Persoon naar Guido | E40: https://www.wikidata.org/wiki/Q1280942 | F40: https://nl.wikipedia.org/wiki/Amed%C3%A9e_Visart_de_Bocarm%C3%A9 | G40: https://commons.wikimedia.org/wiki/Category:Amedée Visart de Bocarmé | H40: http://commons.wikimedia.org/wiki/Special:FilePath/Portret%20van%20burgemeester%20Am%C3%A9d%C3%A9e%20Visart%20de%20Bocarm%C3%A9%2C%20circa%201837%20-%20circa%201924%2C%20Groeningemuseum%2C%200041286000.jpg | J40: https://viaf.org/viaf/90713808
A41: http://www.wikidata.org/entity/Q119039774 | B41: Andries J. Winkler | C41: relevant persoon | D41: Persoon naar Guido | E41: https://www.wikidata.org/wiki/Q119039774
A42: http://www.wikidata.org/entity/Q13429634 | B42: Angelus August Eugeen Angillis | C42: relevant persoon | D42: Persoon naar Guido | E42: https://www.wikidata.org/wiki/Q13429634 | F42: https://nl.wikipedia.org/wiki/Angelus_August_Eugeen_Angillis | J42: https://viaf.org/viaf/289004073
A43: http://www.wikidata.org/entity/Q129255433 | B43: Ann Mary Eyre | C43: relevant persoon | D43: Persoon naar Guido | E43: https://www.wikidata.org/wiki/Q129255433
A44: http://www.wikidata.org/entity/Q116656531 | B44: Anna Demets | C44: relevant persoon | D44: Persoon naar Guido | E44: https://www.wikidata.org/wiki/Q116656531 | F44: https://nl.wikipedia.org/wiki/Anna_Demets | H44: http://commons.wikimedia.org/wiki/Special:FilePath/Portretfoto%20Anna%20Demets.jpg
A45: http://www.wikidata.org/entity/Q119261055 | B45: Anna Theresia Morice | C45: familielid | D45: Persoon naar Guido | E45: https://www.wikidata.org/wiki/Q119261055
A46: http://www.wikidata.org/entity/Q116508558 | B46: Anne Hill | C46: relevant persoon | D46: Persoon naar Guido | E46: https://www.wikidata.org/wiki/Q116508558
A47: http://www.wikidata.org/entity/Q115830433 | B47: Antoine Wemaer | C47: relevant persoon | D47: Persoon naar Guido | E47: https://www.wikidata.org/wiki/Q115830433 | F47: https://nl.wikipedia.org/wiki/Antoon_Wemaer
A48: http://www.wikidata.org/entity/Q2360599 | B48: Antoon Jozef Witteryck | C48: relevant persoon | D48: Persoon naar Guido | E48: https://www.wikidata.org/wiki/Q2360599 | F48: https://nl.wikipedia.org/wiki/Antoon_Jozef_Witteryck | G48: https://commons.wikimedia.org/wiki/Category:Antoon Jozef Witteryck | H48: http://commons.wikimedia.org/wiki/Special:FilePath/Wytterick%2023.JPG | J48: https://viaf.org/viaf/10953367
A49: http://www.wikidata.org/entity/Q115979140 | B49: Arsenius Dehulster | C49: relevant persoon | D49: Persoon naar Guido | E49: https://www.wikidata.org/wiki/Q115979140
A50: http://www.wikidata.org/entity/Q3450211 | B50: Arthur De Schrevel | C50: relevant persoon | D50: Persoon naar Guido | E50: https://www.wikidata.org/wiki/Q3450211 | F50: https://nl.wikipedia.org/wiki/Arthur_De_Schrevel | J50: https://viaf.org/viaf/22517057
A51: http://www.wikidata.org/entity/Q115818861 | B51: Arthur Lewylle | C51: relevant persoon | D51: Persoon naar Guido | E51: https://www.wikidata.org/wiki/Q115818861
A52: http://www.wikidata.org/entity/Q2215154 | B52: August Cuppens | C52: relevant persoon | D52: Persoon naar Guido | E52: https://www.wikidata.org/wiki/Q2215154 | F52: https://nl.wikipedia.org/wiki/August_Cuppens | J52: https://viaf.org/viaf/88731906
A53: http://www.wikidata.org/entity/Q115818168 | B53: August Hoflack | C53: relevant persoon | D53: Persoon naar Guido | E53: https://www.wikidata.org/wiki/Q115818168
A54: http://www.wikidata.org/entity/Q115839088 | B54: August Laporta | C54: relevant persoon | D54: Persoon naar Guido | E54: https://www.wikidata.org/wiki/Q115839088
A55: http://www.wikidata.org/entity/Q764378 | B55: August Vermeylen | C55: relevant persoon | D55: Persoon naar Guido | E55: https://www.wikidata.org/wiki/Q764378 | F55: https://nl.wikipedia.org/wiki/August_Vermeylen | G55: https://commons.wikimedia.org/wiki/Category:August Vermeylen | H55: http://commons.wikimedia.org/wiki/Special:FilePath/AugustVermeylen2.jpg | J55: https://viaf.org/viaf/22946210
A56: http://www.wikidata.org/entity/Q125535110 | B56: August William McDonogh | C56: relevant persoon | D56: Persoon naar Guido | E56: https://www.wikidata.org/wiki/Q125535110
A57: http://www.wikidata.org/entity/Q2059291 | B57: Auguste Reyns | C57: relevant persoon | D57: Persoon naar Guido | E57: https://www.wikidata.org/wiki/Q2059291 | F57: https://nl.wikipedia.org/wiki/Auguste_Reyns
A58: http://www.wikidata.org/entity/Q120999304 | B58: Augustijn Van Heuverswyn | C58: relevant persoon | D58: Persoon naar Guido | E58: https://www.wikidata.org/wiki/Q120999304
A59: http://www.wikidata.org/entity/Q115844105 | B59: Augustin Van Becelaere | C59: relevant persoon | D59: Persoon naar Guido | E59: https://www.wikidata.org/wiki/Q115844105
A60: http://www.wikidata.org/entity/Q115979130 | B60: Augustinus De Geetere | C60: relevant persoon | D60: Persoon naar Guido | E60: https://www.wikidata.org/wiki/Q115979130
A61: http://www.wikidata.org/entity/Q115979130 | B61: Augustinus De Geetere | C61: student van | D61: Persoon naar Guido | E61: https://www.wikidata.org/wiki/Q115979130
A62: http://www.wikidata.org/entity/Q119409510 | B62: Barbe Theresia Malfait | C62: familielid | D62: Persoon naar Guido | E62: https://www.wikidata.org/wiki/Q119409510
A63: http://www.wikidata.org/entity/Q115824358 | B63: Benedictus Cuppens | C63: relevant persoon | D63: Persoon naar Guido | E63: https://www.wikidata.org/wiki/Q115824358
A64: http://www.wikidata.org/entity/Q120488140 | B64: Benedictus Sebastianus Andreas Bernolet | C64: student van | D64: Persoon naar Guido | E64: https://www.wikidata.org/wiki/Q120488140
A65: http://www.wikidata.org/entity/Q122884053 | B65: Bernard Joseph Weale | C65: peetouder | D65: Persoon naar Guido | E65: https://www.wikidata.org/wiki/Q122884053
A66: http://www.wikidata.org/entity/Q115829742 | B66: Bernardus Nachtergaele | C66: student | D66: Persoon naar Guido | E66: https://www.wikidata.org/wiki/Q115829742 | H66: http://commons.wikimedia.org/wiki/Special:FilePath/Bernard%20Nachtergaele%2C%20PA03099.jpg
A67: http://www.wikidata.org/entity/Q115829623 | B67: Bruno De Splenter | C67: relevant persoon | D67: Persoon naar Guido | E67: https://www.wikidata.org/wiki/Q115829623
A68: http://www.wikidata.org/entity/Q115829623 | B68: Bruno De Splenter | C68: student van | D68: Persoon naar Guido | E68: https://www.wikidata.org/wiki/Q115829623
A69: http://www.wikidata.org/entity/Q115836783 | B69: Bruno Joseph Jean Vandale | C69: relevant persoon | D69: Persoon naar Guido | E69: https://www.wikidata.org/wiki/Q115836783
A70: http://www.wikidata.org/entity/Q115839360 | B70: Bruno Van Hove | C70: relevant persoon | D70: Persoon naar Guido | E70: https://www.wikidata.org/wiki/Q115839360 | H70: http://commons.wikimedia.org/wiki/Special:FilePath/A%20Monsieur%20le%20chanoine%20Van%20Hove%2C%201869%2C%20Musea%20Brugge%2C%200020.GRO0352.III.jpg
A71: http://www.wikidata.org/entity/Q115308515 | B71: Bruno Vander Stichele | C71: relevant persoon | D71: Persoon naar Guido | E71: https://www.wikidata.org/wiki/Q115308515 | F71: https://nl.wikipedia.org/wiki/Bruno_Vander_Stichele
A72: http://www.wikidata.org/entity/Q2154331 | B72: Caesar Gezelle | C72: relevant persoon | D72: Persoon naar Guido | E72: https://www.wikidata.org/wiki/Q2154331 | F72: https://nl.wikipedia.org/wiki/Caesar_Gezelle | J72: https://viaf.org/viaf/28277814
A73: http://www.wikidata.org/entity/Q2154331 | B73: Caesar Gezelle | C73: familielid | D73: Persoon naar Guido | E73: https://www.wikidata.org/wiki/Q2154331 | F73: https://nl.wikipedia.org/wiki/Caesar_Gezelle | J73: https://viaf.org/viaf/28277814
A74: http://www.wikidata.org/entity/Q115840234 | B74: Camiel Roelandts | C74: relevant persoon | D74: Persoon naar Guido | E74: https://www.wikidata.org/wiki/Q115840234
A75: http://www.wikidata.org/entity/Q119419379 | B75: Camille Henri Joseph Lateur | C75: familielid | D75: Persoon naar Guido | E75: https://www.wikidata.org/wiki/Q119419379
A76: http://www.wikidata.org/entity/Q117409336 | B76: Camille Lateur | C76: relevant persoon | D76: Persoon naar Guido | E76: https://www.wikidata.org/wiki/Q117409336
A77: http://www.wikidata.org/entity/Q117409336 | B77: Camille Lateur | C77: familielid | D77: Persoon naar Guido | E77: https://www.wikidata.org/wiki/Q117409336
A78: http://www.wikidata.org/entity/Q117263671 | B78: Caroline Janssens | C78: relevant persoon | D78: Persoon naar Guido | E78: https://www.wikidata.org/wiki/Q117263671
A79: http://www.wikidata.org/entity/Q115982585 | B79: Carolus Ludovicus Brondel | C79: student van | D79: Persoon naar Guido | E79: https://www.wikidata.org/wiki/Q115982585
A80: http://www.wikidata.org/entity/Q119396425 | B80: Catharina Gezelle | C80: familielid | D80: Persoon naar Guido | E80: https://www.wikidata.org/wiki/Q119396425
A81: http://www.wikidata.org/entity/Q116621487 | B81: Catharine Macdaniel | C81: relevant persoon | D81: Persoon naar Guido | E81: https://www.wikidata.org/wiki/Q116621487
A82: http://www.wikidata.org/entity/Q116620739 | B82: Catherine de Kyvere | C82: relevant persoon | D82: Persoon naar Guido | E82: https://www.wikidata.org/wiki/Q116620739
A83: http://www.wikidata.org/entity/Q116620739 | B83: Catherine de Kyvere | C83: familielid | D83: Persoon naar Guido | E83: https://www.wikidata.org/wiki/Q116620739
A84: http://www.wikidata.org/entity/Q2683882 | B84: Charles August Verschelde | C84: relevant persoon | D84: Persoon naar Guido | E84: https://www.wikidata.org/wiki/Q2683882 | F84: https://nl.wikipedia.org/wiki/Karel_Verschelde | G84: https://commons.wikimedia.org/wiki/Category:Karel Verschelde | H84: http://commons.wikimedia.org/wiki/Special:FilePath/Karel%20Verschelde001.jpg
A85: http://www.wikidata.org/entity/Q1877721 | B85: Charles Carton | C85: relevant persoon | D85: Persoon naar Guido | E85: https://www.wikidata.org/wiki/Q1877721 | F85: https://nl.wikipedia.org/wiki/Charles_Carton | G85: https://commons.wikimedia.org/wiki/Category:Charles Carton | H85: http://commons.wikimedia.org/wiki/Special:FilePath/Charles%20Carton.jpg | J85: https://viaf.org/viaf/64790543
A86: http://www.wikidata.org/entity/Q132321532 | B86: Charles De Zitter | C86: relevant persoon | D86: Persoon naar Guido | E86: https://www.wikidata.org/wiki/Q132321532
A87: http://www.wikidata.org/entity/Q2715338 | B87: Charles Delcour | C87: relevant persoon | D87: Persoon naar Guido | E87: https://www.wikidata.org/wiki/Q2715338 | F87: https://nl.wikipedia.org/wiki/Charles_Delcour | G87: https://commons.wikimedia.org/wiki/Category:Charles Delcour | H87: http://commons.wikimedia.org/wiki/Special:FilePath/Membres%20du%20Minist%C3%A8re%20%28Delcour%29.jpg | J87: https://viaf.org/viaf/88840827
A88: http://www.wikidata.org/entity/Q136805616 | B88: Charles François Joseph Soudan | C88: relevant persoon | D88: Persoon naar Guido | E88: https://www.wikidata.org/wiki/Q136805616
A89: http://www.wikidata.org/entity/Q125472556 | B89: Charles Grant Edmonstone | C89: relevant persoon | D89: Persoon naar Guido | E89: https://www.wikidata.org/wiki/Q125472556
A90: http://www.wikidata.org/entity/Q122974430 | B90: Charles Joseph Pagliano | C90: relevant persoon | D90: Persoon naar Guido | E90: https://www.wikidata.org/wiki/Q122974430
A91: http://www.wikidata.org/entity/Q119397002 | B91: Charles Louis Dedeurwaerder | C91: familielid | D91: Persoon naar Guido | E91: https://www.wikidata.org/wiki/Q119397002
A92: http://www.wikidata.org/entity/Q3538623 | B92: Charles van Caloen | C92: relevant persoon | D92: Persoon naar Guido | E92: https://www.wikidata.org/wiki/Q3538623 | F92: https://nl.wikipedia.org/wiki/Charles_van_Caloen | G92: https://commons.wikimedia.org/wiki/Category:Charles van Caloen | H92: http://commons.wikimedia.org/wiki/Special:FilePath/PM%20161806%20B%20Loppem%20%28Charles%20van%20Caloen%29.jpg
A93: http://www.wikidata.org/entity/Q1149378 | B93: Charlotte Fitzalan-Howard, Duchess of Norfolk | C93: relevant persoon | D93: Persoon naar Guido | E93: https://www.wikidata.org/wiki/Q1149378 | H93: http://commons.wikimedia.org/wiki/Special:FilePath/Charlotte%20Sophia%2C%20Countess%20of%20Surrey%20%281788-1870%29%2C%20by%20studio%20of%20Sir%20Thomas%20Lawrence.jpg
A94: http://www.wikidata.org/entity/Q122974373 | B94: Clara Andrews | C94: relevant persoon | D94: Persoon naar Guido | E94: https://www.wikidata.org/wiki/Q122974373
A95: http://www.wikidata.org/entity/Q119349274 | B95: Clara De Vriese | C95: familielid | D95: Persoon naar Guido | E95: https://www.wikidata.org/wiki/Q119349274
A96: http://www.wikidata.org/entity/Q125246405 | B96: Clementia De Vriese | C96: familielid | D96: Persoon naar Guido | E96: https://www.wikidata.org/wiki/Q125246405
A97: http://www.wikidata.org/entity/Q119349443 | B97: Coleta De Vriese | C97: familielid | D97: Persoon naar Guido | E97: https://www.wikidata.org/wiki/Q119349443
A98: http://www.wikidata.org/entity/Q116510419 | B98: Colette Virginie Parvost | C98: relevant persoon | D98: Persoon naar Guido | E98: https://www.wikidata.org/wiki/Q116510419
A99: http://www.wikidata.org/entity/Q2457997 | B99: Constant Hansen | C99: relevant persoon | D99: Persoon naar Guido | E99: https://www.wikidata.org/wiki/Q2457997 | F99: https://nl.wikipedia.org/wiki/Constant_Hansen | G99: https://commons.wikimedia.org/wiki/Category:Constant Hansen | H99: http://commons.wikimedia.org/wiki/Special:FilePath/Hansen%2C%20Constant%20Jacob%20%281833-1910%29%3B%20letterkundige%20en%20hoofdbibliothecaris%20stadsbibliotheek%20Antwerpen%2C%20Haeck%2C%20Leopold%2C%20Felixarchief%2C%2012%209296%20recto%20%28cropped%29.jpg | J99: https://viaf.org/viaf/67217393
A100: http://www.wikidata.org/entity/Q119410907 | B100: Constantia Franciscus Dilgat | C100: familielid | D100: Persoon naar Guido | E100: https://www.wikidata.org/wiki/Q119410907
...

Sheet RawDataQ1
A1: person | B1: personLabel | C1: relatieItemLabel | D1: richting | E1: wikidataLink | F1: wikipediaLink | G1: commonsLink | H1: image | I1: bioPortaalLink | J1: viafLink
A2: http://www.wikidata.org/entity/Q115818424 | B2: Achiel Piepers | C2: relevant persoon | D2: Guido naar Persoon | E2: https://www.wikidata.org/wiki/Q115818424
A3: http://www.wikidata.org/entity/Q119013873 | B3: Achiel Van de Putte | C3: relevant persoon | D3: Guido naar Persoon | E3: https://www.wikidata.org/wiki/Q119013873
A4: http://www.wikidata.org/entity/Q119217729 | B4: Achille Croquison | C4: relevant persoon | D4: Guido naar Persoon | E4: https://www.wikidata.org/wiki/Q119217729
A5: http://www.wikidata.org/entity/Q115834468 | B5: Achilles Bohyn | C5: relevant persoon | D5: Guido naar Persoon | E5: https://www.wikidata.org/wiki/Q115834468
A6: http://www.wikidata.org/entity/Q123417058 | B6: Adela Pauline Courtens | C6: relevant persoon | D6: Guido naar Persoon | E6: https://www.wikidata.org/wiki/Q123417058
A7: http://www.wikidata.org/entity/Q125306156 | B7: Adelaida Antonia Vuylsteke | C7: relevant persoon | D7: Guido naar Persoon | E7: https://www.wikidata.org/wiki/Q125306156
A8: http://www.wikidata.org/entity/Q113754119 | B8: Adolf De Wolf | C8: relevant persoon | D8: Guido naar Persoon | E8: https://www.wikidata.org/wiki/Q113754119 | F8: https://nl.wikipedia.org/wiki/Adolf_De_Wolf
A9: http://www.wikidata.org/entity/Q113754119 | B9: Adolf De Wolf | C9: student | D9: Guido naar Persoon | E9: https://www.wikidata.org/wiki/Q113754119 | F9: https://nl.wikipedia.org/wiki/Adolf_De_Wolf
A10: http://www.wikidata.org/entity/Q2524668 | B10: Adolf Duclos | C10: relevant persoon | D10: Guido naar Persoon | E10: https://www.wikidata.org/wiki/Q2524668 | F10: https://nl.wikipedia.org/wiki/Adolf_Duclos | G10: https://commons.wikimedia.org/wiki/Category:Adolf Duclos | H10: http://commons.wikimedia.org/wiki/Special:FilePath/Adolf%20Duclos001.jpg | J10: https://viaf.org/viaf/89293479
A11: http://www.wikidata.org/entity/Q4722117 | B11: Adolf Lootens | C11: relevant persoon | D11: Guido naar Persoon | E11: https://www.wikidata.org/wiki/Q4722117 | F11: https://nl.wikipedia.org/wiki/Adolf_Lootens | J11: https://viaf.org/viaf/281835917
A12: http://www.wikidata.org/entity/Q43140929 | B12: Adolf Pauwels | C12: relevant persoon | D12: Guido naar Persoon | E12: https://www.wikidata.org/wiki/Q43140929 | J12: https://viaf.org/viaf/27812240
A13: http://www.wikidata.org/entity/Q100534520 | B13: Adolf Verriest | C13: relevant persoon | D13: Guido naar Persoon | E13: https://www.wikidata.org/wiki/Q100534520 | F13: https://nl.wikipedia.org/wiki/Adolf_Verriest | H13: http://commons.wikimedia.org/wiki/Special:FilePath/Adolf%20Karel%20vader%20Petrus%20moeder%20Carolina%20Verriest%20in%201861.jpg
A14: http://www.wikidata.org/entity/Q5580544 | B14: Adrianus Bogaers | C14: relevant persoon | D14: Guido naar Persoon | E14: https://www.wikidata.org/wiki/Q5580544 | G14: https://commons.wikimedia.org/wiki/Category:Adrianus Bogaers | H14: http://commons.wikimedia.org/wiki/Special:FilePath/Adrianus%20Bogaers.jpg | J14: https://viaf.org/viaf/282197539
A15: http://www.wikidata.org/entity/Q136793932 | B15: Adèle Serweytens | C15: relevant persoon | D15: Guido naar Persoon | E15: https://www.wikidata.org/wiki/Q136793932
A16: http://www.wikidata.org/entity/Q123051567 | B16: Agnes Cecilia Young | C16: relevant persoon | D16: Guido naar Persoon | E16: https://www.wikidata.org/wiki/Q123051567
A17: http://www.wikidata.org/entity/Q115814290 | B17: Aimé Erneste Marie Dierick | C17: relevant persoon | D17: Guido naar Persoon | E17: https://www.wikidata.org/wiki/Q115814290
A18: http://www.wikidata.org/entity/Q115834690 | B18: Aimé Lagae | C18: relevant persoon | D18: Guido naar Persoon | E18: https://www.wikidata.org/wiki/Q115834690
A19: http://www.wikidata.org/entity/Q15627098 | B19: Albany James Christie | C19: relevant persoon | D19: Guido naar Persoon | E19: https://www.wikidata.org/wiki/Q15627098 | J19: https://viaf.org/viaf/199151458
A20: http://www.wikidata.org/entity/Q118772822 | B20: Albert Aimé Marie Vandewalle | C20: relevant persoon | D20: Guido naar Persoon | E20: https://www.wikidata.org/wiki/Q118772822
A21: http://www.wikidata.org/entity/Q586323 | B21: Albert Verwey | C21: relevant persoon | D21: Guido naar Persoon | E21: https://www.wikidata.org/wiki/Q586323 | F21: https://nl.wikipedia.org/wiki/Albert_Verwey | G21: https://commons.wikimedia.org/wiki/Category:Albert Verwey | H21: http://commons.wikimedia.org/wiki/Special:FilePath/Portret%20van%20Albert%20Verwey%20Rijksmuseum%20SK-C-1680.jpeg | J21: https://viaf.org/viaf/49275816
A22: http://www.wikidata.org/entity/Q2129415 | B22: Albéric Goethals | C22: relevant persoon | D22: Guido naar Persoon | E22: https://www.wikidata.org/wiki/Q2129415 | F22: https://nl.wikipedia.org/wiki/Alb%C3%A9ric_Goethals
A23: http://www.wikidata.org/entity/Q115811921 | B23: Alexandre Berghman | C23: relevant persoon | D23: Guido naar Persoon | E23: https://www.wikidata.org/wiki/Q115811921
A24: http://www.wikidata.org/entity/Q56036018 | B24: Alexandre Bonvarlet | C24: relevant persoon | D24: Guido naar Persoon | E24: https://www.wikidata.org/wiki/Q56036018 | G24: https://commons.wikimedia.org/wiki/Category:Alexandre Bonvarlet | H24: http://commons.wikimedia.org/wiki/Special:FilePath/Alexandre%20Bonvarlet%20by%20Michel%20Berthaud.jpg | J24: https://viaf.org/viaf/7516908
A25: http://www.wikidata.org/entity/Q125490771 | B25: Alexandre Marie Ghislain Gillès de Pélichy | C25: relevant persoon | D25: Guido naar Persoon | E25: https://www.wikidata.org/wiki/Q125490771 | J25: https://viaf.org/viaf/192623448
A26: http://www.wikidata.org/entity/Q2332586 | B26: Alexis De Carne | C26: relevant persoon | D26: Guido naar Persoon | E26: https://www.wikidata.org/wiki/Q2332586 | F26: https://nl.wikipedia.org/wiki/Alexis_De_Carne
A27: http://www.wikidata.org/entity/Q119729450 | B27: Alfons Algoet | C27: relevant persoon | D27: Guido naar Persoon | E27: https://www.wikidata.org/wiki/Q119729450
A28: http://www.wikidata.org/entity/Q118142378 | B28: Alfons Bouckaert | C28: relevant persoon | D28: Guido naar Persoon | E28: https://www.wikidata.org/wiki/Q118142378
A29: http://www.wikidata.org/entity/Q110039191 | B29: Alfons Dassonville | C29: relevant persoon | D29: Guido naar Persoon | E29: https://www.wikidata.org/wiki/Q110039191
A30: http://www.wikidata.org/entity/Q2100582 | B30: Alfons De Cock | C30: relevant persoon | D30: Guido naar Persoon | E30: https://www.wikidata.org/wiki/Q2100582 | F30: https://nl.wikipedia.org/wiki/Alfons_de_Cock | G30: https://commons.wikimedia.org/wiki/Category:Alfons De Cock | H30: http://commons.wikimedia.org/wiki/Special:FilePath/Alfons%20de%20Cock%2C%20PA05233.jpg | J30: https://viaf.org/viaf/34816409
A31: http://www.wikidata.org/entity/Q2638823 | B31: Alfons Janssens | C31: relevant persoon | D31: Guido naar Persoon | E31: https://www.wikidata.org/wiki/Q2638823 | F31: https://nl.wikipedia.org/wiki/Alfons_Janssens_(politicus) | G31: https://commons.wikimedia.org/wiki/Category:Alfons Janssens | H31: http://commons.wikimedia.org/wiki/Special:FilePath/Alfons%20Janssens.jpg
A32: http://www.wikidata.org/entity/Q56036059 | B32: Alfons Maria Napoleon Prayon-van Zuylen van Nyevelt | C32: relevant persoon | D32: Guido naar Persoon | E32: https://www.wikidata.org/wiki/Q56036059 | J32: https://viaf.org/viaf/89687993
A33: http://www.wikidata.org/entity/Q2675588 | B33: Alfons Mervillie | C33: relevant persoon | D33: Guido naar Persoon | E33: https://www.wikidata.org/wiki/Q2675588 | F33: https://nl.wikipedia.org/wiki/Alfons_Mervillie | G33: https://commons.wikimedia.org/wiki/Category:Alfons Mervillie | J33: https://viaf.org/viaf/306134590
A34: http://www.wikidata.org/entity/Q2539969 | B34: Alfons Siffer | C34: relevant persoon | D34: Guido naar Persoon | E34: https://www.wikidata.org/wiki/Q2539969 | F34: https://nl.wikipedia.org/wiki/Alfons_Siffer | H34: http://commons.wikimedia.org/wiki/Special:FilePath/Alfons%20Siffer%201850-1941.jpg | J34: https://viaf.org/viaf/193449593
A35: http://www.wikidata.org/entity/Q119621396 | B35: Alfons Steinmetz | C35: relevant persoon | D35: Guido naar Persoon | E35: https://www.wikidata.org/wiki/Q119621396
A36: http://www.wikidata.org/entity/Q120973166 | B36: Alfons Van Doorne | C36: relevant persoon | D36: Guido naar Persoon | E36: https://www.wikidata.org/wiki/Q120973166
A37: http://www.wikidata.org/entity/Q2050293 | B37: Alfons Van Hee | C37: relevant persoon | D37: Guido naar Persoon | E37: https://www.wikidata.org/wiki/Q2050293 | F37: https://nl.wikipedia.org/wiki/Alfons_Van_Hee
A38: http://www.wikidata.org/entity/Q26845752 | B38: Alfred Guichon de Grandpont | C38: relevant persoon | D38: Guido naar Persoon | E38: https://www.wikidata.org/wiki/Q26845752 | J38: https://viaf.org/viaf/88981493
A39: http://www.wikidata.org/entity/Q115820635 | B39: Alfred Neut | C39: relevant persoon | D39: Guido naar Persoon | E39: https://www.wikidata.org/wiki/Q115820635
A40: http://www.wikidata.org/entity/Q115815697 | B40: Aloysius De Visschere | C40: relevant persoon | D40: Guido naar Persoon | E40: https://www.wikidata.org/wiki/Q115815697
A41: http://www.wikidata.org/entity/Q115833316 | B41: Aloysius Farasyn | C41: relevant persoon | D41: Guido naar Persoon | E41: https://www.wikidata.org/wiki/Q115833316
A42: http://www.wikidata.org/entity/Q115979418 | B42: Aloysius Vandemaele | C42: relevant persoon | D42: Guido naar Persoon | E42: https://www.wikidata.org/wiki/Q115979418
A43: http://www.wikidata.org/entity/Q115979418 | B43: Aloysius Vandemaele | C43: student | D43: Guido naar Persoon | E43: https://www.wikidata.org/wiki/Q115979418
A44: http://www.wikidata.org/entity/Q115821483 | B44: Aloïs Baelen | C44: relevant persoon | D44: Guido naar Persoon | E44: https://www.wikidata.org/wiki/Q115821483
A45: http://www.wikidata.org/entity/Q2580620 | B45: Aloïs Nelis | C45: relevant persoon | D45: Guido naar Persoon | E45: https://www.wikidata.org/wiki/Q2580620 | F45: https://nl.wikipedia.org/wiki/Alo%C3%AFs_Nelis
A46: http://www.wikidata.org/entity/Q119013806 | B46: Aloïs Van de Pitte | C46: relevant persoon | D46: Guido naar Persoon | E46: https://www.wikidata.org/wiki/Q119013806
A47: http://www.wikidata.org/entity/Q2298746 | B47: Aloïs Walgrave | C47: relevant persoon | D47: Guido naar Persoon | E47: https://www.wikidata.org/wiki/Q2298746 | F47: https://nl.wikipedia.org/wiki/Alo%C3%AFs_Walgrave | G47: https://commons.wikimedia.org/wiki/Category:Aloïs Walgrave | J47: https://viaf.org/viaf/61918346
A48: http://www.wikidata.org/entity/Q2450554 | B48: Alphonse De Leyn | C48: relevant persoon | D48: Guido naar Persoon | E48: https://www.wikidata.org/wiki/Q2450554 | F48: https://nl.wikipedia.org/wiki/Alphonse_De_Leyn | J48: https://viaf.org/viaf/4993145857103622920901
A49: http://www.wikidata.org/entity/Q136793801 | B49: Alphonse Marie Joseph Ghislain Antoine Maus | C49: relevant persoon | D49: Guido naar Persoon | E49: https://www.wikidata.org/wiki/Q136793801
A50: http://www.wikidata.org/entity/Q11071766 | B50: Alphonse de Voss | C50: relevant persoon | D50: Guido naar Persoon | E50: https://www.wikidata.org/wiki/Q11071766
A51: http://www.wikidata.org/entity/Q11071766 | B51: Alphonse de Voss | C51: student | D51: Guido naar Persoon | E51: https://www.wikidata.org/wiki/Q11071766
A52: http://www.wikidata.org/entity/Q2099446 | B52: Amaat Joos | C52: relevant persoon | D52: Guido naar Persoon | E52: https://www.wikidata.org/wiki/Q2099446 | F52: https://nl.wikipedia.org/wiki/Amaat_Joos | H52: http://commons.wikimedia.org/wiki/Special:FilePath/Amaat%20Joos.jpg | J52: https://viaf.org/viaf/290811985
A53: http://www.wikidata.org/entity/Q3421496 | B53: Amaat Vyncke | C53: relevant persoon | D53: Guido naar Persoon | E53: https://www.wikidata.org/wiki/Q3421496 | F53: https://nl.wikipedia.org/wiki/Amaat_Vyncke | G53: https://commons.wikimedia.org/wiki/Category:Amaat Vyncke | H53: http://commons.wikimedia.org/wiki/Special:FilePath/Amaat%20Vyncke.jpg | J53: https://viaf.org/viaf/286791405
A54: http://www.wikidata.org/entity/Q970036 | B54: Amand Neut | C54: relevant persoon | D54: Guido naar Persoon | E54: https://www.wikidata.org/wiki/Q970036
A55: http://www.wikidata.org/entity/Q2481707 | B55: Amand de Vos | C55: relevant persoon | D55: Guido naar Persoon | E55: https://www.wikidata.org/wiki/Q2481707 | F55: https://nl.wikipedia.org/wiki/Amand_de_Vos | H55: http://commons.wikimedia.org/wiki/Special:FilePath/Wazenaar%20Amand%20de%20Vos.jpg | J55: https://viaf.org/viaf/74219351
A56: http://www.wikidata.org/entity/Q2481707 | B56: Amand de Vos | C56: relevant persoon | D56: Guido naar Persoon | E56: https://www.wikidata.org/wiki/Q2481707 | F56: https://nl.wikipedia.org/wiki/Amand_de_Vos | H56: http://commons.wikimedia.org/wiki/Special:FilePath/Wazenaar%20Amand%20de%20Vos.jpg | J56: https://viaf.org/viaf/286212977
A57: http://www.wikidata.org/entity/Q136750770 | B57: Amandus Cornelius Dequidt | C57: relevant persoon | D57: Guido naar Persoon | E57: https://www.wikidata.org/wiki/Q136750770
A58: http://www.wikidata.org/entity/Q115811033 | B58: Amandus Dambre | C58: student | D58: Guido naar Persoon | E58: https://www.wikidata.org/wiki/Q115811033
A59: http://www.wikidata.org/entity/Q115831039 | B59: Amandus Devloo | C59: relevant persoon | D59: Guido naar Persoon | E59: https://www.wikidata.org/wiki/Q115831039
A60: http://www.wikidata.org/entity/Q119349594 | B60: Amelia De Vriese | C60: familielid | D60: Guido naar Persoon | E60: https://www.wikidata.org/wiki/Q119349594
A61: http://www.wikidata.org/entity/Q131923924 | B61: Amélie Emérentine Joseph Mullier | C61: relevant persoon | D61: Guido naar Persoon | E61: https://www.wikidata.org/wiki/Q131923924
A62: http://www.wikidata.org/entity/Q122831276 | B62: Amélie Frère | C62: relevant persoon | D62: Guido naar Persoon | E62: https://www.wikidata.org/wiki/Q122831276
A63: http://www.wikidata.org/entity/Q119039774 | B63: Andries J. Winkler | C63: relevant persoon | D63: Guido naar Persoon | E63: https://www.wikidata.org/wiki/Q119039774
A64: http://www.wikidata.org/entity/Q13429634 | B64: Angelus August Eugeen Angillis | C64: relevant persoon | D64: Guido naar Persoon | E64: https://www.wikidata.org/wiki/Q13429634 | F64: https://nl.wikipedia.org/wiki/Angelus_August_Eugeen_Angillis | J64: https://viaf.org/viaf/289004073
A65: http://www.wikidata.org/entity/Q115842281 | B65: Angelus Dumelie | C65: relevant persoon | D65: Guido naar Persoon | E65: https://www.wikidata.org/wiki/Q115842281
A66: http://www.wikidata.org/entity/Q123050649 | B66: Ann Jordan | C66: relevant persoon | D66: Guido naar Persoon | E66: https://www.wikidata.org/wiki/Q123050649
A67: http://www.wikidata.org/entity/Q129255433 | B67: Ann Mary Eyre | C67: relevant persoon | D67: Guido naar Persoon | E67: https://www.wikidata.org/wiki/Q129255433
A68: http://www.wikidata.org/entity/Q116656531 | B68: Anna Demets | C68: relevant persoon | D68: Guido naar Persoon | E68: https://www.wikidata.org/wiki/Q116656531 | F68: https://nl.wikipedia.org/wiki/Anna_Demets | H68: http://commons.wikimedia.org/wiki/Special:FilePath/Portretfoto%20Anna%20Demets.jpg
A69: http://www.wikidata.org/entity/Q119261055 | B69: Anna Theresia Morice | C69: familielid | D69: Guido naar Persoon | E69: https://www.wikidata.org/wiki/Q119261055
A70: http://www.wikidata.org/entity/Q116508558 | B70: Anne Hill | C70: relevant persoon | D70: Guido naar Persoon | E70: https://www.wikidata.org/wiki/Q116508558
A71: http://www.wikidata.org/entity/Q115830433 | B71: Antoine Wemaer | C71: relevant persoon | D71: Guido naar Persoon | E71: https://www.wikidata.org/wiki/Q115830433 | F71: https://nl.wikipedia.org/wiki/Antoon_Wemaer
A72: http://www.wikidata.org/entity/Q2360599 | B72: Antoon Jozef Witteryck | C72: relevant persoon | D72: Guido naar Persoon | E72: https://www.wikidata.org/wiki/Q2360599 | F72: https://nl.wikipedia.org/wiki/Antoon_Jozef_Witteryck | G72: https://commons.wikimedia.org/wiki/Category:Antoon Jozef Witteryck | H72: http://commons.wikimedia.org/wiki/Special:FilePath/Wytterick%2023.JPG | J72: https://viaf.org/viaf/10953367
A73: http://www.wikidata.org/entity/Q62117109 | B73: Antoon Verwaetermeulen | C73: relevant persoon | D73: Guido naar Persoon | E73: https://www.wikidata.org/wiki/Q62117109
A74: http://www.wikidata.org/entity/Q120897770 | B74: Armand Valcke | C74: relevant persoon | D74: Guido naar Persoon | E74: https://www.wikidata.org/wiki/Q120897770
A75: http://www.wikidata.org/entity/Q115979140 | B75: Arsenius Dehulster | C75: relevant persoon | D75: Guido naar Persoon | E75: https://www.wikidata.org/wiki/Q115979140
A76: http://www.wikidata.org/entity/Q3450211 | B76: Arthur De Schrevel | C76: relevant persoon | D76: Guido naar Persoon | E76: https://www.wikidata.org/wiki/Q3450211 | F76: https://nl.wikipedia.org/wiki/Arthur_De_Schrevel | J76: https://viaf.org/viaf/22517057
A77: http://www.wikidata.org/entity/Q122971839 | B77: Arthur Jean Botte | C77: relevant persoon | D77: Guido naar Persoon | E77: https://www.wikidata.org/wiki/Q122971839
A78: http://www.wikidata.org/entity/Q115818861 | B78: Arthur Lewylle | C78: relevant persoon | D78: Guido naar Persoon | E78: https://www.wikidata.org/wiki/Q115818861
A79: http://www.wikidata.org/entity/Q115834833 | B79: Arthur Maria Gustavus Florimond Plettinck | C79: relevant persoon | D79: Guido naar Persoon | E79: https://www.wikidata.org/wiki/Q115834833
A80: http://www.wikidata.org/entity/Q120164850 | B80: Arthur Robinson | C80: relevant persoon | D80: Guido naar Persoon | E80: https://www.wikidata.org/wiki/Q120164850
A81: http://www.wikidata.org/entity/Q115979812 | B81: August Busschaert | C81: relevant persoon | D81: Guido naar Persoon | E81: https://www.wikidata.org/wiki/Q115979812
A82: http://www.wikidata.org/entity/Q2215154 | B82: August Cuppens | C82: relevant persoon | D82: Guido naar Persoon | E82: https://www.wikidata.org/wiki/Q2215154 | F82: https://nl.wikipedia.org/wiki/August_Cuppens | J82: https://viaf.org/viaf/88731906
A83: http://www.wikidata.org/entity/Q120639934 | B83: August Delbaere | C83: relevant persoon | D83: Guido naar Persoon | E83: https://www.wikidata.org/wiki/Q120639934
A84: http://www.wikidata.org/entity/Q115818168 | B84: August Hoflack | C84: relevant persoon | D84: Guido naar Persoon | E84: https://www.wikidata.org/wiki/Q115818168
A85: http://www.wikidata.org/entity/Q115839088 | B85: August Laporta | C85: relevant persoon | D85: Guido naar Persoon | E85: https://www.wikidata.org/wiki/Q115839088
A86: http://www.wikidata.org/entity/Q119625085 | B86: August Selosse | C86: relevant persoon | D86: Guido naar Persoon | E86: https://www.wikidata.org/wiki/Q119625085
A87: http://www.wikidata.org/entity/Q764378 | B87: August Vermeylen | C87: relevant persoon | D87: Guido naar Persoon | E87: https://www.wikidata.org/wiki/Q764378 | F87: https://nl.wikipedia.org/wiki/August_Vermeylen | G87: https://commons.wikimedia.org/wiki/Category:August Vermeylen | H87: http://commons.wikimedia.org/wiki/Special:FilePath/AugustVermeylen2.jpg | J87: https://viaf.org/viaf/22946210
A88: http://www.wikidata.org/entity/Q125535110 | B88: August William McDonogh | C88: relevant persoon | D88: Guido naar Persoon | E88: https://www.wikidata.org/wiki/Q125535110
A89: http://www.wikidata.org/entity/Q122842403 | B89: Augusta Lewis Bampfield | C89: relevant persoon | D89: Guido naar Persoon | E89: https://www.wikidata.org/wiki/Q122842403
A90: http://www.wikidata.org/entity/Q117246862 | B90: Augusta Maria Mathildis Vyncke | C90: relevant persoon | D90: Guido naar Persoon | E90: https://www.wikidata.org/wiki/Q117246862
A91: http://www.wikidata.org/entity/Q2490990 | B91: Auguste Reynaert | C91: relevant persoon | D91: Guido naar Persoon | E91: https://www.wikidata.org/wiki/Q2490990 | F91: https://nl.wikipedia.org/wiki/Auguste_Reynaert | G91: https://commons.wikimedia.org/wiki/Category:August Reynaert | H91: http://commons.wikimedia.org/wiki/Special:FilePath/Kortrijk%20Astridpark-11.JPG | J91: https://viaf.org/viaf/11320755
A92: http://www.wikidata.org/entity/Q2658862 | B92: Auguste Van Speybrouck | C92: relevant persoon | D92: Guido naar Persoon | E92: https://www.wikidata.org/wiki/Q2658862 | F92: https://nl.wikipedia.org/wiki/Auguste_Van_Speybrouck | J92: https://viaf.org/viaf/280870592
A93: http://www.wikidata.org/entity/Q115813025 | B93: Auguste de Laage de Bellefaye | C93: relevant persoon | D93: Guido naar Persoon | E93: https://www.wikidata.org/wiki/Q115813025
A94: http://www.wikidata.org/entity/Q120999304 | B94: Augustijn Van Heuverswyn | C94: relevant persoon | D94: Guido naar Persoon | E94: https://www.wikidata.org/wiki/Q120999304
A95: http://www.wikidata.org/entity/Q115825488 | B95: Augustin Frutsaert | C95: relevant persoon | D95: Guido naar Persoon | E95: https://www.wikidata.org/wiki/Q115825488
A96: http://www.wikidata.org/entity/Q115844105 | B96: Augustin Van Becelaere | C96: relevant persoon | D96: Guido naar Persoon | E96: https://www.wikidata.org/wiki/Q115844105
A97: http://www.wikidata.org/entity/Q115979130 | B97: Augustinus De Geetere | C97: relevant persoon | D97: Guido naar Persoon | E97: https://www.wikidata.org/wiki/Q115979130
A98: http://www.wikidata.org/entity/Q115979130 | B98: Augustinus De Geetere | C98: student | D98: Guido naar Persoon | E98: https://www.wikidata.org/wiki/Q115979130
A99: http://www.wikidata.org/entity/Q115835531 | B99: Augustinus Ghequiere | C99: relevant persoon | D99: Guido naar Persoon | E99: https://www.wikidata.org/wiki/Q115835531
A100: http://www.wikidata.org/entity/Q115840920 | B100: Augustus Declerc | C100: relevant persoon | D100: Guido naar Persoon | E100: https://www.wikidata.org/wiki/Q115840920
...

Sheet RawQ2AV1
A1: person | B1: personLabel | C1: rolItem | D1: rolLabel | E1: richting | F1: wikidataLink | G1: wikipediaLink | H1: commonsLink | I1: image | J1: bioPortaalLink | K1: viafLink
A2: http://www.wikidata.org/entity/Q136793932 | B2: Adèle Serweytens | C2: http://www.wikidata.org/entity/Q28008277 | D2: bekende | E2: Persoon naar Guido | F2: https://www.wikidata.org/wiki/Q136793932
A3: http://www.wikidata.org/entity/Q115811921 | B3: Alexandre Berghman | C3: http://www.wikidata.org/entity/Q28008277 | D3: bekende | E3: Persoon naar Guido | F3: https://www.wikidata.org/wiki/Q115811921
A4: http://www.wikidata.org/entity/Q129255433 | B4: Ann Mary Eyre | C4: http://www.wikidata.org/entity/Q28008277 | D4: bekende | E4: Persoon naar Guido | F4: https://www.wikidata.org/wiki/Q129255433
A5: http://www.wikidata.org/entity/Q117263671 | B5: Caroline Janssens | C5: http://www.wikidata.org/entity/Q28008277 | D5: bekende | E5: Persoon naar Guido | F5: https://www.wikidata.org/wiki/Q117263671
A6: http://www.wikidata.org/entity/Q136805616 | B6: Charles François Joseph Soudan | C6: http://www.wikidata.org/entity/Q28008277 | D6: bekende | E6: Persoon naar Guido | F6: https://www.wikidata.org/wiki/Q136805616
A7: http://www.wikidata.org/entity/Q122791372 | B7: Franciscus Leopoldus De Backere | C7: http://www.wikidata.org/entity/Q28008277 | D7: bekende | E7: Persoon naar Guido | F7: https://www.wikidata.org/wiki/Q122791372
A8: http://www.wikidata.org/entity/Q119794240 | B8: Hendrik Berghman | C8: http://www.wikidata.org/entity/Q28008277 | D8: bekende | E8: Persoon naar Guido | F8: https://www.wikidata.org/wiki/Q119794240
A9: http://www.wikidata.org/entity/Q126648476 | B9: Joseph Antonius Maria Ghislenus Anastasius Johannes Nepomucenus de Pélichy | C9: http://www.wikidata.org/entity/Q28008277 | D9: bekende | E9: Persoon naar Guido | F9: https://www.wikidata.org/wiki/Q126648476 | I9: http://commons.wikimedia.org/wiki/Special:FilePath/Joseph%20de%20Pelichy.jpg
A10: http://www.wikidata.org/entity/Q136814371 | B10: Louis Jean Van den Bilcke | C10: http://www.wikidata.org/entity/Q28008277 | D10: bekende | E10: Persoon naar Guido | F10: https://www.wikidata.org/wiki/Q136814371
A11: http://www.wikidata.org/entity/Q128053464 | B11: Marie Thérèse Courtens | C11: http://www.wikidata.org/entity/Q28008277 | D11: bekende | E11: Persoon naar Guido | F11: https://www.wikidata.org/wiki/Q128053464
A12: http://www.wikidata.org/entity/Q126913566 | B12: Valeer Alfons Vansteenhuyse | C12: http://www.wikidata.org/entity/Q28008277 | D12: bekende | E12: Persoon naar Guido | F12: https://www.wikidata.org/wiki/Q126913566
A13: http://www.wikidata.org/entity/Q129256307 | B13: Vincent William Eyre | C13: http://www.wikidata.org/entity/Q28008277 | D13: bekende | E13: Persoon naar Guido | F13: https://www.wikidata.org/wiki/Q129256307
A14: http://www.wikidata.org/entity/Q129256364 | B14: William Henry Eyre | C14: http://www.wikidata.org/entity/Q28008277 | D14: bekende | E14: Persoon naar Guido | F14: https://www.wikidata.org/wiki/Q129256364
A15: http://www.wikidata.org/entity/Q117226377 | B15: Emma Crombet | C15: http://www.wikidata.org/entity/Q16827718 | D15: biechtvader | E15: Persoon naar Guido | F15: https://www.wikidata.org/wiki/Q117226377
A16: http://www.wikidata.org/entity/Q116508871 | B16: Helena Amelia Walton | C16: http://www.wikidata.org/entity/Q16827718 | D16: biechtvader | E16: Persoon naar Guido | F16: https://www.wikidata.org/wiki/Q116508871
A17: http://www.wikidata.org/entity/Q129159907 | B17: Marie Louise Philomène Devrome | C17: http://www.wikidata.org/entity/Q16827718 | D17: biechtvader | E17: Persoon naar Guido | F17: https://www.wikidata.org/wiki/Q129159907
A18: http://www.wikidata.org/entity/Q122842204 | B18: Mary Louisa Farbrother | C18: http://www.wikidata.org/entity/Q16827718 | D18: biechtvader | E18: Persoon naar Guido | F18: https://www.wikidata.org/wiki/Q122842204
A19: http://www.wikidata.org/entity/Q115817390 | B19: Victor Lanssen | C19: http://www.wikidata.org/entity/Q16827718 | D19: biechtvader | E19: Persoon naar Guido | F19: https://www.wikidata.org/wiki/Q115817390
A20: http://www.wikidata.org/entity/Q115818424 | B20: Achiel Piepers | C20: http://www.wikidata.org/entity/Q3589290 | D20: briefschrijver | E20: Persoon naar Guido | F20: https://www.wikidata.org/wiki/Q115818424
A21: http://www.wikidata.org/entity/Q119013873 | B21: Achiel Van de Putte | C21: http://www.wikidata.org/entity/Q3589290 | D21: briefschrijver | E21: Persoon naar Guido | F21: https://www.wikidata.org/wiki/Q119013873
A22: http://www.wikidata.org/entity/Q119217729 | B22: Achille Croquison | C22: http://www.wikidata.org/entity/Q3589290 | D22: briefschrijver | E22: Persoon naar Guido | F22: https://www.wikidata.org/wiki/Q119217729
A23: http://www.wikidata.org/entity/Q113754119 | B23: Adolf De Wolf | C23: http://www.wikidata.org/entity/Q3589290 | D23: briefschrijver | E23: Persoon naar Guido | F23: https://www.wikidata.org/wiki/Q113754119 | G23: https://nl.wikipedia.org/wiki/Adolf_De_Wolf
A24: http://www.wikidata.org/entity/Q2524668 | B24: Adolf Duclos | C24: http://www.wikidata.org/entity/Q3589290 | D24: briefschrijver | E24: Persoon naar Guido | F24: https://www.wikidata.org/wiki/Q2524668 | G24: https://nl.wikipedia.org/wiki/Adolf_Duclos | H24: https://commons.wikimedia.org/wiki/Category:Adolf Duclos | I24: http://commons.wikimedia.org/wiki/Special:FilePath/Adolf%20Duclos001.jpg | K24: https://viaf.org/viaf/89293479
A25: http://www.wikidata.org/entity/Q43140929 | B25: Adolf Pauwels | C25: http://www.wikidata.org/entity/Q3589290 | D25: briefschrijver | E25: Persoon naar Guido | F25: https://www.wikidata.org/wiki/Q43140929 | K25: https://viaf.org/viaf/27812240
A26: http://www.wikidata.org/entity/Q100534520 | B26: Adolf Verriest | C26: http://www.wikidata.org/entity/Q3589290 | D26: briefschrijver | E26: Persoon naar Guido | F26: https://www.wikidata.org/wiki/Q100534520 | G26: https://nl.wikipedia.org/wiki/Adolf_Verriest | I26: http://commons.wikimedia.org/wiki/Special:FilePath/Adolf%20Karel%20vader%20Petrus%20moeder%20Carolina%20Verriest%20in%201861.jpg
A27: http://www.wikidata.org/entity/Q116687284 | B27: Agnes Mary Christophers | C27: http://www.wikidata.org/entity/Q3589290 | D27: briefschrijver | E27: Persoon naar Guido | F27: https://www.wikidata.org/wiki/Q116687284
A28: http://www.wikidata.org/entity/Q118772822 | B28: Albert Aimé Marie Vandewalle | C28: http://www.wikidata.org/entity/Q3589290 | D28: briefschrijver | E28: Persoon naar Guido | F28: https://www.wikidata.org/wiki/Q118772822
A29: http://www.wikidata.org/entity/Q586323 | B29: Albert Verwey | C29: http://www.wikidata.org/entity/Q3589290 | D29: briefschrijver | E29: Persoon naar Guido | F29: https://www.wikidata.org/wiki/Q586323 | G29: https://nl.wikipedia.org/wiki/Albert_Verwey | H29: https://commons.wikimedia.org/wiki/Category:Albert Verwey | I29: http://commons.wikimedia.org/wiki/Special:FilePath/Portret%20van%20Albert%20Verwey%20Rijksmuseum%20SK-C-1680.jpeg | K29: https://viaf.org/viaf/49275816
A30: http://www.wikidata.org/entity/Q2832059 | B30: Albéric Emmanuel Henri Marie Ghislain Ruzette | C30: http://www.wikidata.org/entity/Q3589290 | D30: briefschrijver | E30: Persoon naar Guido | F30: https://www.wikidata.org/wiki/Q2832059 | G30: https://nl.wikipedia.org/wiki/Alb%C3%A9ric_Ruzette | H30: https://commons.wikimedia.org/wiki/Category:Albéric Ruzette | I30: http://commons.wikimedia.org/wiki/Special:FilePath/Weekblad%20Pallieter%20-%20voorpagina%201924%2023%20baron%20ruzette.jpg
A31: http://www.wikidata.org/entity/Q56036018 | B31: Alexandre Bonvarlet | C31: http://www.wikidata.org/entity/Q3589290 | D31: briefschrijver | E31: Persoon naar Guido | F31: https://www.wikidata.org/wiki/Q56036018 | H31: https://commons.wikimedia.org/wiki/Category:Alexandre Bonvarlet | I31: http://commons.wikimedia.org/wiki/Special:FilePath/Alexandre%20Bonvarlet%20by%20Michel%20Berthaud.jpg | K31: https://viaf.org/viaf/7516908
A32: http://www.wikidata.org/entity/Q118142378 | B32: Alfons Bouckaert | C32: http://www.wikidata.org/entity/Q3589290 | D32: briefschrijver | E32: Persoon naar Guido | F32: https://www.wikidata.org/wiki/Q118142378
A33: http://www.wikidata.org/entity/Q110039191 | B33: Alfons Dassonville | C33: http://www.wikidata.org/entity/Q3589290 | D33: briefschrijver | E33: Persoon naar Guido | F33: https://www.wikidata.org/wiki/Q110039191
A34: http://www.wikidata.org/entity/Q2100582 | B34: Alfons De Cock | C34: http://www.wikidata.org/entity/Q3589290 | D34: briefschrijver | E34: Persoon naar Guido | F34: https://www.wikidata.org/wiki/Q2100582 | G34: https://nl.wikipedia.org/wiki/Alfons_de_Cock | H34: https://commons.wikimedia.org/wiki/Category:Alfons De Cock | I34: http://commons.wikimedia.org/wiki/Special:FilePath/Alfons%20de%20Cock%2C%20PA05233.jpg | K34: https://viaf.org/viaf/34816409
A35: http://www.wikidata.org/entity/Q2638823 | B35: Alfons Janssens | C35: http://www.wikidata.org/entity/Q3589290 | D35: briefschrijver | E35: Persoon naar Guido | F35: https://www.wikidata.org/wiki/Q2638823 | G35: https://nl.wikipedia.org/wiki/Alfons_Janssens_(politicus) | H35: https://commons.wikimedia.org/wiki/Category:Alfons Janssens | I35: http://commons.wikimedia.org/wiki/Special:FilePath/Alfons%20Janssens.jpg
A36: http://www.wikidata.org/entity/Q56036059 | B36: Alfons Maria Napoleon Prayon-van Zuylen van Nyevelt | C36: http://www.wikidata.org/entity/Q3589290 | D36: briefschrijver | E36: Persoon naar Guido | F36: https://www.wikidata.org/wiki/Q56036059 | K36: https://viaf.org/viaf/89687993
A37: http://www.wikidata.org/entity/Q2539969 | B37: Alfons Siffer | C37: http://www.wikidata.org/entity/Q3589290 | D37: briefschrijver | E37: Persoon naar Guido | F37: https://www.wikidata.org/wiki/Q2539969 | G37: https://nl.wikipedia.org/wiki/Alfons_Siffer | I37: http://commons.wikimedia.org/wiki/Special:FilePath/Alfons%20Siffer%201850-1941.jpg | K37: https://viaf.org/viaf/193449593
A38: http://www.wikidata.org/entity/Q2050293 | B38: Alfons Van Hee | C38: http://www.wikidata.org/entity/Q3589290 | D38: briefschrijver | E38: Persoon naar Guido | F38: https://www.wikidata.org/wiki/Q2050293 | G38: https://nl.wikipedia.org/wiki/Alfons_Van_Hee
A39: http://www.wikidata.org/entity/Q26845752 | B39: Alfred Guichon de Grandpont | C39: http://www.wikidata.org/entity/Q3589290 | D39: briefschrijver | E39: Persoon naar Guido | F39: https://www.wikidata.org/wiki/Q26845752 | K39: https://viaf.org/viaf/88981493
A40: http://www.wikidata.org/entity/Q115979418 | B40: Aloysius Vandemaele | C40: http://www.wikidata.org/entity/Q3589290 | D40: briefschrijver | E40: Persoon naar Guido | F40: https://www.wikidata.org/wiki/Q115979418
A41: http://www.wikidata.org/entity/Q2580620 | B41: Aloïs Nelis | C41: http://www.wikidata.org/entity/Q3589290 | D41: briefschrijver | E41: Persoon naar Guido | F41: https://www.wikidata.org/wiki/Q2580620 | G41: https://nl.wikipedia.org/wiki/Alo%C3%AFs_Nelis
A42: http://www.wikidata.org/entity/Q2298746 | B42: Aloïs Walgrave | C42: http://www.wikidata.org/entity/Q3589290 | D42: briefschrijver | E42: Persoon naar Guido | F42: https://www.wikidata.org/wiki/Q2298746 | G42: https://nl.wikipedia.org/wiki/Alo%C3%AFs_Walgrave | H42: https://commons.wikimedia.org/wiki/Category:Aloïs Walgrave | K42: https://viaf.org/viaf/61918346
A43: http://www.wikidata.org/entity/Q2450554 | B43: Alphonse De Leyn | C43: http://www.wikidata.org/entity/Q3589290 | D43: briefschrijver | E43: Persoon naar Guido | F43: https://www.wikidata.org/wiki/Q2450554 | G43: https://nl.wikipedia.org/wiki/Alphonse_De_Leyn | K43: https://viaf.org/viaf/4993145857103622920901
A44: http://www.wikidata.org/entity/Q2099446 | B44: Amaat Joos | C44: http://www.wikidata.org/entity/Q3589290 | D44: briefschrijver | E44: Persoon naar Guido | F44: https://www.wikidata.org/wiki/Q2099446 | G44: https://nl.wikipedia.org/wiki/Amaat_Joos | I44: http://commons.wikimedia.org/wiki/Special:FilePath/Amaat%20Joos.jpg | K44: https://viaf.org/viaf/290811985
A45: http://www.wikidata.org/entity/Q3421496 | B45: Amaat Vyncke | C45: http://www.wikidata.org/entity/Q3589290 | D45: briefschrijver | E45: Persoon naar Guido | F45: https://www.wikidata.org/wiki/Q3421496 | G45: https://nl.wikipedia.org/wiki/Amaat_Vyncke | H45: https://commons.wikimedia.org/wiki/Category:Amaat Vyncke | I45: http://commons.wikimedia.org/wiki/Special:FilePath/Amaat%20Vyncke.jpg | K45: https://viaf.org/viaf/286791405
A46: http://www.wikidata.org/entity/Q970036 | B46: Amand Neut | C46: http://www.wikidata.org/entity/Q3589290 | D46: briefschrijver | E46: Persoon naar Guido | F46: https://www.wikidata.org/wiki/Q970036
A47: http://www.wikidata.org/entity/Q2481707 | B47: Amand de Vos | C47: http://www.wikidata.org/entity/Q3589290 | D47: briefschrijver | E47: Persoon naar Guido | F47: https://www.wikidata.org/wiki/Q2481707 | G47: https://nl.wikipedia.org/wiki/Amand_de_Vos | I47: http://commons.wikimedia.org/wiki/Special:FilePath/Wazenaar%20Amand%20de%20Vos.jpg | K47: https://viaf.org/viaf/74219351
A48: http://www.wikidata.org/entity/Q2481707 | B48: Amand de Vos | C48: http://www.wikidata.org/entity/Q3589290 | D48: briefschrijver | E48: Persoon naar Guido | F48: https://www.wikidata.org/wiki/Q2481707 | G48: https://nl.wikipedia.org/wiki/Amand_de_Vos | I48: http://commons.wikimedia.org/wiki/Special:FilePath/Wazenaar%20Amand%20de%20Vos.jpg | K48: https://viaf.org/viaf/286212977
A49: http://www.wikidata.org/entity/Q124619468 | B49: Amelia Vander Stichele | C49: http://www.wikidata.org/entity/Q3589290 | D49: briefschrijver | E49: Persoon naar Guido | F49: https://www.wikidata.org/wiki/Q124619468 | G49: https://nl.wikipedia.org/wiki/Amelia_Van_der_Stichele | I49: http://commons.wikimedia.org/wiki/Special:FilePath/Schilderij%20Henri%20Dobbelaere%20Engelendale.jpg
A50: http://www.wikidata.org/entity/Q1280942 | B50: Amédée Visart de Bocarmé | C50: http://www.wikidata.org/entity/Q3589290 | D50: briefschrijver | E50: Persoon naar Guido | F50: https://www.wikidata.org/wiki/Q1280942 | G50: https://nl.wikipedia.org/wiki/Amed%C3%A9e_Visart_de_Bocarm%C3%A9 | H50: https://commons.wikimedia.org/wiki/Category:Amedée Visart de Bocarmé | I50: http://commons.wikimedia.org/wiki/Special:FilePath/Portret%20van%20burgemeester%20Am%C3%A9d%C3%A9e%20Visart%20de%20Bocarm%C3%A9%2C%20circa%201837%20-%20circa%201924%2C%20Groeningemuseum%2C%200041286000.jpg | K50: https://viaf.org/viaf/90713808
A51: http://www.wikidata.org/entity/Q119039774 | B51: Andries J. Winkler | C51: http://www.wikidata.org/entity/Q3589290 | D51: briefschrijver | E51: Persoon naar Guido | F51: https://www.wikidata.org/wiki/Q119039774
A52: http://www.wikidata.org/entity/Q116656531 | B52: Anna Demets | C52: http://www.wikidata.org/entity/Q3589290 | D52: briefschrijver | E52: Persoon naar Guido | F52: https://www.wikidata.org/wiki/Q116656531 | G52: https://nl.wikipedia.org/wiki/Anna_Demets | I52: http://commons.wikimedia.org/wiki/Special:FilePath/Portretfoto%20Anna%20Demets.jpg
A53: http://www.wikidata.org/entity/Q116508558 | B53: Anne Hill | C53: http://www.wikidata.org/entity/Q3589290 | D53: briefschrijver | E53: Persoon naar Guido | F53: https://www.wikidata.org/wiki/Q116508558
A54: http://www.wikidata.org/entity/Q115830433 | B54: Antoine Wemaer | C54: http://www.wikidata.org/entity/Q3589290 | D54: briefschrijver | E54: Persoon naar Guido | F54: https://www.wikidata.org/wiki/Q115830433 | G54: https://nl.wikipedia.org/wiki/Antoon_Wemaer
A55: http://www.wikidata.org/entity/Q2360599 | B55: Antoon Jozef Witteryck | C55: http://www.wikidata.org/entity/Q3589290 | D55: briefschrijver | E55: Persoon naar Guido | F55: https://www.wikidata.org/wiki/Q2360599 | G55: https://nl.wikipedia.org/wiki/Antoon_Jozef_Witteryck | H55: https://commons.wikimedia.org/wiki/Category:Antoon Jozef Witteryck | I55: http://commons.wikimedia.org/wiki/Special:FilePath/Wytterick%2023.JPG | K55: https://viaf.org/viaf/10953367
A56: http://www.wikidata.org/entity/Q115979140 | B56: Arsenius Dehulster | C56: http://www.wikidata.org/entity/Q3589290 | D56: briefschrijver | E56: Persoon naar Guido | F56: https://www.wikidata.org/wiki/Q115979140
A57: http://www.wikidata.org/entity/Q3450211 | B57: Arthur De Schrevel | C57: http://www.wikidata.org/entity/Q3589290 | D57: briefschrijver | E57: Persoon naar Guido | F57: https://www.wikidata.org/wiki/Q3450211 | G57: https://nl.wikipedia.org/wiki/Arthur_De_Schrevel | K57: https://viaf.org/viaf/22517057
A58: http://www.wikidata.org/entity/Q115818861 | B58: Arthur Lewylle | C58: http://www.wikidata.org/entity/Q3589290 | D58: briefschrijver | E58: Persoon naar Guido | F58: https://www.wikidata.org/wiki/Q115818861
A59: http://www.wikidata.org/entity/Q2215154 | B59: August Cuppens | C59: http://www.wikidata.org/entity/Q3589290 | D59: briefschrijver | E59: Persoon naar Guido | F59: https://www.wikidata.org/wiki/Q2215154 | G59: https://nl.wikipedia.org/wiki/August_Cuppens | K59: https://viaf.org/viaf/88731906
A60: http://www.wikidata.org/entity/Q115818168 | B60: August Hoflack | C60: http://www.wikidata.org/entity/Q3589290 | D60: briefschrijver | E60: Persoon naar Guido | F60: https://www.wikidata.org/wiki/Q115818168
A61: http://www.wikidata.org/entity/Q115839088 | B61: August Laporta | C61: http://www.wikidata.org/entity/Q3589290 | D61: briefschrijver | E61: Persoon naar Guido | F61: https://www.wikidata.org/wiki/Q115839088
A62: http://www.wikidata.org/entity/Q764378 | B62: August Vermeylen | C62: http://www.wikidata.org/entity/Q3589290 | D62: briefschrijver | E62: Persoon naar Guido | F62: https://www.wikidata.org/wiki/Q764378 | G62: https://nl.wikipedia.org/wiki/August_Vermeylen | H62: https://commons.wikimedia.org/wiki/Category:August Vermeylen | I62: http://commons.wikimedia.org/wiki/Special:FilePath/AugustVermeylen2.jpg | K62: https://viaf.org/viaf/22946210
A63: http://www.wikidata.org/entity/Q125535110 | B63: August William McDonogh | C63: http://www.wikidata.org/entity/Q3589290 | D63: briefschrijver | E63: Persoon naar Guido | F63: https://www.wikidata.org/wiki/Q125535110
A64: http://www.wikidata.org/entity/Q2059291 | B64: Auguste Reyns | C64: http://www.wikidata.org/entity/Q3589290 | D64: briefschrijver | E64: Persoon naar Guido | F64: https://www.wikidata.org/wiki/Q2059291 | G64: https://nl.wikipedia.org/wiki/Auguste_Reyns
A65: http://www.wikidata.org/entity/Q120999304 | B65: Augustijn Van Heuverswyn | C65: http://www.wikidata.org/entity/Q3589290 | D65: briefschrijver | E65: Persoon naar Guido | F65: https://www.wikidata.org/wiki/Q120999304
A66: http://www.wikidata.org/entity/Q115844105 | B66: Augustin Van Becelaere | C66: http://www.wikidata.org/entity/Q3589290 | D66: briefschrijver | E66: Persoon naar Guido | F66: https://www.wikidata.org/wiki/Q115844105
A67: http://www.wikidata.org/entity/Q115979130 | B67: Augustinus De Geetere | C67: http://www.wikidata.org/entity/Q3589290 | D67: briefschrijver | E67: Persoon naar Guido | F67: https://www.wikidata.org/wiki/Q115979130
A68: http://www.wikidata.org/entity/Q115829623 | B68: Bruno De Splenter | C68: http://www.wikidata.org/entity/Q3589290 | D68: briefschrijver | E68: Persoon naar Guido | F68: https://www.wikidata.org/wiki/Q115829623
A69: http://www.wikidata.org/entity/Q115836783 | B69: Bruno Joseph Jean Vandale | C69: http://www.wikidata.org/entity/Q3589290 | D69: briefschrijver | E69: Persoon naar Guido | F69: https://www.wikidata.org/wiki/Q115836783
A70: http://www.wikidata.org/entity/Q115839360 | B70: Bruno Van Hove | C70: http://www.wikidata.org/entity/Q3589290 | D70: briefschrijver | E70: Persoon naar Guido | F70: https://www.wikidata.org/wiki/Q115839360 | I70: http://commons.wikimedia.org/wiki/Special:FilePath/A%20Monsieur%20le%20chanoine%20Van%20Hove%2C%201869%2C%20Musea%20Brugge%2C%200020.GRO0352.III.jpg
A71: http://www.wikidata.org/entity/Q115308515 | B71: Bruno Vander Stichele | C71: http://www.wikidata.org/entity/Q3589290 | D71: briefschrijver | E71: Persoon naar Guido | F71: https://www.wikidata.org/wiki/Q115308515 | G71: https://nl.wikipedia.org/wiki/Bruno_Vander_Stichele
A72: http://www.wikidata.org/entity/Q2154331 | B72: Caesar Gezelle | C72: http://www.wikidata.org/entity/Q3589290 | D72: briefschrijver | E72: Persoon naar Guido | F72: https://www.wikidata.org/wiki/Q2154331 | G72: https://nl.wikipedia.org/wiki/Caesar_Gezelle | K72: https://viaf.org/viaf/28277814
A73: http://www.wikidata.org/entity/Q115840234 | B73: Camiel Roelandts | C73: http://www.wikidata.org/entity/Q3589290 | D73: briefschrijver | E73: Persoon naar Guido | F73: https://www.wikidata.org/wiki/Q115840234
A74: http://www.wikidata.org/entity/Q117409336 | B74: Camille Lateur | C74: http://www.wikidata.org/entity/Q3589290 | D74: briefschrijver | E74: Persoon naar Guido | F74: https://www.wikidata.org/wiki/Q117409336
A75: http://www.wikidata.org/entity/Q116621487 | B75: Catharine Macdaniel | C75: http://www.wikidata.org/entity/Q3589290 | D75: briefschrijver | E75: Persoon naar Guido | F75: https://www.wikidata.org/wiki/Q116621487
A76: http://www.wikidata.org/entity/Q116620739 | B76: Catherine de Kyvere | C76: http://www.wikidata.org/entity/Q3589290 | D76: briefschrijver | E76: Persoon naar Guido | F76: https://www.wikidata.org/wiki/Q116620739
A77: http://www.wikidata.org/entity/Q1877721 | B77: Charles Carton | C77: http://www.wikidata.org/entity/Q3589290 | D77: briefschrijver | E77: Persoon naar Guido | F77: https://www.wikidata.org/wiki/Q1877721 | G77: https://nl.wikipedia.org/wiki/Charles_Carton | H77: https://commons.wikimedia.org/wiki/Category:Charles Carton | I77: http://commons.wikimedia.org/wiki/Special:FilePath/Charles%20Carton.jpg | K77: https://viaf.org/viaf/64790543
A78: http://www.wikidata.org/entity/Q2715338 | B78: Charles Delcour | C78: http://www.wikidata.org/entity/Q3589290 | D78: briefschrijver | E78: Persoon naar Guido | F78: https://www.wikidata.org/wiki/Q2715338 | G78: https://nl.wikipedia.org/wiki/Charles_Delcour | H78: https://commons.wikimedia.org/wiki/Category:Charles Delcour | I78: http://commons.wikimedia.org/wiki/Special:FilePath/Membres%20du%20Minist%C3%A8re%20%28Delcour%29.jpg | K78: https://viaf.org/viaf/88840827
A79: http://www.wikidata.org/entity/Q125472556 | B79: Charles Grant Edmonstone | C79: http://www.wikidata.org/entity/Q3589290 | D79: briefschrijver | E79: Persoon naar Guido | F79: https://www.wikidata.org/wiki/Q125472556
A80: http://www.wikidata.org/entity/Q122974430 | B80: Charles Joseph Pagliano | C80: http://www.wikidata.org/entity/Q3589290 | D80: briefschrijver | E80: Persoon naar Guido | F80: https://www.wikidata.org/wiki/Q122974430
A81: http://www.wikidata.org/entity/Q3538623 | B81: Charles van Caloen | C81: http://www.wikidata.org/entity/Q3589290 | D81: briefschrijver | E81: Persoon naar Guido | F81: https://www.wikidata.org/wiki/Q3538623 | G81: https://nl.wikipedia.org/wiki/Charles_van_Caloen | H81: https://commons.wikimedia.org/wiki/Category:Charles van Caloen | I81: http://commons.wikimedia.org/wiki/Special:FilePath/PM%20161806%20B%20Loppem%20%28Charles%20van%20Caloen%29.jpg
A82: http://www.wikidata.org/entity/Q1149378 | B82: Charlotte Fitzalan-Howard, Duchess of Norfolk | C82: http://www.wikidata.org/entity/Q3589290 | D82: briefschrijver | E82: Persoon naar Guido | F82: https://www.wikidata.org/wiki/Q1149378 | I82: http://commons.wikimedia.org/wiki/Special:FilePath/Charlotte%20Sophia%2C%20Countess%20of%20Surrey%20%281788-1870%29%2C%20by%20studio%20of%20Sir%20Thomas%20Lawrence.jpg
A83: http://www.wikidata.org/entity/Q122974373 | B83: Clara Andrews | C83: http://www.wikidata.org/entity/Q3589290 | D83: briefschrijver | E83: Persoon naar Guido | F83: https://www.wikidata.org/wiki/Q122974373
A84: http://www.wikidata.org/entity/Q116510419 | B84: Colette Virginie Parvost | C84: http://www.wikidata.org/entity/Q3589290 | D84: briefschrijver | E84: Persoon naar Guido | F84: https://www.wikidata.org/wiki/Q116510419
A85: http://www.wikidata.org/entity/Q2457997 | B85: Constant Hansen | C85: http://www.wikidata.org/entity/Q3589290 | D85: briefschrijver | E85: Persoon naar Guido | F85: https://www.wikidata.org/wiki/Q2457997 | G85: https://nl.wikipedia.org/wiki/Constant_Hansen | H85: https://commons.wikimedia.org/wiki/Category:Constant Hansen | I85: http://commons.wikimedia.org/wiki/Special:FilePath/Hansen%2C%20Constant%20Jacob%20%281833-1910%29%3B%20letterkundige%20en%20hoofdbibliothecaris%20stadsbibliotheek%20Antwerpen%2C%20Haeck%2C%20Leopold%2C%20Felixarchief%2C%2012%209296%20recto%20%28cropped%29.jpg | K85: https://viaf.org/viaf/67217393
A86: http://www.wikidata.org/entity/Q115837342 | B86: Constantinus Roelandts | C86: http://www.wikidata.org/entity/Q3589290 | D86: briefschrijver | E86: Persoon naar Guido | F86: https://www.wikidata.org/wiki/Q115837342
A87: http://www.wikidata.org/entity/Q113466955 | B87: Cordelia Van de Wiele | C87: http://www.wikidata.org/entity/Q3589290 | D87: briefschrijver | E87: Persoon naar Guido | F87: https://www.wikidata.org/wiki/Q113466955 | G87: https://nl.wikipedia.org/wiki/Cordelia_Van_de_Wiele | I87: http://commons.wikimedia.org/wiki/Special:FilePath/Cordelia%20Van%20de%20Wiele%20-%20secretaresse%20Guido%20Gezelle.jpg | K87: https://viaf.org/viaf/284507189
A88: http://www.wikidata.org/entity/Q98322098 | B88: Cyriel Delaere | C88: http://www.wikidata.org/entity/Q3589290 | D88: briefschrijver | E88: Persoon naar Guido | F88: https://www.wikidata.org/wiki/Q98322098 | G88: https://nl.wikipedia.org/wiki/Cyriel_Delaere
A89: http://www.wikidata.org/entity/Q118998471 | B89: Denis Auguste Julien Roger | C89: http://www.wikidata.org/entity/Q3589290 | D89: briefschrijver | E89: Persoon naar Guido | F89: https://www.wikidata.org/wiki/Q118998471
A90: http://www.wikidata.org/entity/Q115834834 | B90: Desideer Meersseman | C90: http://www.wikidata.org/entity/Q3589290 | D90: briefschrijver | E90: Persoon naar Guido | F90: https://www.wikidata.org/wiki/Q115834834
A91: http://www.wikidata.org/entity/Q118733026 | B91: Domenico Macry Correale | C91: http://www.wikidata.org/entity/Q3589290 | D91: briefschrijver | E91: Persoon naar Guido | F91: https://www.wikidata.org/wiki/Q118733026 | K91: https://viaf.org/viaf/307365360
A92: http://www.wikidata.org/entity/Q55911879 | B92: Désiré Claes | C92: http://www.wikidata.org/entity/Q3589290 | D92: briefschrijver | E92: Persoon naar Guido | F92: https://www.wikidata.org/wiki/Q55911879 | K92: https://viaf.org/viaf/22507498
A93: http://www.wikidata.org/entity/Q377071 | B93: Edgar Tinel | C93: http://www.wikidata.org/entity/Q3589290 | D93: briefschrijver | E93: Persoon naar Guido | F93: https://www.wikidata.org/wiki/Q377071 | G93: https://nl.wikipedia.org/wiki/Edgar_Tinel | H93: https://commons.wikimedia.org/wiki/Category:Edgar Tinel | I93: http://commons.wikimedia.org/wiki/Special:FilePath/Edgar%20Tinel%201911.jpg | K93: https://viaf.org/viaf/66732393
A94: http://www.wikidata.org/entity/Q118120867 | B94: Edmond De Plancke | C94: http://www.wikidata.org/entity/Q3589290 | D94: briefschrijver | E94: Persoon naar Guido | F94: https://www.wikidata.org/wiki/Q118120867
A95: http://www.wikidata.org/entity/Q13575367 | B95: Edmond Denys | C95: http://www.wikidata.org/entity/Q3589290 | D95: briefschrijver | E95: Persoon naar Guido | F95: https://www.wikidata.org/wiki/Q13575367 | G95: https://nl.wikipedia.org/wiki/Edmond_Denys | K95: https://viaf.org/viaf/28149976
A96: http://www.wikidata.org/entity/Q118792556 | B96: Edmund Benedict Hicks | C96: http://www.wikidata.org/entity/Q3589290 | D96: briefschrijver | E96: Persoon naar Guido | F96: https://www.wikidata.org/wiki/Q118792556
A97: http://www.wikidata.org/entity/Q2360914 | B97: Edward Gailliard | C97: http://www.wikidata.org/entity/Q3589290 | D97: briefschrijver | E97: Persoon naar Guido | F97: https://www.wikidata.org/wiki/Q2360914 | G97: https://nl.wikipedia.org/wiki/Edward_Gailliard | H97: https://commons.wikimedia.org/wiki/Category:Edward Gailliard | K97: https://viaf.org/viaf/66600101
A98: http://www.wikidata.org/entity/Q13575404 | B98: Edward Van Even | C98: http://www.wikidata.org/entity/Q3589290 | D98: briefschrijver | E98: Persoon naar Guido | F98: https://www.wikidata.org/wiki/Q13575404 | G98: https://nl.wikipedia.org/wiki/Edward_Van_Even | H98: https://commons.wikimedia.org/wiki/Category:Edward Van Even | I98: http://commons.wikimedia.org/wiki/Special:FilePath/EdwardVanEven.jpg | K98: https://viaf.org/viaf/10117119
A99: http://www.wikidata.org/entity/Q113925472 | B99: Edward Van Robays | C99: http://www.wikidata.org/entity/Q3589290 | D99: briefschrijver | E99: Persoon naar Guido | F99: https://www.wikidata.org/wiki/Q113925472 | G99: https://nl.wikipedia.org/wiki/Edward_Van_Robays
A100: http://www.wikidata.org/entity/Q119217748 | B100: Edward Vlietinck | C100: http://www.wikidata.org/entity/Q3589290 | D100: briefschrijver | E100: Persoon naar Guido | F100: https://www.wikidata.org/wiki/Q119217748
...

Sheet RawQ2BV1
A1: person | B1: personLabel | C1: rolItem | D1: rolLabel | E1: richting | F1: wikidataLink | G1: wikipediaLink | H1: commonsLink | I1: image | J1: bioPortaalLink | K1: viafLink
A2: http://www.wikidata.org/entity/Q126687489 | B2: Romain Joseph Lagae | C2: http://www.wikidata.org/entity/Q39631 | D2: arts | E2: Guido naar Persoon | F2: https://www.wikidata.org/wiki/Q126687489
A3: http://www.wikidata.org/entity/Q136793932 | B3: Adèle Serweytens | C3: http://www.wikidata.org/entity/Q28008277 | D3: bekende | E3: Guido naar Persoon | F3: https://www.wikidata.org/wiki/Q136793932
A4: http://www.wikidata.org/entity/Q115811921 | B4: Alexandre Berghman | C4: http://www.wikidata.org/entity/Q28008277 | D4: bekende | E4: Guido naar Persoon | F4: https://www.wikidata.org/wiki/Q115811921
A5: http://www.wikidata.org/entity/Q136793801 | B5: Alphonse Marie Joseph Ghislain Antoine Maus | C5: http://www.wikidata.org/entity/Q28008277 | D5: bekende | E5: Guido naar Persoon | F5: https://www.wikidata.org/wiki/Q136793801
A6: http://www.wikidata.org/entity/Q129255433 | B6: Ann Mary Eyre | C6: http://www.wikidata.org/entity/Q28008277 | D6: bekende | E6: Guido naar Persoon | F6: https://www.wikidata.org/wiki/Q129255433
A7: http://www.wikidata.org/entity/Q117263671 | B7: Caroline Janssens | C7: http://www.wikidata.org/entity/Q28008277 | D7: bekende | E7: Guido naar Persoon | F7: https://www.wikidata.org/wiki/Q117263671
A8: http://www.wikidata.org/entity/Q122791372 | B8: Franciscus Leopoldus De Backere | C8: http://www.wikidata.org/entity/Q28008277 | D8: bekende | E8: Guido naar Persoon | F8: https://www.wikidata.org/wiki/Q122791372
A9: http://www.wikidata.org/entity/Q126648476 | B9: Joseph Antonius Maria Ghislenus Anastasius Johannes Nepomucenus de Pélichy | C9: http://www.wikidata.org/entity/Q28008277 | D9: bekende | E9: Guido naar Persoon | F9: https://www.wikidata.org/wiki/Q126648476 | I9: http://commons.wikimedia.org/wiki/Special:FilePath/Joseph%20de%20Pelichy.jpg
A10: http://www.wikidata.org/entity/Q128053464 | B10: Marie Thérèse Courtens | C10: http://www.wikidata.org/entity/Q28008277 | D10: bekende | E10: Guido naar Persoon | F10: https://www.wikidata.org/wiki/Q128053464
A11: http://www.wikidata.org/entity/Q126913566 | B11: Valeer Alfons Vansteenhuyse | C11: http://www.wikidata.org/entity/Q28008277 | D11: bekende | E11: Guido naar Persoon | F11: https://www.wikidata.org/wiki/Q126913566
A12: http://www.wikidata.org/entity/Q129256307 | B12: Vincent William Eyre | C12: http://www.wikidata.org/entity/Q28008277 | D12: bekende | E12: Guido naar Persoon | F12: https://www.wikidata.org/wiki/Q129256307
A13: http://www.wikidata.org/entity/Q129256364 | B13: William Henry Eyre | C13: http://www.wikidata.org/entity/Q28008277 | D13: bekende | E13: Guido naar Persoon | F13: https://www.wikidata.org/wiki/Q129256364
A14: http://www.wikidata.org/entity/Q115829742 | B14: Bernardus Nachtergaele | C14: http://www.wikidata.org/entity/Q16827718 | D14: biechtvader | E14: Guido naar Persoon | F14: https://www.wikidata.org/wiki/Q115829742 | I14: http://commons.wikimedia.org/wiki/Special:FilePath/Bernard%20Nachtergaele%2C%20PA03099.jpg
A15: http://www.wikidata.org/entity/Q115818424 | B15: Achiel Piepers | C15: http://www.wikidata.org/entity/Q3589290 | D15: briefschrijver | E15: Guido naar Persoon | F15: https://www.wikidata.org/wiki/Q115818424
A16: http://www.wikidata.org/entity/Q119013873 | B16: Achiel Van de Putte | C16: http://www.wikidata.org/entity/Q3589290 | D16: briefschrijver | E16: Guido naar Persoon | F16: https://www.wikidata.org/wiki/Q119013873
A17: http://www.wikidata.org/entity/Q119217729 | B17: Achille Croquison | C17: http://www.wikidata.org/entity/Q3589290 | D17: briefschrijver | E17: Guido naar Persoon | F17: https://www.wikidata.org/wiki/Q119217729
A18: http://www.wikidata.org/entity/Q115834468 | B18: Achilles Bohyn | C18: http://www.wikidata.org/entity/Q3589290 | D18: briefschrijver | E18: Guido naar Persoon | F18: https://www.wikidata.org/wiki/Q115834468
A19: http://www.wikidata.org/entity/Q123417058 | B19: Adela Pauline Courtens | C19: http://www.wikidata.org/entity/Q3589290 | D19: briefschrijver | E19: Guido naar Persoon | F19: https://www.wikidata.org/wiki/Q123417058
A20: http://www.wikidata.org/entity/Q125306156 | B20: Adelaida Antonia Vuylsteke | C20: http://www.wikidata.org/entity/Q3589290 | D20: briefschrijver | E20: Guido naar Persoon | F20: https://www.wikidata.org/wiki/Q125306156
A21: http://www.wikidata.org/entity/Q113754119 | B21: Adolf De Wolf | C21: http://www.wikidata.org/entity/Q3589290 | D21: briefschrijver | E21: Guido naar Persoon | F21: https://www.wikidata.org/wiki/Q113754119 | G21: https://nl.wikipedia.org/wiki/Adolf_De_Wolf
A22: http://www.wikidata.org/entity/Q2524668 | B22: Adolf Duclos | C22: http://www.wikidata.org/entity/Q3589290 | D22: briefschrijver | E22: Guido naar Persoon | F22: https://www.wikidata.org/wiki/Q2524668 | G22: https://nl.wikipedia.org/wiki/Adolf_Duclos | H22: https://commons.wikimedia.org/wiki/Category:Adolf Duclos | I22: http://commons.wikimedia.org/wiki/Special:FilePath/Adolf%20Duclos001.jpg | K22: https://viaf.org/viaf/89293479
A23: http://www.wikidata.org/entity/Q4722117 | B23: Adolf Lootens | C23: http://www.wikidata.org/entity/Q3589290 | D23: briefschrijver | E23: Guido naar Persoon | F23: https://www.wikidata.org/wiki/Q4722117 | G23: https://nl.wikipedia.org/wiki/Adolf_Lootens | K23: https://viaf.org/viaf/281835917
A24: http://www.wikidata.org/entity/Q43140929 | B24: Adolf Pauwels | C24: http://www.wikidata.org/entity/Q3589290 | D24: briefschrijver | E24: Guido naar Persoon | F24: https://www.wikidata.org/wiki/Q43140929 | K24: https://viaf.org/viaf/27812240
A25: http://www.wikidata.org/entity/Q100534520 | B25: Adolf Verriest | C25: http://www.wikidata.org/entity/Q3589290 | D25: briefschrijver | E25: Guido naar Persoon | F25: https://www.wikidata.org/wiki/Q100534520 | G25: https://nl.wikipedia.org/wiki/Adolf_Verriest | I25: http://commons.wikimedia.org/wiki/Special:FilePath/Adolf%20Karel%20vader%20Petrus%20moeder%20Carolina%20Verriest%20in%201861.jpg
A26: http://www.wikidata.org/entity/Q5580544 | B26: Adrianus Bogaers | C26: http://www.wikidata.org/entity/Q3589290 | D26: briefschrijver | E26: Guido naar Persoon | F26: https://www.wikidata.org/wiki/Q5580544 | H26: https://commons.wikimedia.org/wiki/Category:Adrianus Bogaers | I26: http://commons.wikimedia.org/wiki/Special:FilePath/Adrianus%20Bogaers.jpg | K26: https://viaf.org/viaf/282197539
A27: http://www.wikidata.org/entity/Q123051567 | B27: Agnes Cecilia Young | C27: http://www.wikidata.org/entity/Q3589290 | D27: briefschrijver | E27: Guido naar Persoon | F27: https://www.wikidata.org/wiki/Q123051567
A28: http://www.wikidata.org/entity/Q115814290 | B28: Aimé Erneste Marie Dierick | C28: http://www.wikidata.org/entity/Q3589290 | D28: briefschrijver | E28: Guido naar Persoon | F28: https://www.wikidata.org/wiki/Q115814290
A29: http://www.wikidata.org/entity/Q115834690 | B29: Aimé Lagae | C29: http://www.wikidata.org/entity/Q3589290 | D29: briefschrijver | E29: Guido naar Persoon | F29: https://www.wikidata.org/wiki/Q115834690
A30: http://www.wikidata.org/entity/Q15627098 | B30: Albany James Christie | C30: http://www.wikidata.org/entity/Q3589290 | D30: briefschrijver | E30: Guido naar Persoon | F30: https://www.wikidata.org/wiki/Q15627098 | K30: https://viaf.org/viaf/199151458
A31: http://www.wikidata.org/entity/Q118772822 | B31: Albert Aimé Marie Vandewalle | C31: http://www.wikidata.org/entity/Q3589290 | D31: briefschrijver | E31: Guido naar Persoon | F31: https://www.wikidata.org/wiki/Q118772822
A32: http://www.wikidata.org/entity/Q586323 | B32: Albert Verwey | C32: http://www.wikidata.org/entity/Q3589290 | D32: briefschrijver | E32: Guido naar Persoon | F32: https://www.wikidata.org/wiki/Q586323 | G32: https://nl.wikipedia.org/wiki/Albert_Verwey | H32: https://commons.wikimedia.org/wiki/Category:Albert Verwey | I32: http://commons.wikimedia.org/wiki/Special:FilePath/Portret%20van%20Albert%20Verwey%20Rijksmuseum%20SK-C-1680.jpeg | K32: https://viaf.org/viaf/49275816
A33: http://www.wikidata.org/entity/Q56036018 | B33: Alexandre Bonvarlet | C33: http://www.wikidata.org/entity/Q3589290 | D33: briefschrijver | E33: Guido naar Persoon | F33: https://www.wikidata.org/wiki/Q56036018 | H33: https://commons.wikimedia.org/wiki/Category:Alexandre Bonvarlet | I33: http://commons.wikimedia.org/wiki/Special:FilePath/Alexandre%20Bonvarlet%20by%20Michel%20Berthaud.jpg | K33: https://viaf.org/viaf/7516908
A34: http://www.wikidata.org/entity/Q125490771 | B34: Alexandre Marie Ghislain Gillès de Pélichy | C34: http://www.wikidata.org/entity/Q3589290 | D34: briefschrijver | E34: Guido naar Persoon | F34: https://www.wikidata.org/wiki/Q125490771 | K34: https://viaf.org/viaf/192623448
A35: http://www.wikidata.org/entity/Q2332586 | B35: Alexis De Carne | C35: http://www.wikidata.org/entity/Q3589290 | D35: briefschrijver | E35: Guido naar Persoon | F35: https://www.wikidata.org/wiki/Q2332586 | G35: https://nl.wikipedia.org/wiki/Alexis_De_Carne
A36: http://www.wikidata.org/entity/Q119729450 | B36: Alfons Algoet | C36: http://www.wikidata.org/entity/Q3589290 | D36: briefschrijver | E36: Guido naar Persoon | F36: https://www.wikidata.org/wiki/Q119729450
A37: http://www.wikidata.org/entity/Q118142378 | B37: Alfons Bouckaert | C37: http://www.wikidata.org/entity/Q3589290 | D37: briefschrijver | E37: Guido naar Persoon | F37: https://www.wikidata.org/wiki/Q118142378
A38: http://www.wikidata.org/entity/Q110039191 | B38: Alfons Dassonville | C38: http://www.wikidata.org/entity/Q3589290 | D38: briefschrijver | E38: Guido naar Persoon | F38: https://www.wikidata.org/wiki/Q110039191
A39: http://www.wikidata.org/entity/Q2100582 | B39: Alfons De Cock | C39: http://www.wikidata.org/entity/Q3589290 | D39: briefschrijver | E39: Guido naar Persoon | F39: https://www.wikidata.org/wiki/Q2100582 | G39: https://nl.wikipedia.org/wiki/Alfons_de_Cock | H39: https://commons.wikimedia.org/wiki/Category:Alfons De Cock | I39: http://commons.wikimedia.org/wiki/Special:FilePath/Alfons%20de%20Cock%2C%20PA05233.jpg | K39: https://viaf.org/viaf/34816409
A40: http://www.wikidata.org/entity/Q2638823 | B40: Alfons Janssens | C40: http://www.wikidata.org/entity/Q3589290 | D40: briefschrijver | E40: Guido naar Persoon | F40: https://www.wikidata.org/wiki/Q2638823 | G40: https://nl.wikipedia.org/wiki/Alfons_Janssens_(politicus) | H40: https://commons.wikimedia.org/wiki/Category:Alfons Janssens | I40: http://commons.wikimedia.org/wiki/Special:FilePath/Alfons%20Janssens.jpg
A41: http://www.wikidata.org/entity/Q56036059 | B41: Alfons Maria Napoleon Prayon-van Zuylen van Nyevelt | C41: http://www.wikidata.org/entity/Q3589290 | D41: briefschrijver | E41: Guido naar Persoon | F41: https://www.wikidata.org/wiki/Q56036059 | K41: https://viaf.org/viaf/89687993
A42: http://www.wikidata.org/entity/Q2675588 | B42: Alfons Mervillie | C42: http://www.wikidata.org/entity/Q3589290 | D42: briefschrijver | E42: Guido naar Persoon | F42: https://www.wikidata.org/wiki/Q2675588 | G42: https://nl.wikipedia.org/wiki/Alfons_Mervillie | H42: https://commons.wikimedia.org/wiki/Category:Alfons Mervillie | K42: https://viaf.org/viaf/306134590
A43: http://www.wikidata.org/entity/Q2539969 | B43: Alfons Siffer | C43: http://www.wikidata.org/entity/Q3589290 | D43: briefschrijver | E43: Guido naar Persoon | F43: https://www.wikidata.org/wiki/Q2539969 | G43: https://nl.wikipedia.org/wiki/Alfons_Siffer | I43: http://commons.wikimedia.org/wiki/Special:FilePath/Alfons%20Siffer%201850-1941.jpg | K43: https://viaf.org/viaf/193449593
A44: http://www.wikidata.org/entity/Q119621396 | B44: Alfons Steinmetz | C44: http://www.wikidata.org/entity/Q3589290 | D44: briefschrijver | E44: Guido naar Persoon | F44: https://www.wikidata.org/wiki/Q119621396
A45: http://www.wikidata.org/entity/Q120973166 | B45: Alfons Van Doorne | C45: http://www.wikidata.org/entity/Q3589290 | D45: briefschrijver | E45: Guido naar Persoon | F45: https://www.wikidata.org/wiki/Q120973166
A46: http://www.wikidata.org/entity/Q2050293 | B46: Alfons Van Hee | C46: http://www.wikidata.org/entity/Q3589290 | D46: briefschrijver | E46: Guido naar Persoon | F46: https://www.wikidata.org/wiki/Q2050293 | G46: https://nl.wikipedia.org/wiki/Alfons_Van_Hee
A47: http://www.wikidata.org/entity/Q26845752 | B47: Alfred Guichon de Grandpont | C47: http://www.wikidata.org/entity/Q3589290 | D47: briefschrijver | E47: Guido naar Persoon | F47: https://www.wikidata.org/wiki/Q26845752 | K47: https://viaf.org/viaf/88981493
A48: http://www.wikidata.org/entity/Q115820635 | B48: Alfred Neut | C48: http://www.wikidata.org/entity/Q3589290 | D48: briefschrijver | E48: Guido naar Persoon | F48: https://www.wikidata.org/wiki/Q115820635
A49: http://www.wikidata.org/entity/Q115815697 | B49: Aloysius De Visschere | C49: http://www.wikidata.org/entity/Q3589290 | D49: briefschrijver | E49: Guido naar Persoon | F49: https://www.wikidata.org/wiki/Q115815697
A50: http://www.wikidata.org/entity/Q115833316 | B50: Aloysius Farasyn | C50: http://www.wikidata.org/entity/Q3589290 | D50: briefschrijver | E50: Guido naar Persoon | F50: https://www.wikidata.org/wiki/Q115833316
A51: http://www.wikidata.org/entity/Q115979418 | B51: Aloysius Vandemaele | C51: http://www.wikidata.org/entity/Q3589290 | D51: briefschrijver | E51: Guido naar Persoon | F51: https://www.wikidata.org/wiki/Q115979418
A52: http://www.wikidata.org/entity/Q115821483 | B52: Aloïs Baelen | C52: http://www.wikidata.org/entity/Q3589290 | D52: briefschrijver | E52: Guido naar Persoon | F52: https://www.wikidata.org/wiki/Q115821483
A53: http://www.wikidata.org/entity/Q2580620 | B53: Aloïs Nelis | C53: http://www.wikidata.org/entity/Q3589290 | D53: briefschrijver | E53: Guido naar Persoon | F53: https://www.wikidata.org/wiki/Q2580620 | G53: https://nl.wikipedia.org/wiki/Alo%C3%AFs_Nelis
A54: http://www.wikidata.org/entity/Q119013806 | B54: Aloïs Van de Pitte | C54: http://www.wikidata.org/entity/Q3589290 | D54: briefschrijver | E54: Guido naar Persoon | F54: https://www.wikidata.org/wiki/Q119013806
A55: http://www.wikidata.org/entity/Q2298746 | B55: Aloïs Walgrave | C55: http://www.wikidata.org/entity/Q3589290 | D55: briefschrijver | E55: Guido naar Persoon | F55: https://www.wikidata.org/wiki/Q2298746 | G55: https://nl.wikipedia.org/wiki/Alo%C3%AFs_Walgrave | H55: https://commons.wikimedia.org/wiki/Category:Aloïs Walgrave | K55: https://viaf.org/viaf/61918346
A56: http://www.wikidata.org/entity/Q2450554 | B56: Alphonse De Leyn | C56: http://www.wikidata.org/entity/Q3589290 | D56: briefschrijver | E56: Guido naar Persoon | F56: https://www.wikidata.org/wiki/Q2450554 | G56: https://nl.wikipedia.org/wiki/Alphonse_De_Leyn | K56: https://viaf.org/viaf/4993145857103622920901
A57: http://www.wikidata.org/entity/Q11071766 | B57: Alphonse de Voss | C57: http://www.wikidata.org/entity/Q3589290 | D57: briefschrijver | E57: Guido naar Persoon | F57: https://www.wikidata.org/wiki/Q11071766
A58: http://www.wikidata.org/entity/Q2099446 | B58: Amaat Joos | C58: http://www.wikidata.org/entity/Q3589290 | D58: briefschrijver | E58: Guido naar Persoon | F58: https://www.wikidata.org/wiki/Q2099446 | G58: https://nl.wikipedia.org/wiki/Amaat_Joos | I58: http://commons.wikimedia.org/wiki/Special:FilePath/Amaat%20Joos.jpg | K58: https://viaf.org/viaf/290811985
A59: http://www.wikidata.org/entity/Q970036 | B59: Amand Neut | C59: http://www.wikidata.org/entity/Q3589290 | D59: briefschrijver | E59: Guido naar Persoon | F59: https://www.wikidata.org/wiki/Q970036
A60: http://www.wikidata.org/entity/Q2481707 | B60: Amand de Vos | C60: http://www.wikidata.org/entity/Q3589290 | D60: briefschrijver | E60: Guido naar Persoon | F60: https://www.wikidata.org/wiki/Q2481707 | G60: https://nl.wikipedia.org/wiki/Amand_de_Vos | I60: http://commons.wikimedia.org/wiki/Special:FilePath/Wazenaar%20Amand%20de%20Vos.jpg | K60: https://viaf.org/viaf/74219351
A61: http://www.wikidata.org/entity/Q2481707 | B61: Amand de Vos | C61: http://www.wikidata.org/entity/Q3589290 | D61: briefschrijver | E61: Guido naar Persoon | F61: https://www.wikidata.org/wiki/Q2481707 | G61: https://nl.wikipedia.org/wiki/Amand_de_Vos | I61: http://commons.wikimedia.org/wiki/Special:FilePath/Wazenaar%20Amand%20de%20Vos.jpg | K61: https://viaf.org/viaf/286212977
A62: http://www.wikidata.org/entity/Q136750770 | B62: Amandus Cornelius Dequidt | C62: http://www.wikidata.org/entity/Q3589290 | D62: briefschrijver | E62: Guido naar Persoon | F62: https://www.wikidata.org/wiki/Q136750770
A63: http://www.wikidata.org/entity/Q115831039 | B63: Amandus Devloo | C63: http://www.wikidata.org/entity/Q3589290 | D63: briefschrijver | E63: Guido naar Persoon | F63: https://www.wikidata.org/wiki/Q115831039
A64: http://www.wikidata.org/entity/Q131923924 | B64: Amélie Emérentine Joseph Mullier | C64: http://www.wikidata.org/entity/Q3589290 | D64: briefschrijver | E64: Guido naar Persoon | F64: https://www.wikidata.org/wiki/Q131923924
A65: http://www.wikidata.org/entity/Q122831276 | B65: Amélie Frère | C65: http://www.wikidata.org/entity/Q3589290 | D65: briefschrijver | E65: Guido naar Persoon | F65: https://www.wikidata.org/wiki/Q122831276
A66: http://www.wikidata.org/entity/Q119039774 | B66: Andries J. Winkler | C66: http://www.wikidata.org/entity/Q3589290 | D66: briefschrijver | E66: Guido naar Persoon | F66: https://www.wikidata.org/wiki/Q119039774
A67: http://www.wikidata.org/entity/Q13429634 | B67: Angelus August Eugeen Angillis | C67: http://www.wikidata.org/entity/Q3589290 | D67: briefschrijver | E67: Guido naar Persoon | F67: https://www.wikidata.org/wiki/Q13429634 | G67: https://nl.wikipedia.org/wiki/Angelus_August_Eugeen_Angillis | K67: https://viaf.org/viaf/289004073
A68: http://www.wikidata.org/entity/Q115842281 | B68: Angelus Dumelie | C68: http://www.wikidata.org/entity/Q3589290 | D68: briefschrijver | E68: Guido naar Persoon | F68: https://www.wikidata.org/wiki/Q115842281
A69: http://www.wikidata.org/entity/Q123050649 | B69: Ann Jordan | C69: http://www.wikidata.org/entity/Q3589290 | D69: briefschrijver | E69: Guido naar Persoon | F69: https://www.wikidata.org/wiki/Q123050649
A70: http://www.wikidata.org/entity/Q116656531 | B70: Anna Demets | C70: http://www.wikidata.org/entity/Q3589290 | D70: briefschrijver | E70: Guido naar Persoon | F70: https://www.wikidata.org/wiki/Q116656531 | G70: https://nl.wikipedia.org/wiki/Anna_Demets | I70: http://commons.wikimedia.org/wiki/Special:FilePath/Portretfoto%20Anna%20Demets.jpg
A71: http://www.wikidata.org/entity/Q116508558 | B71: Anne Hill | C71: http://www.wikidata.org/entity/Q3589290 | D71: briefschrijver | E71: Guido naar Persoon | F71: https://www.wikidata.org/wiki/Q116508558
A72: http://www.wikidata.org/entity/Q115830433 | B72: Antoine Wemaer | C72: http://www.wikidata.org/entity/Q3589290 | D72: briefschrijver | E72: Guido naar Persoon | F72: https://www.wikidata.org/wiki/Q115830433 | G72: https://nl.wikipedia.org/wiki/Antoon_Wemaer
A73: http://www.wikidata.org/entity/Q2360599 | B73: Antoon Jozef Witteryck | C73: http://www.wikidata.org/entity/Q3589290 | D73: briefschrijver | E73: Guido naar Persoon | F73: https://www.wikidata.org/wiki/Q2360599 | G73: https://nl.wikipedia.org/wiki/Antoon_Jozef_Witteryck | H73: https://commons.wikimedia.org/wiki/Category:Antoon Jozef Witteryck | I73: http://commons.wikimedia.org/wiki/Special:FilePath/Wytterick%2023.JPG | K73: https://viaf.org/viaf/10953367
A74: http://www.wikidata.org/entity/Q62117109 | B74: Antoon Verwaetermeulen | C74: http://www.wikidata.org/entity/Q3589290 | D74: briefschrijver | E74: Guido naar Persoon | F74: https://www.wikidata.org/wiki/Q62117109
A75: http://www.wikidata.org/entity/Q120897770 | B75: Armand Valcke | C75: http://www.wikidata.org/entity/Q3589290 | D75: briefschrijver | E75: Guido naar Persoon | F75: https://www.wikidata.org/wiki/Q120897770
A76: http://www.wikidata.org/entity/Q115979140 | B76: Arsenius Dehulster | C76: http://www.wikidata.org/entity/Q3589290 | D76: briefschrijver | E76: Guido naar Persoon | F76: https://www.wikidata.org/wiki/Q115979140
A77: http://www.wikidata.org/entity/Q3450211 | B77: Arthur De Schrevel | C77: http://www.wikidata.org/entity/Q3589290 | D77: briefschrijver | E77: Guido naar Persoon | F77: https://www.wikidata.org/wiki/Q3450211 | G77: https://nl.wikipedia.org/wiki/Arthur_De_Schrevel | K77: https://viaf.org/viaf/22517057
A78: http://www.wikidata.org/entity/Q122971839 | B78: Arthur Jean Botte | C78: http://www.wikidata.org/entity/Q3589290 | D78: briefschrijver | E78: Guido naar Persoon | F78: https://www.wikidata.org/wiki/Q122971839
A79: http://www.wikidata.org/entity/Q115818861 | B79: Arthur Lewylle | C79: http://www.wikidata.org/entity/Q3589290 | D79: briefschrijver | E79: Guido naar Persoon | F79: https://www.wikidata.org/wiki/Q115818861
A80: http://www.wikidata.org/entity/Q115834833 | B80: Arthur Maria Gustavus Florimond Plettinck | C80: http://www.wikidata.org/entity/Q3589290 | D80: briefschrijver | E80: Guido naar Persoon | F80: https://www.wikidata.org/wiki/Q115834833
A81: http://www.wikidata.org/entity/Q120164850 | B81: Arthur Robinson | C81: http://www.wikidata.org/entity/Q3589290 | D81: briefschrijver | E81: Guido naar Persoon | F81: https://www.wikidata.org/wiki/Q120164850
A82: http://www.wikidata.org/entity/Q115979812 | B82: August Busschaert | C82: http://www.wikidata.org/entity/Q3589290 | D82: briefschrijver | E82: Guido naar Persoon | F82: https://www.wikidata.org/wiki/Q115979812
A83: http://www.wikidata.org/entity/Q2215154 | B83: August Cuppens | C83: http://www.wikidata.org/entity/Q3589290 | D83: briefschrijver | E83: Guido naar Persoon | F83: https://www.wikidata.org/wiki/Q2215154 | G83: https://nl.wikipedia.org/wiki/August_Cuppens | K83: https://viaf.org/viaf/88731906
A84: http://www.wikidata.org/entity/Q120639934 | B84: August Delbaere | C84: http://www.wikidata.org/entity/Q3589290 | D84: briefschrijver | E84: Guido naar Persoon | F84: https://www.wikidata.org/wiki/Q120639934
A85: http://www.wikidata.org/entity/Q115818168 | B85: August Hoflack | C85: http://www.wikidata.org/entity/Q3589290 | D85: briefschrijver | E85: Guido naar Persoon | F85: https://www.wikidata.org/wiki/Q115818168
A86: http://www.wikidata.org/entity/Q115839088 | B86: August Laporta | C86: http://www.wikidata.org/entity/Q3589290 | D86: briefschrijver | E86: Guido naar Persoon | F86: https://www.wikidata.org/wiki/Q115839088
A87: http://www.wikidata.org/entity/Q119625085 | B87: August Selosse | C87: http://www.wikidata.org/entity/Q3589290 | D87: briefschrijver | E87: Guido naar Persoon | F87: https://www.wikidata.org/wiki/Q119625085
A88: http://www.wikidata.org/entity/Q764378 | B88: August Vermeylen | C88: http://www.wikidata.org/entity/Q3589290 | D88: briefschrijver | E88: Guido naar Persoon | F88: https://www.wikidata.org/wiki/Q764378 | G88: https://nl.wikipedia.org/wiki/August_Vermeylen | H88: https://commons.wikimedia.org/wiki/Category:August Vermeylen | I88: http://commons.wikimedia.org/wiki/Special:FilePath/AugustVermeylen2.jpg | K88: https://viaf.org/viaf/22946210
A89: http://www.wikidata.org/entity/Q125535110 | B89: August William McDonogh | C89: http://www.wikidata.org/entity/Q3589290 | D89: briefschrijver | E89: Guido naar Persoon | F89: https://www.wikidata.org/wiki/Q125535110
A90: http://www.wikidata.org/entity/Q122842403 | B90: Augusta Lewis Bampfield | C90: http://www.wikidata.org/entity/Q3589290 | D90: briefschrijver | E90: Guido naar Persoon | F90: https://www.wikidata.org/wiki/Q122842403
A91: http://www.wikidata.org/entity/Q117246862 | B91: Augusta Maria Mathildis Vyncke | C91: http://www.wikidata.org/entity/Q3589290 | D91: briefschrijver | E91: Guido naar Persoon | F91: https://www.wikidata.org/wiki/Q117246862
A92: http://www.wikidata.org/entity/Q2490990 | B92: Auguste Reynaert | C92: http://www.wikidata.org/entity/Q3589290 | D92: briefschrijver | E92: Guido naar Persoon | F92: https://www.wikidata.org/wiki/Q2490990 | G92: https://nl.wikipedia.org/wiki/Auguste_Reynaert | H92: https://commons.wikimedia.org/wiki/Category:August Reynaert | I92: http://commons.wikimedia.org/wiki/Special:FilePath/Kortrijk%20Astridpark-11.JPG | K92: https://viaf.org/viaf/11320755
A93: http://www.wikidata.org/entity/Q2658862 | B93: Auguste Van Speybrouck | C93: http://www.wikidata.org/entity/Q3589290 | D93: briefschrijver | E93: Guido naar Persoon | F93: https://www.wikidata.org/wiki/Q2658862 | G93: https://nl.wikipedia.org/wiki/Auguste_Van_Speybrouck | K93: https://viaf.org/viaf/280870592
A94: http://www.wikidata.org/entity/Q115813025 | B94: Auguste de Laage de Bellefaye | C94: http://www.wikidata.org/entity/Q3589290 | D94: briefschrijver | E94: Guido naar Persoon | F94: https://www.wikidata.org/wiki/Q115813025
A95: http://www.wikidata.org/entity/Q120999304 | B95: Augustijn Van Heuverswyn | C95: http://www.wikidata.org/entity/Q3589290 | D95: briefschrijver | E95: Guido naar Persoon | F95: https://www.wikidata.org/wiki/Q120999304
A96: http://www.wikidata.org/entity/Q115825488 | B96: Augustin Frutsaert | C96: http://www.wikidata.org/entity/Q3589290 | D96: briefschrijver | E96: Guido naar Persoon | F96: https://www.wikidata.org/wiki/Q115825488
A97: http://www.wikidata.org/entity/Q115844105 | B97: Augustin Van Becelaere | C97: http://www.wikidata.org/entity/Q3589290 | D97: briefschrijver | E97: Guido naar Persoon | F97: https://www.wikidata.org/wiki/Q115844105
A98: http://www.wikidata.org/entity/Q115979130 | B98: Augustinus De Geetere | C98: http://www.wikidata.org/entity/Q3589290 | D98: briefschrijver | E98: Guido naar Persoon | F98: https://www.wikidata.org/wiki/Q115979130
A99: http://www.wikidata.org/entity/Q115835531 | B99: Augustinus Ghequiere | C99: http://www.wikidata.org/entity/Q3589290 | D99: briefschrijver | E99: Guido naar Persoon | F99: https://www.wikidata.org/wiki/Q115835531
A100: http://www.wikidata.org/entity/Q115840920 | B100: Augustus Declerc | C100: http://www.wikidata.org/entity/Q3589290 | D100: briefschrijver | E100: Guido naar Persoon | F100: https://www.wikidata.org/wiki/Q115840920
...

Sheet RawDataQ2
A1: person | B1: personLabel | C1: rolItem | D1: rolLabel | E1: richting | F1: wikidataLink | G1: wikipediaLink | H1: commonsLink | I1: image | J1: bioPortaalLink | K1: viafLink
A2: http://www.wikidata.org/entity/Q136793932 | B2: Adèle Serweytens | C2: http://www.wikidata.org/entity/Q28008277 | D2: bekende | E2: Persoon naar Guido | F2: https://www.wikidata.org/wiki/Q136793932
A3: http://www.wikidata.org/entity/Q115811921 | B3: Alexandre Berghman | C3: http://www.wikidata.org/entity/Q28008277 | D3: bekende | E3: Persoon naar Guido | F3: https://www.wikidata.org/wiki/Q115811921
A4: http://www.wikidata.org/entity/Q129255433 | B4: Ann Mary Eyre | C4: http://www.wikidata.org/entity/Q28008277 | D4: bekende | E4: Persoon naar Guido | F4: https://www.wikidata.org/wiki/Q129255433
A5: http://www.wikidata.org/entity/Q117263671 | B5: Caroline Janssens | C5: http://www.wikidata.org/entity/Q28008277 | D5: bekende | E5: Persoon naar Guido | F5: https://www.wikidata.org/wiki/Q117263671
A6: http://www.wikidata.org/entity/Q136805616 | B6: Charles François Joseph Soudan | C6: http://www.wikidata.org/entity/Q28008277 | D6: bekende | E6: Persoon naar Guido | F6: https://www.wikidata.org/wiki/Q136805616
A7: http://www.wikidata.org/entity/Q122791372 | B7: Franciscus Leopoldus De Backere | C7: http://www.wikidata.org/entity/Q28008277 | D7: bekende | E7: Persoon naar Guido | F7: https://www.wikidata.org/wiki/Q122791372
A8: http://www.wikidata.org/entity/Q119794240 | B8: Hendrik Berghman | C8: http://www.wikidata.org/entity/Q28008277 | D8: bekende | E8: Persoon naar Guido | F8: https://www.wikidata.org/wiki/Q119794240
A9: http://www.wikidata.org/entity/Q126648476 | B9: Joseph Antonius Maria Ghislenus Anastasius Johannes Nepomucenus de Pélichy | C9: http://www.wikidata.org/entity/Q28008277 | D9: bekende | E9: Persoon naar Guido | F9: https://www.wikidata.org/wiki/Q126648476 | I9: http://commons.wikimedia.org/wiki/Special:FilePath/Joseph%20de%20Pelichy.jpg
A10: http://www.wikidata.org/entity/Q136814371 | B10: Louis Jean Van den Bilcke | C10: http://www.wikidata.org/entity/Q28008277 | D10: bekende | E10: Persoon naar Guido | F10: https://www.wikidata.org/wiki/Q136814371
A11: http://www.wikidata.org/entity/Q128053464 | B11: Marie Thérèse Courtens | C11: http://www.wikidata.org/entity/Q28008277 | D11: bekende | E11: Persoon naar Guido | F11: https://www.wikidata.org/wiki/Q128053464
A12: http://www.wikidata.org/entity/Q126913566 | B12: Valeer Alfons Vansteenhuyse | C12: http://www.wikidata.org/entity/Q28008277 | D12: bekende | E12: Persoon naar Guido | F12: https://www.wikidata.org/wiki/Q126913566
A13: http://www.wikidata.org/entity/Q129256307 | B13: Vincent William Eyre | C13: http://www.wikidata.org/entity/Q28008277 | D13: bekende | E13: Persoon naar Guido | F13: https://www.wikidata.org/wiki/Q129256307
A14: http://www.wikidata.org/entity/Q129256364 | B14: William Henry Eyre | C14: http://www.wikidata.org/entity/Q28008277 | D14: bekende | E14: Persoon naar Guido | F14: https://www.wikidata.org/wiki/Q129256364
A15: http://www.wikidata.org/entity/Q117226377 | B15: Emma Crombet | C15: http://www.wikidata.org/entity/Q16827718 | D15: biechtvader | E15: Persoon naar Guido | F15: https://www.wikidata.org/wiki/Q117226377
A16: http://www.wikidata.org/entity/Q116508871 | B16: Helena Amelia Walton | C16: http://www.wikidata.org/entity/Q16827718 | D16: biechtvader | E16: Persoon naar Guido | F16: https://www.wikidata.org/wiki/Q116508871
A17: http://www.wikidata.org/entity/Q129159907 | B17: Marie Louise Philomène Devrome | C17: http://www.wikidata.org/entity/Q16827718 | D17: biechtvader | E17: Persoon naar Guido | F17: https://www.wikidata.org/wiki/Q129159907
A18: http://www.wikidata.org/entity/Q122842204 | B18: Mary Louisa Farbrother | C18: http://www.wikidata.org/entity/Q16827718 | D18: biechtvader | E18: Persoon naar Guido | F18: https://www.wikidata.org/wiki/Q122842204
A19: http://www.wikidata.org/entity/Q115817390 | B19: Victor Lanssen | C19: http://www.wikidata.org/entity/Q16827718 | D19: biechtvader | E19: Persoon naar Guido | F19: https://www.wikidata.org/wiki/Q115817390
A20: http://www.wikidata.org/entity/Q115818424 | B20: Achiel Piepers | C20: http://www.wikidata.org/entity/Q3589290 | D20: briefschrijver | E20: Persoon naar Guido | F20: https://www.wikidata.org/wiki/Q115818424
A21: http://www.wikidata.org/entity/Q119013873 | B21: Achiel Van de Putte | C21: http://www.wikidata.org/entity/Q3589290 | D21: briefschrijver | E21: Persoon naar Guido | F21: https://www.wikidata.org/wiki/Q119013873
A22: http://www.wikidata.org/entity/Q119217729 | B22: Achille Croquison | C22: http://www.wikidata.org/entity/Q3589290 | D22: briefschrijver | E22: Persoon naar Guido | F22: https://www.wikidata.org/wiki/Q119217729
A23: http://www.wikidata.org/entity/Q113754119 | B23: Adolf De Wolf | C23: http://www.wikidata.org/entity/Q3589290 | D23: briefschrijver | E23: Persoon naar Guido | F23: https://www.wikidata.org/wiki/Q113754119 | G23: https://nl.wikipedia.org/wiki/Adolf_De_Wolf
A24: http://www.wikidata.org/entity/Q2524668 | B24: Adolf Duclos | C24: http://www.wikidata.org/entity/Q3589290 | D24: briefschrijver | E24: Persoon naar Guido | F24: https://www.wikidata.org/wiki/Q2524668 | G24: https://nl.wikipedia.org/wiki/Adolf_Duclos | H24: https://commons.wikimedia.org/wiki/Category:Adolf Duclos | I24: http://commons.wikimedia.org/wiki/Special:FilePath/Adolf%20Duclos001.jpg | K24: https://viaf.org/viaf/89293479
A25: http://www.wikidata.org/entity/Q43140929 | B25: Adolf Pauwels | C25: http://www.wikidata.org/entity/Q3589290 | D25: briefschrijver | E25: Persoon naar Guido | F25: https://www.wikidata.org/wiki/Q43140929 | K25: https://viaf.org/viaf/27812240
A26: http://www.wikidata.org/entity/Q100534520 | B26: Adolf Verriest | C26: http://www.wikidata.org/entity/Q3589290 | D26: briefschrijver | E26: Persoon naar Guido | F26: https://www.wikidata.org/wiki/Q100534520 | G26: https://nl.wikipedia.org/wiki/Adolf_Verriest | I26: http://commons.wikimedia.org/wiki/Special:FilePath/Adolf%20Karel%20vader%20Petrus%20moeder%20Carolina%20Verriest%20in%201861.jpg
A27: http://www.wikidata.org/entity/Q116687284 | B27: Agnes Mary Christophers | C27: http://www.wikidata.org/entity/Q3589290 | D27: briefschrijver | E27: Persoon naar Guido | F27: https://www.wikidata.org/wiki/Q116687284
A28: http://www.wikidata.org/entity/Q118772822 | B28: Albert Aimé Marie Vandewalle | C28: http://www.wikidata.org/entity/Q3589290 | D28: briefschrijver | E28: Persoon naar Guido | F28: https://www.wikidata.org/wiki/Q118772822
A29: http://www.wikidata.org/entity/Q586323 | B29: Albert Verwey | C29: http://www.wikidata.org/entity/Q3589290 | D29: briefschrijver | E29: Persoon naar Guido | F29: https://www.wikidata.org/wiki/Q586323 | G29: https://nl.wikipedia.org/wiki/Albert_Verwey | H29: https://commons.wikimedia.org/wiki/Category:Albert Verwey | I29: http://commons.wikimedia.org/wiki/Special:FilePath/Portret%20van%20Albert%20Verwey%20Rijksmuseum%20SK-C-1680.jpeg | K29: https://viaf.org/viaf/49275816
A30: http://www.wikidata.org/entity/Q2832059 | B30: Albéric Emmanuel Henri Marie Ghislain Ruzette | C30: http://www.wikidata.org/entity/Q3589290 | D30: briefschrijver | E30: Persoon naar Guido | F30: https://www.wikidata.org/wiki/Q2832059 | G30: https://nl.wikipedia.org/wiki/Alb%C3%A9ric_Ruzette | H30: https://commons.wikimedia.org/wiki/Category:Albéric Ruzette | I30: http://commons.wikimedia.org/wiki/Special:FilePath/Weekblad%20Pallieter%20-%20voorpagina%201924%2023%20baron%20ruzette.jpg
A31: http://www.wikidata.org/entity/Q56036018 | B31: Alexandre Bonvarlet | C31: http://www.wikidata.org/entity/Q3589290 | D31: briefschrijver | E31: Persoon naar Guido | F31: https://www.wikidata.org/wiki/Q56036018 | H31: https://commons.wikimedia.org/wiki/Category:Alexandre Bonvarlet | I31: http://commons.wikimedia.org/wiki/Special:FilePath/Alexandre%20Bonvarlet%20by%20Michel%20Berthaud.jpg | K31: https://viaf.org/viaf/7516908
A32: http://www.wikidata.org/entity/Q118142378 | B32: Alfons Bouckaert | C32: http://www.wikidata.org/entity/Q3589290 | D32: briefschrijver | E32: Persoon naar Guido | F32: https://www.wikidata.org/wiki/Q118142378
A33: http://www.wikidata.org/entity/Q110039191 | B33: Alfons Dassonville | C33: http://www.wikidata.org/entity/Q3589290 | D33: briefschrijver | E33: Persoon naar Guido | F33: https://www.wikidata.org/wiki/Q110039191
A34: http://www.wikidata.org/entity/Q2100582 | B34: Alfons De Cock | C34: http://www.wikidata.org/entity/Q3589290 | D34: briefschrijver | E34: Persoon naar Guido | F34: https://www.wikidata.org/wiki/Q2100582 | G34: https://nl.wikipedia.org/wiki/Alfons_de_Cock | H34: https://commons.wikimedia.org/wiki/Category:Alfons De Cock | I34: http://commons.wikimedia.org/wiki/Special:FilePath/Alfons%20de%20Cock%2C%20PA05233.jpg | K34: https://viaf.org/viaf/34816409
A35: http://www.wikidata.org/entity/Q2638823 | B35: Alfons Janssens | C35: http://www.wikidata.org/entity/Q3589290 | D35: briefschrijver | E35: Persoon naar Guido | F35: https://www.wikidata.org/wiki/Q2638823 | G35: https://nl.wikipedia.org/wiki/Alfons_Janssens_(politicus) | H35: https://commons.wikimedia.org/wiki/Category:Alfons Janssens | I35: http://commons.wikimedia.org/wiki/Special:FilePath/Alfons%20Janssens.jpg
A36: http://www.wikidata.org/entity/Q56036059 | B36: Alfons Maria Napoleon Prayon-van Zuylen van Nyevelt | C36: http://www.wikidata.org/entity/Q3589290 | D36: briefschrijver | E36: Persoon naar Guido | F36: https://www.wikidata.org/wiki/Q56036059 | K36: https://viaf.org/viaf/89687993
A37: http://www.wikidata.org/entity/Q2539969 | B37: Alfons Siffer | C37: http://www.wikidata.org/entity/Q3589290 | D37: briefschrijver | E37: Persoon naar Guido | F37: https://www.wikidata.org/wiki/Q2539969 | G37: https://nl.wikipedia.org/wiki/Alfons_Siffer | I37: http://commons.wikimedia.org/wiki/Special:FilePath/Alfons%20Siffer%201850-1941.jpg | K37: https://viaf.org/viaf/193449593
A38: http://www.wikidata.org/entity/Q2050293 | B38: Alfons Van Hee | C38: http://www.wikidata.org/entity/Q3589290 | D38: briefschrijver | E38: Persoon naar Guido | F38: https://www.wikidata.org/wiki/Q2050293 | G38: https://nl.wikipedia.org/wiki/Alfons_Van_Hee
A39: http://www.wikidata.org/entity/Q26845752 | B39: Alfred Guichon de Grandpont | C39: http://www.wikidata.org/entity/Q3589290 | D39: briefschrijver | E39: Persoon naar Guido | F39: https://www.wikidata.org/wiki/Q26845752 | K39: https://viaf.org/viaf/88981493
A40: http://www.wikidata.org/entity/Q115979418 | B40: Aloysius Vandemaele | C40: http://www.wikidata.org/entity/Q3589290 | D40: briefschrijver | E40: Persoon naar Guido | F40: https://www.wikidata.org/wiki/Q115979418
A41: http://www.wikidata.org/entity/Q2580620 | B41: Aloïs Nelis | C41: http://www.wikidata.org/entity/Q3589290 | D41: briefschrijver | E41: Persoon naar Guido | F41: https://www.wikidata.org/wiki/Q2580620 | G41: https://nl.wikipedia.org/wiki/Alo%C3%AFs_Nelis
A42: http://www.wikidata.org/entity/Q2298746 | B42: Aloïs Walgrave | C42: http://www.wikidata.org/entity/Q3589290 | D42: briefschrijver | E42: Persoon naar Guido | F42: https://www.wikidata.org/wiki/Q2298746 | G42: https://nl.wikipedia.org/wiki/Alo%C3%AFs_Walgrave | H42: https://commons.wikimedia.org/wiki/Category:Aloïs Walgrave | K42: https://viaf.org/viaf/61918346
A43: http://www.wikidata.org/entity/Q2450554 | B43: Alphonse De Leyn | C43: http://www.wikidata.org/entity/Q3589290 | D43: briefschrijver | E43: Persoon naar Guido | F43: https://www.wikidata.org/wiki/Q2450554 | G43: https://nl.wikipedia.org/wiki/Alphonse_De_Leyn | K43: https://viaf.org/viaf/4993145857103622920901
A44: http://www.wikidata.org/entity/Q2099446 | B44: Amaat Joos | C44: http://www.wikidata.org/entity/Q3589290 | D44: briefschrijver | E44: Persoon naar Guido | F44: https://www.wikidata.org/wiki/Q2099446 | G44: https://nl.wikipedia.org/wiki/Amaat_Joos | I44: http://commons.wikimedia.org/wiki/Special:FilePath/Amaat%20Joos.jpg | K44: https://viaf.org/viaf/290811985
A45: http://www.wikidata.org/entity/Q3421496 | B45: Amaat Vyncke | C45: http://www.wikidata.org/entity/Q3589290 | D45: briefschrijver | E45: Persoon naar Guido | F45: https://www.wikidata.org/wiki/Q3421496 | G45: https://nl.wikipedia.org/wiki/Amaat_Vyncke | H45: https://commons.wikimedia.org/wiki/Category:Amaat Vyncke | I45: http://commons.wikimedia.org/wiki/Special:FilePath/Amaat%20Vyncke.jpg | K45: https://viaf.org/viaf/286791405
A46: http://www.wikidata.org/entity/Q970036 | B46: Amand Neut | C46: http://www.wikidata.org/entity/Q3589290 | D46: briefschrijver | E46: Persoon naar Guido | F46: https://www.wikidata.org/wiki/Q970036
A47: http://www.wikidata.org/entity/Q2481707 | B47: Amand de Vos | C47: http://www.wikidata.org/entity/Q3589290 | D47: briefschrijver | E47: Persoon naar Guido | F47: https://www.wikidata.org/wiki/Q2481707 | G47: https://nl.wikipedia.org/wiki/Amand_de_Vos | I47: http://commons.wikimedia.org/wiki/Special:FilePath/Wazenaar%20Amand%20de%20Vos.jpg | K47: https://viaf.org/viaf/74219351
A48: http://www.wikidata.org/entity/Q2481707 | B48: Amand de Vos | C48: http://www.wikidata.org/entity/Q3589290 | D48: briefschrijver | E48: Persoon naar Guido | F48: https://www.wikidata.org/wiki/Q2481707 | G48: https://nl.wikipedia.org/wiki/Amand_de_Vos | I48: http://commons.wikimedia.org/wiki/Special:FilePath/Wazenaar%20Amand%20de%20Vos.jpg | K48: https://viaf.org/viaf/286212977
A49: http://www.wikidata.org/entity/Q124619468 | B49: Amelia Vander Stichele | C49: http://www.wikidata.org/entity/Q3589290 | D49: briefschrijver | E49: Persoon naar Guido | F49: https://www.wikidata.org/wiki/Q124619468 | G49: https://nl.wikipedia.org/wiki/Amelia_Van_der_Stichele | I49: http://commons.wikimedia.org/wiki/Special:FilePath/Schilderij%20Henri%20Dobbelaere%20Engelendale.jpg
A50: http://www.wikidata.org/entity/Q1280942 | B50: Amédée Visart de Bocarmé | C50: http://www.wikidata.org/entity/Q3589290 | D50: briefschrijver | E50: Persoon naar Guido | F50: https://www.wikidata.org/wiki/Q1280942 | G50: https://nl.wikipedia.org/wiki/Amed%C3%A9e_Visart_de_Bocarm%C3%A9 | H50: https://commons.wikimedia.org/wiki/Category:Amedée Visart de Bocarmé | I50: http://commons.wikimedia.org/wiki/Special:FilePath/Portret%20van%20burgemeester%20Am%C3%A9d%C3%A9e%20Visart%20de%20Bocarm%C3%A9%2C%20circa%201837%20-%20circa%201924%2C%20Groeningemuseum%2C%200041286000.jpg | K50: https://viaf.org/viaf/90713808
A51: http://www.wikidata.org/entity/Q119039774 | B51: Andries J. Winkler | C51: http://www.wikidata.org/entity/Q3589290 | D51: briefschrijver | E51: Persoon naar Guido | F51: https://www.wikidata.org/wiki/Q119039774
A52: http://www.wikidata.org/entity/Q116656531 | B52: Anna Demets | C52: http://www.wikidata.org/entity/Q3589290 | D52: briefschrijver | E52: Persoon naar Guido | F52: https://www.wikidata.org/wiki/Q116656531 | G52: https://nl.wikipedia.org/wiki/Anna_Demets | I52: http://commons.wikimedia.org/wiki/Special:FilePath/Portretfoto%20Anna%20Demets.jpg
A53: http://www.wikidata.org/entity/Q116508558 | B53: Anne Hill | C53: http://www.wikidata.org/entity/Q3589290 | D53: briefschrijver | E53: Persoon naar Guido | F53: https://www.wikidata.org/wiki/Q116508558
A54: http://www.wikidata.org/entity/Q115830433 | B54: Antoine Wemaer | C54: http://www.wikidata.org/entity/Q3589290 | D54: briefschrijver | E54: Persoon naar Guido | F54: https://www.wikidata.org/wiki/Q115830433 | G54: https://nl.wikipedia.org/wiki/Antoon_Wemaer
A55: http://www.wikidata.org/entity/Q2360599 | B55: Antoon Jozef Witteryck | C55: http://www.wikidata.org/entity/Q3589290 | D55: briefschrijver | E55: Persoon naar Guido | F55: https://www.wikidata.org/wiki/Q2360599 | G55: https://nl.wikipedia.org/wiki/Antoon_Jozef_Witteryck | H55: https://commons.wikimedia.org/wiki/Category:Antoon Jozef Witteryck | I55: http://commons.wikimedia.org/wiki/Special:FilePath/Wytterick%2023.JPG | K55: https://viaf.org/viaf/10953367
A56: http://www.wikidata.org/entity/Q115979140 | B56: Arsenius Dehulster | C56: http://www.wikidata.org/entity/Q3589290 | D56: briefschrijver | E56: Persoon naar Guido | F56: https://www.wikidata.org/wiki/Q115979140
A57: http://www.wikidata.org/entity/Q3450211 | B57: Arthur De Schrevel | C57: http://www.wikidata.org/entity/Q3589290 | D57: briefschrijver | E57: Persoon naar Guido | F57: https://www.wikidata.org/wiki/Q3450211 | G57: https://nl.wikipedia.org/wiki/Arthur_De_Schrevel | K57: https://viaf.org/viaf/22517057
A58: http://www.wikidata.org/entity/Q115818861 | B58: Arthur Lewylle | C58: http://www.wikidata.org/entity/Q3589290 | D58: briefschrijver | E58: Persoon naar Guido | F58: https://www.wikidata.org/wiki/Q115818861
A59: http://www.wikidata.org/entity/Q2215154 | B59: August Cuppens | C59: http://www.wikidata.org/entity/Q3589290 | D59: briefschrijver | E59: Persoon naar Guido | F59: https://www.wikidata.org/wiki/Q2215154 | G59: https://nl.wikipedia.org/wiki/August_Cuppens | K59: https://viaf.org/viaf/88731906
A60: http://www.wikidata.org/entity/Q115818168 | B60: August Hoflack | C60: http://www.wikidata.org/entity/Q3589290 | D60: briefschrijver | E60: Persoon naar Guido | F60: https://www.wikidata.org/wiki/Q115818168
A61: http://www.wikidata.org/entity/Q115839088 | B61: August Laporta | C61: http://www.wikidata.org/entity/Q3589290 | D61: briefschrijver | E61: Persoon naar Guido | F61: https://www.wikidata.org/wiki/Q115839088
A62: http://www.wikidata.org/entity/Q764378 | B62: August Vermeylen | C62: http://www.wikidata.org/entity/Q3589290 | D62: briefschrijver | E62: Persoon naar Guido | F62: https://www.wikidata.org/wiki/Q764378 | G62: https://nl.wikipedia.org/wiki/August_Vermeylen | H62: https://commons.wikimedia.org/wiki/Category:August Vermeylen | I62: http://commons.wikimedia.org/wiki/Special:FilePath/AugustVermeylen2.jpg | K62: https://viaf.org/viaf/22946210
A63: http://www.wikidata.org/entity/Q125535110 | B63: August William McDonogh | C63: http://www.wikidata.org/entity/Q3589290 | D63: briefschrijver | E63: Persoon naar Guido | F63: https://www.wikidata.org/wiki/Q125535110
A64: http://www.wikidata.org/entity/Q2059291 | B64: Auguste Reyns | C64: http://www.wikidata.org/entity/Q3589290 | D64: briefschrijver | E64: Persoon naar Guido | F64: https://www.wikidata.org/wiki/Q2059291 | G64: https://nl.wikipedia.org/wiki/Auguste_Reyns
A65: http://www.wikidata.org/entity/Q120999304 | B65: Augustijn Van Heuverswyn | C65: http://www.wikidata.org/entity/Q3589290 | D65: briefschrijver | E65: Persoon naar Guido | F65: https://www.wikidata.org/wiki/Q120999304
A66: http://www.wikidata.org/entity/Q115844105 | B66: Augustin Van Becelaere | C66: http://www.wikidata.org/entity/Q3589290 | D66: briefschrijver | E66: Persoon naar Guido | F66: https://www.wikidata.org/wiki/Q115844105
A67: http://www.wikidata.org/entity/Q115979130 | B67: Augustinus De Geetere | C67: http://www.wikidata.org/entity/Q3589290 | D67: briefschrijver | E67: Persoon naar Guido | F67: https://www.wikidata.org/wiki/Q115979130
A68: http://www.wikidata.org/entity/Q115829623 | B68: Bruno De Splenter | C68: http://www.wikidata.org/entity/Q3589290 | D68: briefschrijver | E68: Persoon naar Guido | F68: https://www.wikidata.org/wiki/Q115829623
A69: http://www.wikidata.org/entity/Q115836783 | B69: Bruno Joseph Jean Vandale | C69: http://www.wikidata.org/entity/Q3589290 | D69: briefschrijver | E69: Persoon naar Guido | F69: https://www.wikidata.org/wiki/Q115836783
A70: http://www.wikidata.org/entity/Q115839360 | B70: Bruno Van Hove | C70: http://www.wikidata.org/entity/Q3589290 | D70: briefschrijver | E70: Persoon naar Guido | F70: https://www.wikidata.org/wiki/Q115839360 | I70: http://commons.wikimedia.org/wiki/Special:FilePath/A%20Monsieur%20le%20chanoine%20Van%20Hove%2C%201869%2C%20Musea%20Brugge%2C%200020.GRO0352.III.jpg
A71: http://www.wikidata.org/entity/Q115308515 | B71: Bruno Vander Stichele | C71: http://www.wikidata.org/entity/Q3589290 | D71: briefschrijver | E71: Persoon naar Guido | F71: https://www.wikidata.org/wiki/Q115308515 | G71: https://nl.wikipedia.org/wiki/Bruno_Vander_Stichele
A72: http://www.wikidata.org/entity/Q2154331 | B72: Caesar Gezelle | C72: http://www.wikidata.org/entity/Q3589290 | D72: briefschrijver | E72: Persoon naar Guido | F72: https://www.wikidata.org/wiki/Q2154331 | G72: https://nl.wikipedia.org/wiki/Caesar_Gezelle | K72: https://viaf.org/viaf/28277814
A73: http://www.wikidata.org/entity/Q115840234 | B73: Camiel Roelandts | C73: http://www.wikidata.org/entity/Q3589290 | D73: briefschrijver | E73: Persoon naar Guido | F73: https://www.wikidata.org/wiki/Q115840234
A74: http://www.wikidata.org/entity/Q117409336 | B74: Camille Lateur | C74: http://www.wikidata.org/entity/Q3589290 | D74: briefschrijver | E74: Persoon naar Guido | F74: https://www.wikidata.org/wiki/Q117409336
A75: http://www.wikidata.org/entity/Q116621487 | B75: Catharine Macdaniel | C75: http://www.wikidata.org/entity/Q3589290 | D75: briefschrijver | E75: Persoon naar Guido | F75: https://www.wikidata.org/wiki/Q116621487
A76: http://www.wikidata.org/entity/Q116620739 | B76: Catherine de Kyvere | C76: http://www.wikidata.org/entity/Q3589290 | D76: briefschrijver | E76: Persoon naar Guido | F76: https://www.wikidata.org/wiki/Q116620739
A77: http://www.wikidata.org/entity/Q1877721 | B77: Charles Carton | C77: http://www.wikidata.org/entity/Q3589290 | D77: briefschrijver | E77: Persoon naar Guido | F77: https://www.wikidata.org/wiki/Q1877721 | G77: https://nl.wikipedia.org/wiki/Charles_Carton | H77: https://commons.wikimedia.org/wiki/Category:Charles Carton | I77: http://commons.wikimedia.org/wiki/Special:FilePath/Charles%20Carton.jpg | K77: https://viaf.org/viaf/64790543
A78: http://www.wikidata.org/entity/Q2715338 | B78: Charles Delcour | C78: http://www.wikidata.org/entity/Q3589290 | D78: briefschrijver | E78: Persoon naar Guido | F78: https://www.wikidata.org/wiki/Q2715338 | G78: https://nl.wikipedia.org/wiki/Charles_Delcour | H78: https://commons.wikimedia.org/wiki/Category:Charles Delcour | I78: http://commons.wikimedia.org/wiki/Special:FilePath/Membres%20du%20Minist%C3%A8re%20%28Delcour%29.jpg | K78: https://viaf.org/viaf/88840827
A79: http://www.wikidata.org/entity/Q125472556 | B79: Charles Grant Edmonstone | C79: http://www.wikidata.org/entity/Q3589290 | D79: briefschrijver | E79: Persoon naar Guido | F79: https://www.wikidata.org/wiki/Q125472556
A80: http://www.wikidata.org/entity/Q122974430 | B80: Charles Joseph Pagliano | C80: http://www.wikidata.org/entity/Q3589290 | D80: briefschrijver | E80: Persoon naar Guido | F80: https://www.wikidata.org/wiki/Q122974430
A81: http://www.wikidata.org/entity/Q3538623 | B81: Charles van Caloen | C81: http://www.wikidata.org/entity/Q3589290 | D81: briefschrijver | E81: Persoon naar Guido | F81: https://www.wikidata.org/wiki/Q3538623 | G81: https://nl.wikipedia.org/wiki/Charles_van_Caloen | H81: https://commons.wikimedia.org/wiki/Category:Charles van Caloen | I81: http://commons.wikimedia.org/wiki/Special:FilePath/PM%20161806%20B%20Loppem%20%28Charles%20van%20Caloen%29.jpg
A82: http://www.wikidata.org/entity/Q1149378 | B82: Charlotte Fitzalan-Howard, Duchess of Norfolk | C82: http://www.wikidata.org/entity/Q3589290 | D82: briefschrijver | E82: Persoon naar Guido | F82: https://www.wikidata.org/wiki/Q1149378 | I82: http://commons.wikimedia.org/wiki/Special:FilePath/Charlotte%20Sophia%2C%20Countess%20of%20Surrey%20%281788-1870%29%2C%20by%20studio%20of%20Sir%20Thomas%20Lawrence.jpg
A83: http://www.wikidata.org/entity/Q122974373 | B83: Clara Andrews | C83: http://www.wikidata.org/entity/Q3589290 | D83: briefschrijver | E83: Persoon naar Guido | F83: https://www.wikidata.org/wiki/Q122974373
A84: http://www.wikidata.org/entity/Q116510419 | B84: Colette Virginie Parvost | C84: http://www.wikidata.org/entity/Q3589290 | D84: briefschrijver | E84: Persoon naar Guido | F84: https://www.wikidata.org/wiki/Q116510419
A85: http://www.wikidata.org/entity/Q2457997 | B85: Constant Hansen | C85: http://www.wikidata.org/entity/Q3589290 | D85: briefschrijver | E85: Persoon naar Guido | F85: https://www.wikidata.org/wiki/Q2457997 | G85: https://nl.wikipedia.org/wiki/Constant_Hansen | H85: https://commons.wikimedia.org/wiki/Category:Constant Hansen | I85: http://commons.wikimedia.org/wiki/Special:FilePath/Hansen%2C%20Constant%20Jacob%20%281833-1910%29%3B%20letterkundige%20en%20hoofdbibliothecaris%20stadsbibliotheek%20Antwerpen%2C%20Haeck%2C%20Leopold%2C%20Felixarchief%2C%2012%209296%20recto%20%28cropped%29.jpg | K85: https://viaf.org/viaf/67217393
A86: http://www.wikidata.org/entity/Q115837342 | B86: Constantinus Roelandts | C86: http://www.wikidata.org/entity/Q3589290 | D86: briefschrijver | E86: Persoon naar Guido | F86: https://www.wikidata.org/wiki/Q115837342
A87: http://www.wikidata.org/entity/Q113466955 | B87: Cordelia Van de Wiele | C87: http://www.wikidata.org/entity/Q3589290 | D87: briefschrijver | E87: Persoon naar Guido | F87: https://www.wikidata.org/wiki/Q113466955 | G87: https://nl.wikipedia.org/wiki/Cordelia_Van_de_Wiele | I87: http://commons.wikimedia.org/wiki/Special:FilePath/Cordelia%20Van%20de%20Wiele%20-%20secretaresse%20Guido%20Gezelle.jpg | K87: https://viaf.org/viaf/284507189
A88: http://www.wikidata.org/entity/Q98322098 | B88: Cyriel Delaere | C88: http://www.wikidata.org/entity/Q3589290 | D88: briefschrijver | E88: Persoon naar Guido | F88: https://www.wikidata.org/wiki/Q98322098 | G88: https://nl.wikipedia.org/wiki/Cyriel_Delaere
A89: http://www.wikidata.org/entity/Q118998471 | B89: Denis Auguste Julien Roger | C89: http://www.wikidata.org/entity/Q3589290 | D89: briefschrijver | E89: Persoon naar Guido | F89: https://www.wikidata.org/wiki/Q118998471
A90: http://www.wikidata.org/entity/Q115834834 | B90: Desideer Meersseman | C90: http://www.wikidata.org/entity/Q3589290 | D90: briefschrijver | E90: Persoon naar Guido | F90: https://www.wikidata.org/wiki/Q115834834
A91: http://www.wikidata.org/entity/Q118733026 | B91: Domenico Macry Correale | C91: http://www.wikidata.org/entity/Q3589290 | D91: briefschrijver | E91: Persoon naar Guido | F91: https://www.wikidata.org/wiki/Q118733026 | K91: https://viaf.org/viaf/307365360
A92: http://www.wikidata.org/entity/Q55911879 | B92: Désiré Claes | C92: http://www.wikidata.org/entity/Q3589290 | D92: briefschrijver | E92: Persoon naar Guido | F92: https://www.wikidata.org/wiki/Q55911879 | K92: https://viaf.org/viaf/22507498
A93: http://www.wikidata.org/entity/Q377071 | B93: Edgar Tinel | C93: http://www.wikidata.org/entity/Q3589290 | D93: briefschrijver | E93: Persoon naar Guido | F93: https://www.wikidata.org/wiki/Q377071 | G93: https://nl.wikipedia.org/wiki/Edgar_Tinel | H93: https://commons.wikimedia.org/wiki/Category:Edgar Tinel | I93: http://commons.wikimedia.org/wiki/Special:FilePath/Edgar%20Tinel%201911.jpg | K93: https://viaf.org/viaf/66732393
A94: http://www.wikidata.org/entity/Q118120867 | B94: Edmond De Plancke | C94: http://www.wikidata.org/entity/Q3589290 | D94: briefschrijver | E94: Persoon naar Guido | F94: https://www.wikidata.org/wiki/Q118120867
A95: http://www.wikidata.org/entity/Q13575367 | B95: Edmond Denys | C95: http://www.wikidata.org/entity/Q3589290 | D95: briefschrijver | E95: Persoon naar Guido | F95: https://www.wikidata.org/wiki/Q13575367 | G95: https://nl.wikipedia.org/wiki/Edmond_Denys | K95: https://viaf.org/viaf/28149976
A96: http://www.wikidata.org/entity/Q118792556 | B96: Edmund Benedict Hicks | C96: http://www.wikidata.org/entity/Q3589290 | D96: briefschrijver | E96: Persoon naar Guido | F96: https://www.wikidata.org/wiki/Q118792556
A97: http://www.wikidata.org/entity/Q2360914 | B97: Edward Gailliard | C97: http://www.wikidata.org/entity/Q3589290 | D97: briefschrijver | E97: Persoon naar Guido | F97: https://www.wikidata.org/wiki/Q2360914 | G97: https://nl.wikipedia.org/wiki/Edward_Gailliard | H97: https://commons.wikimedia.org/wiki/Category:Edward Gailliard | K97: https://viaf.org/viaf/66600101
A98: http://www.wikidata.org/entity/Q13575404 | B98: Edward Van Even | C98: http://www.wikidata.org/entity/Q3589290 | D98: briefschrijver | E98: Persoon naar Guido | F98: https://www.wikidata.org/wiki/Q13575404 | G98: https://nl.wikipedia.org/wiki/Edward_Van_Even | H98: https://commons.wikimedia.org/wiki/Category:Edward Van Even | I98: http://commons.wikimedia.org/wiki/Special:FilePath/EdwardVanEven.jpg | K98: https://viaf.org/viaf/10117119
A99: http://www.wikidata.org/entity/Q113925472 | B99: Edward Van Robays | C99: http://www.wikidata.org/entity/Q3589290 | D99: briefschrijver | E99: Persoon naar Guido | F99: https://www.wikidata.org/wiki/Q113925472 | G99: https://nl.wikipedia.org/wiki/Edward_Van_Robays
A100: http://www.wikidata.org/entity/Q119217748 | B100: Edward Vlietinck | C100: http://www.wikidata.org/entity/Q3589290 | D100: briefschrijver | E100: Persoon naar Guido | F100: https://www.wikidata.org/wiki/Q119217748
...

Sheet RawQ3AV1
A1: person | B1: personLabel | C1: kinshipItem | D1: kinshipLabel | E1: richting | F1: wikidataLink | G1: wikipediaLink | H1: commonsLink | I1: image | J1: viafLink
A2: http://www.wikidata.org/entity/Q116620739 | B2: Catherine de Kyvere | C2: http://www.wikidata.org/entity/Q84158643 | D2: achternicht | E2: Guido naar Persoon | F2: https://www.wikidata.org/wiki/Q116620739
A3: http://www.wikidata.org/entity/Q132134843 | B3: Marie Verhamme | C3: http://www.wikidata.org/entity/Q84158643 | D3: achternicht | E3: Guido naar Persoon | F3: https://www.wikidata.org/wiki/Q132134843
A4: http://www.wikidata.org/entity/Q125224053 | B4: Mathilde De Kyvere | C4: http://www.wikidata.org/entity/Q84158643 | D4: achternicht | E4: Guido naar Persoon | F4: https://www.wikidata.org/wiki/Q125224053
A5: http://www.wikidata.org/entity/Q119261055 | B5: Anna Theresia Morice | C5: http://www.wikidata.org/entity/Q9235758 | D5: grootmoeder | E5: Guido naar Persoon | F5: https://www.wikidata.org/wiki/Q119261055
A6: http://www.wikidata.org/entity/Q119266430 | B6: Isabella Rosa De Riemaecker | C6: http://www.wikidata.org/entity/Q9235758 | D6: grootmoeder | E6: Guido naar Persoon | F6: https://www.wikidata.org/wiki/Q119266430
A7: http://www.wikidata.org/entity/Q119265494 | B7: Jozef De Vriese | C7: http://www.wikidata.org/entity/Q9238344 | D7: grootvader | E7: Guido naar Persoon | F7: https://www.wikidata.org/wiki/Q119265494
A8: http://www.wikidata.org/entity/Q119260284 | B8: Pieter Jozef Gezelle | C8: http://www.wikidata.org/entity/Q9238344 | D8: grootvader | E8: Guido naar Persoon | F8: https://www.wikidata.org/wiki/Q119260284
A9: http://www.wikidata.org/entity/Q2154331 | B9: Caesar Gezelle | C9: http://www.wikidata.org/entity/Q15224724 | D9: neef | E9: Guido naar Persoon | F9: https://www.wikidata.org/wiki/Q2154331 | G9: https://nl.wikipedia.org/wiki/Caesar_Gezelle | J9: https://viaf.org/viaf/28277814
A10: http://www.wikidata.org/entity/Q119419379 | B10: Camille Henri Joseph Lateur | C10: http://www.wikidata.org/entity/Q15224724 | D10: neef | E10: Guido naar Persoon | F10: https://www.wikidata.org/wiki/Q119419379
A11: http://www.wikidata.org/entity/Q125246270 | B11: Felix Rigardus De Vriese | C11: http://www.wikidata.org/entity/Q57832810 | D11: neef | E11: Guido naar Persoon | F11: https://www.wikidata.org/wiki/Q125246270
A12: http://www.wikidata.org/entity/Q118309918 | B12: Georges Gezelle | C12: http://www.wikidata.org/entity/Q15224724 | D12: neef | E12: Guido naar Persoon | F12: https://www.wikidata.org/wiki/Q118309918
A13: http://www.wikidata.org/entity/Q125246469 | B13: Gustavus De Vriese | C13: http://www.wikidata.org/entity/Q57832810 | D13: neef | E13: Guido naar Persoon | F13: https://www.wikidata.org/wiki/Q125246469
A14: http://www.wikidata.org/entity/Q125246358 | B14: Henricus De Vriese | C14: http://www.wikidata.org/entity/Q57832810 | D14: neef | E14: Guido naar Persoon | F14: https://www.wikidata.org/wiki/Q125246358
A15: http://www.wikidata.org/entity/Q55770641 | B15: Jozef Gezelle | C15: http://www.wikidata.org/entity/Q15224724 | D15: neef | E15: Guido naar Persoon | F15: https://www.wikidata.org/wiki/Q55770641 | G15: https://nl.wikipedia.org/wiki/Jozef_Gezelle
A16: http://www.wikidata.org/entity/Q125233872 | B16: Karel De Vriese | C16: http://www.wikidata.org/entity/Q57832810 | D16: neef | E16: Guido naar Persoon | F16: https://www.wikidata.org/wiki/Q125233872
A17: http://www.wikidata.org/entity/Q20902372 | B17: Karel Lateur | C17: http://www.wikidata.org/entity/Q15224724 | D17: neef | E17: Guido naar Persoon | F17: https://www.wikidata.org/wiki/Q20902372 | G17: https://nl.wikipedia.org/wiki/Karel_Lateur | H17: https://commons.wikimedia.org/wiki/Category:Karel Lateur | I17: http://commons.wikimedia.org/wiki/Special:FilePath/Karel%20Lateur.jpg
A18: http://www.wikidata.org/entity/Q125234939 | B18: Karel Lodewijk De Vriese | C18: http://www.wikidata.org/entity/Q57832810 | D18: neef | E18: Guido naar Persoon | F18: https://www.wikidata.org/wiki/Q125234939
A19: http://www.wikidata.org/entity/Q125235774 | B19: Karel Lodewijk De Vriese | C19: http://www.wikidata.org/entity/Q57832810 | D19: neef | E19: Guido naar Persoon | F19: https://www.wikidata.org/wiki/Q125235774
A20: http://www.wikidata.org/entity/Q175669 | B20: Stijn Streuvels | C20: http://www.wikidata.org/entity/Q15224724 | D20: neef | E20: Guido naar Persoon | F20: https://www.wikidata.org/wiki/Q175669 | G20: https://nl.wikipedia.org/wiki/Stijn_Streuvels | H20: https://commons.wikimedia.org/wiki/Category:Stijn Streuvels | I20: http://commons.wikimedia.org/wiki/Special:FilePath/Stijn%20Streuvels%20by%20Modest%20Huys%20%28cropped%29.jpg | J20: https://viaf.org/viaf/24708474
A21: http://www.wikidata.org/entity/Q175669 | B21: Stijn Streuvels | C21: http://www.wikidata.org/entity/Q15224724 | D21: neef | E21: Guido naar Persoon | F21: https://www.wikidata.org/wiki/Q175669 | G21: https://nl.wikipedia.org/wiki/Stijn_Streuvels | H21: https://commons.wikimedia.org/wiki/Category:Stijn Streuvels | I21: http://commons.wikimedia.org/wiki/Special:FilePath/Stijn%20Streuvels%20by%20Modest%20Huys.jpg | J21: https://viaf.org/viaf/24708474
A22: http://www.wikidata.org/entity/Q125237862 | B22: Theodorus De Vriese | C22: http://www.wikidata.org/entity/Q57832810 | D22: neef | E22: Guido naar Persoon | F22: https://www.wikidata.org/wiki/Q125237862
A23: http://www.wikidata.org/entity/Q125246405 | B23: Clementia De Vriese | C23: http://www.wikidata.org/entity/Q57832811 | D23: nicht | E23: Guido naar Persoon | F23: https://www.wikidata.org/wiki/Q125246405
A24: http://www.wikidata.org/entity/Q117244211 | B24: Dymphna Gezelle | C24: http://www.wikidata.org/entity/Q3403377 | D24: nicht | E24: Guido naar Persoon | F24: https://www.wikidata.org/wiki/Q117244211 | G24: https://nl.wikipedia.org/wiki/Dymphna_Gezelle | H24: https://commons.wikimedia.org/wiki/Category:Dymphna Gezelle | I24: http://commons.wikimedia.org/wiki/Special:FilePath/Foto%20Dymphna%20Gezelle%20%282%29.jpg
A25: http://www.wikidata.org/entity/Q129165482 | B25: Elise Mathilde Maria Gezelle | C25: http://www.wikidata.org/entity/Q3403377 | D25: nicht | E25: Guido naar Persoon | F25: https://www.wikidata.org/wiki/Q129165482
A26: http://www.wikidata.org/entity/Q117244596 | B26: Hortense Gezelle | C26: http://www.wikidata.org/entity/Q3403377 | D26: nicht | E26: Guido naar Persoon | F26: https://www.wikidata.org/wiki/Q117244596 | H26: https://commons.wikimedia.org/wiki/Category:Hortense Gezelle | I26: http://commons.wikimedia.org/wiki/Special:FilePath/Foto%20van%20Hortense%20Gezelle.jpg
A27: http://www.wikidata.org/entity/Q125224853 | B27: Ludovica Giselina De Vriese | C27: http://www.wikidata.org/entity/Q57832811 | D27: nicht | E27: Guido naar Persoon | F27: https://www.wikidata.org/wiki/Q125224853
A28: http://www.wikidata.org/entity/Q119418028 | B28: Maria Louisa Lateur | C28: http://www.wikidata.org/entity/Q3403377 | D28: nicht | E28: Guido naar Persoon | F28: https://www.wikidata.org/wiki/Q119418028
A29: http://www.wikidata.org/entity/Q116621699 | B29: Maria Magdalena Gezelle | C29: http://www.wikidata.org/entity/Q3403377 | D29: nicht | E29: Guido naar Persoon | F29: https://www.wikidata.org/wiki/Q116621699 | H29: https://commons.wikimedia.org/wiki/Category:Maria Magdalena Gezelle | I29: http://commons.wikimedia.org/wiki/Special:FilePath/Foto%20Philomena%20De%20Smet%2C%20Maria%20Gezelle%20en%20Hortense%20Gezelle%20%28cropped%29.jpg
A30: http://www.wikidata.org/entity/Q116673220 | B30: Maria Philomena Lateur | C30: http://www.wikidata.org/entity/Q3403377 | D30: nicht | E30: Guido naar Persoon | F30: https://www.wikidata.org/wiki/Q116673220
A31: http://www.wikidata.org/entity/Q125232852 | B31: Maria Theresia De Vriese | C31: http://www.wikidata.org/entity/Q57832811 | D31: nicht | E31: Guido naar Persoon | F31: https://www.wikidata.org/wiki/Q125232852
A32: http://www.wikidata.org/entity/Q116672748 | B32: Marie Elise Amandine Lateur | C32: http://www.wikidata.org/entity/Q3403377 | D32: nicht | E32: Guido naar Persoon | F32: https://www.wikidata.org/wiki/Q116672748 | G32: https://nl.wikipedia.org/wiki/Elisa_Lateur | I32: http://commons.wikimedia.org/wiki/Special:FilePath/Foto%20Caesar%20Gezelle%2C%20Philomena%20De%20Smet%20en%20Elisa%20Lateur.jpg
A33: http://www.wikidata.org/entity/Q125218763 | B33: Mathilde De Vriese | C33: http://www.wikidata.org/entity/Q3403377 | D33: nicht | E33: Guido naar Persoon | F33: https://www.wikidata.org/wiki/Q125218763
A34: http://www.wikidata.org/entity/Q119414177 | B34: Mathilde Gezelle | C34: http://www.wikidata.org/entity/Q3403377 | D34: nicht | E34: Guido naar Persoon | F34: https://www.wikidata.org/wiki/Q119414177
A35: http://www.wikidata.org/entity/Q125236669 | B35: Mathilde Guislena De Vriese | C35: http://www.wikidata.org/entity/Q57832811 | D35: nicht | E35: Guido naar Persoon | F35: https://www.wikidata.org/wiki/Q125236669
A36: http://www.wikidata.org/entity/Q125218820 | B36: Melanie De Vriese | C36: http://www.wikidata.org/entity/Q3403377 | D36: nicht | E36: Guido naar Persoon | F36: https://www.wikidata.org/wiki/Q125218820
A37: http://www.wikidata.org/entity/Q119397002 | B37: Charles Louis Dedeurwaerder | C37: http://www.wikidata.org/entity/Q76557 | D37: oom | E37: Guido naar Persoon | F37: https://www.wikidata.org/wiki/Q119397002
A38: http://www.wikidata.org/entity/Q119361924 | B38: Eugenius De Vriese | C38: http://www.wikidata.org/entity/Q76557 | D38: oom | E38: Guido naar Persoon | F38: https://www.wikidata.org/wiki/Q119361924
A39: http://www.wikidata.org/entity/Q119396286 | B39: Jacobus Gezelle | C39: http://www.wikidata.org/entity/Q76557 | D39: oom | E39: Guido naar Persoon | F39: https://www.wikidata.org/wiki/Q119396286
A40: http://www.wikidata.org/entity/Q119349793 | B40: Josephus De Vriese | C40: http://www.wikidata.org/entity/Q76557 | D40: oom | E40: Guido naar Persoon | F40: https://www.wikidata.org/wiki/Q119349793
A41: http://www.wikidata.org/entity/Q119362093 | B41: Karel De Vriese | C41: http://www.wikidata.org/entity/Q76557 | D41: oom | E41: Guido naar Persoon | F41: https://www.wikidata.org/wiki/Q119362093
A42: http://www.wikidata.org/entity/Q119362208 | B42: Leon De Vriese | C42: http://www.wikidata.org/entity/Q76557 | D42: oom | E42: Guido naar Persoon | F42: https://www.wikidata.org/wiki/Q119362208
A43: http://www.wikidata.org/entity/Q119396108 | B43: Michaël Dominique Gezelle | C43: http://www.wikidata.org/entity/Q76557 | D43: oom | E43: Guido naar Persoon | F43: https://www.wikidata.org/wiki/Q119396108
A44: http://www.wikidata.org/entity/Q119395942 | B44: Pieter Frans Gezelle | C44: http://www.wikidata.org/entity/Q76557 | D44: oom | E44: Guido naar Persoon | F44: https://www.wikidata.org/wiki/Q119395942
A45: http://www.wikidata.org/entity/Q132144201 | B45: Martinus Jacobus De Gheselle | C45: http://www.wikidata.org/entity/Q2500621 | D45: overgrootvader | E45: Guido naar Persoon | F45: https://www.wikidata.org/wiki/Q132144201
A46: http://www.wikidata.org/entity/Q117244643 | B46: Philomena De Smet | C46: http://www.wikidata.org/entity/Q3238556 | D46: schoonzus | E46: Guido naar Persoon | F46: https://www.wikidata.org/wiki/Q117244643 | H46: https://commons.wikimedia.org/wiki/Category:Philomena De Smet
A47: http://www.wikidata.org/entity/Q119349594 | B47: Amelia De Vriese | C47: http://www.wikidata.org/entity/Q76507 | D47: tante | E47: Guido naar Persoon | F47: https://www.wikidata.org/wiki/Q119349594
A48: http://www.wikidata.org/entity/Q119409510 | B48: Barbe Theresia Malfait | C48: http://www.wikidata.org/entity/Q76507 | D48: tante | E48: Guido naar Persoon | F48: https://www.wikidata.org/wiki/Q119409510
A49: http://www.wikidata.org/entity/Q119396425 | B49: Catharina Gezelle | C49: http://www.wikidata.org/entity/Q76507 | D49: tante | E49: Guido naar Persoon | F49: https://www.wikidata.org/wiki/Q119396425
A50: http://www.wikidata.org/entity/Q119349274 | B50: Clara De Vriese | C50: http://www.wikidata.org/entity/Q76507 | D50: tante | E50: Guido naar Persoon | F50: https://www.wikidata.org/wiki/Q119349274
A51: http://www.wikidata.org/entity/Q119349443 | B51: Coleta De Vriese | C51: http://www.wikidata.org/entity/Q76507 | D51: tante | E51: Guido naar Persoon | F51: https://www.wikidata.org/wiki/Q119349443
A52: http://www.wikidata.org/entity/Q119410907 | B52: Constantia Franciscus Dilgat | C52: http://www.wikidata.org/entity/Q76507 | D52: tante | E52: Guido naar Persoon | F52: https://www.wikidata.org/wiki/Q119410907
A53: http://www.wikidata.org/entity/Q116621725 | B53: Maria Constantia Gezelle | C53: http://www.wikidata.org/entity/Q76507 | D53: tante | E53: Guido naar Persoon | F53: https://www.wikidata.org/wiki/Q116621725
A54: http://www.wikidata.org/entity/Q116659577 | B54: Maria Josepha Gezelle | C54: http://www.wikidata.org/entity/Q76507 | D54: tante | E54: Guido naar Persoon | F54: https://www.wikidata.org/wiki/Q116659577
A55: http://www.wikidata.org/entity/Q119397067 | B55: Maria Theresia Debusschere | C55: http://www.wikidata.org/entity/Q76507 | D55: tante | E55: Guido naar Persoon | F55: https://www.wikidata.org/wiki/Q119397067
A56: http://www.wikidata.org/entity/Q119362660 | B56: Reine De Bal | C56: http://www.wikidata.org/entity/Q76507 | D56: tante | E56: Guido naar Persoon | F56: https://www.wikidata.org/wiki/Q119362660
A57: http://www.wikidata.org/entity/Q119362394 | B57: Rosalie Van Craeymeersch | C57: http://www.wikidata.org/entity/Q76507 | D57: tante | E57: Guido naar Persoon | F57: https://www.wikidata.org/wiki/Q119362394

Sheet RawQ3BV1
A1: person | B1: personLabel | C1: kinshipItem | D1: kinshipLabel | E1: richting | F1: wikidataLink | G1: wikipediaLink | H1: commonsLink | I1: image | J1: viafLink
A2: http://www.wikidata.org/entity/Q116620739 | B2: Catherine de Kyvere | C2: http://www.wikidata.org/entity/Q3433569 | D2: achterneef | E2: Persoon naar Guido | F2: https://www.wikidata.org/wiki/Q116620739
A3: http://www.wikidata.org/entity/Q132134843 | B3: Marie Verhamme | C3: http://www.wikidata.org/entity/Q3433569 | D3: achterneef | E3: Persoon naar Guido | F3: https://www.wikidata.org/wiki/Q132134843
A4: http://www.wikidata.org/entity/Q125224053 | B4: Mathilde De Kyvere | C4: http://www.wikidata.org/entity/Q3433569 | D4: achterneef | E4: Persoon naar Guido | F4: https://www.wikidata.org/wiki/Q125224053
A5: http://www.wikidata.org/entity/Q119261055 | B5: Anna Theresia Morice | C5: http://www.wikidata.org/entity/Q11921506 | D5: kleinzoon | E5: Persoon naar Guido | F5: https://www.wikidata.org/wiki/Q119261055
A6: http://www.wikidata.org/entity/Q119266430 | B6: Isabella Rosa De Riemaecker | C6: http://www.wikidata.org/entity/Q11921506 | D6: kleinzoon | E6: Persoon naar Guido | F6: https://www.wikidata.org/wiki/Q119266430
A7: http://www.wikidata.org/entity/Q119265494 | B7: Jozef De Vriese | C7: http://www.wikidata.org/entity/Q11921506 | D7: kleinzoon | E7: Persoon naar Guido | F7: https://www.wikidata.org/wiki/Q119265494
A8: http://www.wikidata.org/entity/Q119260284 | B8: Pieter Jozef Gezelle | C8: http://www.wikidata.org/entity/Q11921506 | D8: kleinzoon | E8: Persoon naar Guido | F8: https://www.wikidata.org/wiki/Q119260284
A9: http://www.wikidata.org/entity/Q119349594 | B9: Amelia De Vriese | C9: http://www.wikidata.org/entity/Q15224724 | D9: neef | E9: Persoon naar Guido | F9: https://www.wikidata.org/wiki/Q119349594
A10: http://www.wikidata.org/entity/Q119409510 | B10: Barbe Theresia Malfait | C10: http://www.wikidata.org/entity/Q15224724 | D10: neef | E10: Persoon naar Guido | F10: https://www.wikidata.org/wiki/Q119409510
A11: http://www.wikidata.org/entity/Q119396425 | B11: Catharina Gezelle | C11: http://www.wikidata.org/entity/Q15224724 | D11: neef | E11: Persoon naar Guido | F11: https://www.wikidata.org/wiki/Q119396425
A12: http://www.wikidata.org/entity/Q119397002 | B12: Charles Louis Dedeurwaerder | C12: http://www.wikidata.org/entity/Q15224724 | D12: neef | E12: Persoon naar Guido | F12: https://www.wikidata.org/wiki/Q119397002
A13: http://www.wikidata.org/entity/Q119349274 | B13: Clara De Vriese | C13: http://www.wikidata.org/entity/Q15224724 | D13: neef | E13: Persoon naar Guido | F13: https://www.wikidata.org/wiki/Q119349274
... A30: http://www.wikidata.org/entity/Q119362394 | B30: Rosalie Van Craeymeersch | C30: http://www.wikidata.org/entity/Q15224724 | D30: neef | E30: Persoon naar Guido | F30: https://www.wikidata.org/wiki/Q119362394
A31: http://www.wikidata.org/entity/Q2154331 | B31: Caesar Gezelle | C31: http://www.wikidata.org/entity/Q76557 | D31: oom | E31: Persoon naar Guido | F31: https://www.wikidata.org/wiki/Q2154331 | G31: https://nl.wikipedia.org/wiki/Caesar_Gezelle | J31: https://viaf.org/viaf/28277814
A32: http://www.wikidata.org/entity/Q119419379 | B32: Camille Henri Joseph Lateur | C32: http://www.wikidata.org/entity/Q76557 | D32: oom | E32: Persoon naar Guido | F32: https://www.wikidata.org/wiki/Q119419379
A33: http://www.wikidata.org/entity/Q117244211 | B33: Dymphna Gezelle | C33: http://www.wikidata.org/entity/Q76557 | D33: oom | E33: Persoon naar Guido | F33: https://www.wikidata.org/wiki/Q117244211 | G33: https://nl.wikipedia.org/wiki/Dymphna_Gezelle | H33: https://commons.wikimedia.org/wiki/Category:Dymphna Gezelle | I33: http://commons.wikimedia.org/wiki/Special:FilePath/Foto%20Dymphna%20Gezelle%20%282%29.jpg
A34: http://www.wikidata.org/entity/Q129165482 | B34: Elise Mathilde Maria Gezelle | C34: http://www.wikidata.org/entity/Q76557 | D34: oom | E34: Persoon naar Guido | F34: https://www.wikidata.org/wiki/Q129165482
A35: http://www.wikidata.org/entity/Q117244596 | B35: Hortense Gezelle | C35: http://www.wikidata.org/entity/Q76557 | D35: oom | E35: Persoon naar Guido | F35: https://www.wikidata.org/wiki/Q117244596 | H35: https://commons.wikimedia.org/wiki/Category:Hortense Gezelle | I35: http://commons.wikimedia.org/wiki/Special:FilePath/Foto%20van%20Hortense%20Gezelle.jpg
A36: http://www.wikidata.org/entity/Q55770641 | B36: Jozef Gezelle | C36: http://www.wikidata.org/entity/Q76557 | D36: oom | E36: Persoon naar Guido | F36: https://www.wikidata.org/wiki/Q55770641 | G36: https://nl.wikipedia.org/wiki/Jozef_Gezelle
A37: http://www.wikidata.org/entity/Q20902372 | B37: Karel Lateur | C37: http://www.wikidata.org/entity/Q76557 | D37: oom | E37: Persoon naar Guido | F37: https://www.wikidata.org/wiki/Q20902372 | G37: https://nl.wikipedia.org/wiki/Karel_Lateur | H37: https://commons.wikimedia.org/wiki/Category:Karel Lateur | I37: http://commons.wikimedia.org/wiki/Special:FilePath/Karel%20Lateur.jpg
A38: http://www.wikidata.org/entity/Q119418028 | B38: Maria Louisa Lateur | C38: http://www.wikidata.org/entity/Q76557 | D38: oom | E38: Persoon naar Guido | F38: https://www.wikidata.org/wiki/Q119418028
A39: http://www.wikidata.org/entity/Q116621699 | B39: Maria Magdalena Gezelle | C39: http://www.wikidata.org/entity/Q41805469 | D39: oom | E39: Persoon naar Guido | F39: https://www.wikidata.org/wiki/Q116621699 | H39: https://commons.wikimedia.org/wiki/Category:Maria Magdalena Gezelle | I39: http://commons.wikimedia.org/wiki/Special:FilePath/Foto%20Philomena%20De%20Smet%2C%20Maria%20Gezelle%20en%20Hortense%20Gezelle%20%28cropped%29.jpg
A40: http://www.wikidata.org/entity/Q116673220 | B40: Maria Philomena Lateur | C40: http://www.wikidata.org/entity/Q76557 | D40: oom | E40: Persoon naar Guido | F40: https://www.wikidata.org/wiki/Q116673220
A41: http://www.wikidata.org/entity/Q116672748 | B41: Marie Elise Amandine Lateur | C41: http://www.wikidata.org/entity/Q76557 | D41: oom | E41: Persoon naar Guido | F41: https://www.wikidata.org/wiki/Q116672748 | G41: https://nl.wikipedia.org/wiki/Elisa_Lateur | I41: http://commons.wikimedia.org/wiki/Special:FilePath/Foto%20Caesar%20Gezelle%2C%20Philomena%20De%20Smet%20en%20Elisa%20Lateur.jpg
A42: http://www.wikidata.org/entity/Q119414177 | B42: Mathilde Gezelle | C42: http://www.wikidata.org/entity/Q76557 | D42: oom | E42: Persoon naar Guido | F42: https://www.wikidata.org/wiki/Q119414177
A43: http://www.wikidata.org/entity/Q175669 | B43: Stijn Streuvels | C43: http://www.wikidata.org/entity/Q76557 | D43: oom | E43: Persoon naar Guido | F43: https://www.wikidata.org/wiki/Q175669 | G43: https://nl.wikipedia.org/wiki/Stijn_Streuvels | H43: https://commons.wikimedia.org/wiki/Category:Stijn Streuvels | I43: http://commons.wikimedia.org/wiki/Special:FilePath/Stijn%20Streuvels%20by%20Modest%20Huys%20%28cropped%29.jpg | J43: https://viaf.org/viaf/24708474
A44: http://www.wikidata.org/entity/Q175669 | B44: Stijn Streuvels | C44: http://www.wikidata.org/entity/Q76557 | D44: oom | E44: Persoon naar Guido | F44: https://www.wikidata.org/wiki/Q175669 | G44: https://nl.wikipedia.org/wiki/Stijn_Streuvels | H44: https://commons.wikimedia.org/wiki/Category:Stijn Streuvels | I44: http://commons.wikimedia.org/wiki/Special:FilePath/Stijn%20Streuvels%20by%20Modest%20Huys.jpg | J44: https://viaf.org/viaf/24708474
A45: http://www.wikidata.org/entity/Q117409336 | B45: Camille Lateur | C45: http://www.wikidata.org/entity/Q2914212 | D45: schoonbroer | E45: Persoon naar Guido | F45: https://www.wikidata.org/wiki/Q117409336
A46: http://www.wikidata.org/entity/Q117244643 | B46: Philomena De Smet | C46: http://www.wikidata.org/entity/Q2914212 | D46: schoonbroer | E46: Persoon naar Guido | F46: https://www.wikidata.org/wiki/Q117244643 | H46: https://commons.wikimedia.org/wiki/Category:Philomena De Smet
A47: http://www.wikidata.org/entity/Q125246405 | B47: Clementia De Vriese | C47: http://www.wikidata.org/entity/Q31819505 | D47: volle neef | E47: Persoon naar Guido | F47: https://www.wikidata.org/wiki/Q125246405
A48: http://www.wikidata.org/entity/Q125246270 | B48: Felix Rigardus De Vriese | C48: http://www.wikidata.org/entity/Q31819505 | D48: volle neef | E48: Persoon naar Guido | F48: https://www.wikidata.org/wiki/Q125246270
A49: http://www.wikidata.org/entity/Q125246469 | B49: Gustavus De Vriese | C49: http://www.wikidata.org/entity/Q31819505 | D49: volle neef | E49: Persoon naar Guido | F49: https://www.wikidata.org/wiki/Q125246469
A50: http://www.wikidata.org/entity/Q125246358 | B50: Henricus De Vriese | C50: http://www.wikidata.org/entity/Q31819505 | D50: volle neef | E50: Persoon naar Guido | F50: https://www.wikidata.org/wiki/Q125246358
A51: http://www.wikidata.org/entity/Q125233872 | B51: Karel De Vriese | C51: http://www.wikidata.org/entity/Q31819505 | D51: volle neef | E51: Persoon naar Guido | F51: https://www.wikidata.org/wiki/Q125233872
A52: http://www.wikidata.org/entity/Q125234939 | B52: Karel Lodewijk De Vriese | C52: http://www.wikidata.org/entity/Q31819505 | D52: volle neef | E52: Persoon naar Guido | F52: https://www.wikidata.org/wiki/Q125234939
A53: http://www.wikidata.org/entity/Q125235774 | B53: Karel Lodewijk De Vriese | C53: http://www.wikidata.org/entity/Q31819505 | D53: volle neef | E53: Persoon naar Guido | F53: https://www.wikidata.org/wiki/Q125235774
A54: http://www.wikidata.org/entity/Q125224853 | B54: Ludovica Giselina De Vriese | C54: http://www.wikidata.org/entity/Q31819505 | D54: volle neef | E54: Persoon naar Guido | F54: https://www.wikidata.org/wiki/Q125224853
A55: http://www.wikidata.org/entity/Q125232852 | B55: Maria Theresia De Vriese | C55: http://www.wikidata.org/entity/Q31819505 | D55: volle neef | E55: Persoon naar Guido | F55: https://www.wikidata.org/wiki/Q125232852
A56: http://www.wikidata.org/entity/Q125236669 | B56: Mathilde Guislena De Vriese | C56: http://www.wikidata.org/entity/Q31819505 | D56: volle neef | E56: Persoon naar Guido | F56: https://www.wikidata.org/wiki/Q125236669
A57: http://www.wikidata.org/entity/Q125237862 | B57: Theodorus De Vriese | C57: http://www.wikidata.org/entity/Q31819505 | D57: volle neef | E57: Persoon naar Guido | F57: https://www.wikidata.org/wiki/Q125237862

Sheet RawDataQ3
A1: person | B1: personLabel | C1: kinshipItem | D1: kinshipLabel | E1: richting | F1: wikidataLink | G1: wikipediaLink | H1: commonsLink | I1: image | J1: viafLink
A2: http://www.wikidata.org/entity/Q116620739 | B2: Catherine de Kyvere | C2: http://www.wikidata.org/entity/Q84158643 | D2: achternicht | E2: Guido naar Persoon | F2: https://www.wikidata.org/wiki/Q116620739
A3: http://www.wikidata.org/entity/Q132134843 | B3: Marie Verhamme | C3: http://www.wikidata.org/entity/Q84158643 | D3: achternicht | E3: Guido naar Persoon | F3: https://www.wikidata.org/wiki/Q132134843
A4: http://www.wikidata.org/entity/Q125224053 | B4: Mathilde De Kyvere | C4: http://www.wikidata.org/entity/Q84158643 | D4: achternicht | E4: Guido naar Persoon | F4: https://www.wikidata.org/wiki/Q125224053
A5: http://www.wikidata.org/entity/Q119261055 | B5: Anna Theresia Morice | C5: http://www.wikidata.org/entity/Q9235758 | D5: grootmoeder | E5: Guido naar Persoon | F5: https://www.wikidata.org/wiki/Q119261055
A6: http://www.wikidata.org/entity/Q119266430 | B6: Isabella Rosa De Riemaecker | C6: http://www.wikidata.org/entity/Q9235758 | D6: grootmoeder | E6: Guido naar Persoon | F6: https://www.wikidata.org/wiki/Q119266430
A7: http://www.wikidata.org/entity/Q119265494 | B7: Jozef De Vriese | C7: http://www.wikidata.org/entity/Q9238344 | D7: grootvader | E7: Guido naar Persoon | F7: https://www.wikidata.org/wiki/Q119265494
A8: http://www.wikidata.org/entity/Q119260284 | B8: Pieter Jozef Gezelle | C8: http://www.wikidata.org/entity/Q9238344 | D8: grootvader | E8: Guido naar Persoon | F8: https://www.wikidata.org/wiki/Q119260284
A9: http://www.wikidata.org/entity/Q2154331 | B9: Caesar Gezelle | C9: http://www.wikidata.org/entity/Q15224724 | D9: neef | E9: Guido naar Persoon | F9: https://www.wikidata.org/wiki/Q2154331 | G9: https://nl.wikipedia.org/wiki/Caesar_Gezelle | J9: https://viaf.org/viaf/28277814
A10: http://www.wikidata.org/entity/Q119419379 | B10: Camille Henri Joseph Lateur | C10: http://www.wikidata.org/entity/Q15224724 | D10: neef | E10: Guido naar Persoon | F10: https://www.wikidata.org/wiki/Q119419379
A11: http://www.wikidata.org/entity/Q125246270 | B11: Felix Rigardus De Vriese | C11: http://www.wikidata.org/entity/Q57832810 | D11: neef | E11: Guido naar Persoon | F11: https://www.wikidata.org/wiki/Q125246270
A12: http://www.wikidata.org/entity/Q118309918 | B12: Georges Gezelle | C12: http://www.wikidata.org/entity/Q15224724 | D12: neef | E12: Guido naar Persoon | F12: https://www.wikidata.org/wiki/Q118309918
A13: http://www.wikidata.org/entity/Q125246469 | B13: Gustavus De Vriese | C13: http://www.wikidata.org/entity/Q57832810 | D13: neef | E13: Guido naar Persoon | F13: https://www.wikidata.org/wiki/Q125246469
A14: http://www.wikidata.org/entity/Q125246358 | B14: Henricus De Vriese | C14: http://www.wikidata.org/entity/Q57832810 | D14: neef | E14: Guido naar Persoon | F14: https://www.wikidata.org/wiki/Q125246358
A15: http://www.wikidata.org/entity/Q55770641 | B15: Jozef Gezelle | C15: http://www.wikidata.org/entity/Q15224724 | D15: neef | E15: Guido naar Persoon | F15: https://www.wikidata.org/wiki/Q55770641 | G15: https://nl.wikipedia.org/wiki/Jozef_Gezelle
A16: http://www.wikidata.org/entity/Q125233872 | B16: Karel De Vriese | C16: http://www.wikidata.org/entity/Q57832810 | D16: neef | E16: Guido naar Persoon | F16: https://www.wikidata.org/wiki/Q125233872
A17: http://www.wikidata.org/entity/Q20902372 | B17: Karel Lateur | C17: http://www.wikidata.org/entity/Q15224724 | D17: neef | E17: Guido naar Persoon | F17: https://www.wikidata.org/wiki/Q20902372 | G17: https://nl.wikipedia.org/wiki/Karel_Lateur | H17: https://commons.wikimedia.org/wiki/Category:Karel Lateur | I17: http://commons.wikimedia.org/wiki/Special:FilePath/Karel%20Lateur.jpg
A18: http://www.wikidata.org/entity/Q125234939 | B18: Karel Lodewijk De Vriese | C18: http://www.wikidata.org/entity/Q57832810 | D18: neef | E18: Guido naar Persoon | F18: https://www.wikidata.org/wiki/Q125234939
A19: http://www.wikidata.org/entity/Q125235774 | B19: Karel Lodewijk De Vriese | C19: http://www.wikidata.org/entity/Q57832810 | D19: neef | E19: Guido naar Persoon | F19: https://www.wikidata.org/wiki/Q125235774
A20: http://www.wikidata.org/entity/Q175669 | B20: Stijn Streuvels | C20: http://www.wikidata.org/entity/Q15224724 | D20: neef | E20: Guido naar Persoon | F20: https://www.wikidata.org/wiki/Q175669 | G20: https://nl.wikipedia.org/wiki/Stijn_Streuvels | H20: https://commons.wikimedia.org/wiki/Category:Stijn Streuvels | I20: http://commons.wikimedia.org/wiki/Special:FilePath/Stijn%20Streuvels%20by%20Modest%20Huys%20%28cropped%29.jpg | J20: https://viaf.org/viaf/24708474
A21: http://www.wikidata.org/entity/Q175669 | B21: Stijn Streuvels | C21: http://www.wikidata.org/entity/Q15224724 | D21: neef | E21: Guido naar Persoon | F21: https://www.wikidata.org/wiki/Q175669 | G21: https://nl.wikipedia.org/wiki/Stijn_Streuvels | H21: https://commons.wikimedia.org/wiki/Category:Stijn Streuvels | I21: http://commons.wikimedia.org/wiki/Special:FilePath/Stijn%20Streuvels%20by%20Modest%20Huys.jpg | J21: https://viaf.org/viaf/24708474
A22: http://www.wikidata.org/entity/Q125237862 | B22: Theodorus De Vriese | C22: http://www.wikidata.org/entity/Q57832810 | D22: neef | E22: Guido naar Persoon | F22: https://www.wikidata.org/wiki/Q125237862
A23: http://www.wikidata.org/entity/Q125246405 | B23: Clementia De Vriese | C23: http://www.wikidata.org/entity/Q57832811 | D23: nicht | E23: Guido naar Persoon | F23: https://www.wikidata.org/wiki/Q125246405
A24: http://www.wikidata.org/entity/Q117244211 | B24: Dymphna Gezelle | C24: http://www.wikidata.org/entity/Q3403377 | D24: nicht | E24: Guido naar Persoon | F24: https://www.wikidata.org/wiki/Q117244211 | G24: https://nl.wikipedia.org/wiki/Dymphna_Gezelle | H24: https://commons.wikimedia.org/wiki/Category:Dymphna Gezelle | I24: http://commons.wikimedia.org/wiki/Special:FilePath/Foto%20Dymphna%20Gezelle%20%282%29.jpg
A25: http://www.wikidata.org/entity/Q129165482 | B25: Elise Mathilde Maria Gezelle | C25: http://www.wikidata.org/entity/Q3403377 | D25: nicht | E25: Guido naar Persoon | F25: https://www.wikidata.org/wiki/Q129165482
A26: http://www.wikidata.org/entity/Q117244596 | B26: Hortense Gezelle | C26: http://www.wikidata.org/entity/Q3403377 | D26: nicht | E26: Guido naar Persoon | F26: https://www.wikidata.org/wiki/Q117244596 | H26: https://commons.wikimedia.org/wiki/Category:Hortense Gezelle | I26: http://commons.wikimedia.org/wiki/Special:FilePath/Foto%20van%20Hortense%20Gezelle.jpg
A27: http://www.wikidata.org/entity/Q125224853 | B27: Ludovica Giselina De Vriese | C27: http://www.wikidata.org/entity/Q57832811 | D27: nicht | E27: Guido naar Persoon | F27: https://www.wikidata.org/wiki/Q125224853
A28: http://www.wikidata.org/entity/Q119418028 | B28: Maria Louisa Lateur | C28: http://www.wikidata.org/entity/Q3403377 | D28: nicht | E28: Guido naar Persoon | F28: https://www.wikidata.org/wiki/Q119418028
A29: http://www.wikidata.org/entity/Q116621699 | B29: Maria Magdalena Gezelle | C29: http://www.wikidata.org/entity/Q3403377 | D29: nicht | E29: Guido naar Persoon | F29: https://www.wikidata.org/wiki/Q116621699 | H29: https://commons.wikimedia.org/wiki/Category:Maria Magdalena Gezelle | I29: http://commons.wikimedia.org/wiki/Special:FilePath/Foto%20Philomena%20De%20Smet%2C%20Maria%20Gezelle%20en%20Hortense%20Gezelle%20%28cropped%29.jpg
A30: http://www.wikidata.org/entity/Q116673220 | B30: Maria Philomena Lateur | C30: http://www.wikidata.org/entity/Q3403377 | D30: nicht | E30: Guido naar Persoon | F30: https://www.wikidata.org/wiki/Q116673220
A31: http://www.wikidata.org/entity/Q125232852 | B31: Maria Theresia De Vriese | C31: http://www.wikidata.org/entity/Q57832811 | D31: nicht | E31: Guido naar Persoon | F31: https://www.wikidata.org/wiki/Q125232852
A32: http://www.wikidata.org/entity/Q116672748 | B32: Marie Elise Amandine Lateur | C32: http://www.wikidata.org/entity/Q3403377 | D32: nicht | E32: Guido naar Persoon | F32: https://www.wikidata.org/wiki/Q116672748 | G32: https://nl.wikipedia.org/wiki/Elisa_Lateur | I32: http://commons.wikimedia.org/wiki/Special:FilePath/Foto%20Caesar%20Gezelle%2C%20Philomena%20De%20Smet%20en%20Elisa%20Lateur.jpg
A33: http://www.wikidata.org/entity/Q125218763 | B33: Mathilde De Vriese | C33: http://www.wikidata.org/entity/Q3403377 | D33: nicht | E33: Guido naar Persoon | F33: https://www.wikidata.org/wiki/Q125218763
A34: http://www.wikidata.org/entity/Q119414177 | B34: Mathilde Gezelle | C34: http://www.wikidata.org/entity/Q3403377 | D34: nicht | E34: Guido naar Persoon | F34: https://www.wikidata.org/wiki/Q119414177
A35: http://www.wikidata.org/entity/Q125236669 | B35: Mathilde Guislena De Vriese | C35: http://www.wikidata.org/entity/Q57832811 | D35: nicht | E35: Guido naar Persoon | F35: https://www.wikidata.org/wiki/Q125236669
A36: http://www.wikidata.org/entity/Q125218820 | B36: Melanie De Vriese | C36: http://www.wikidata.org/entity/Q3403377 | D36: nicht | E36: Guido naar Persoon | F36: https://www.wikidata.org/wiki/Q125218820
A37: http://www.wikidata.org/entity/Q119397002 | B37: Charles Louis Dedeurwaerder | C37: http://www.wikidata.org/entity/Q76557 | D37: oom | E37: Guido naar Persoon | F37: https://www.wikidata.org/wiki/Q119397002
A38: http://www.wikidata.org/entity/Q119361924 | B38: Eugenius De Vriese | C38: http://www.wikidata.org/entity/Q76557 | D38: oom | E38: Guido naar Persoon | F38: https://www.wikidata.org/wiki/Q119361924
A39: http://www.wikidata.org/entity/Q119396286 | B39: Jacobus Gezelle | C39: http://www.wikidata.org/entity/Q76557 | D39: oom | E39: Guido naar Persoon | F39: https://www.wikidata.org/wiki/Q119396286
A40: http://www.wikidata.org/entity/Q119349793 | B40: Josephus De Vriese | C40: http://www.wikidata.org/entity/Q76557 | D40: oom | E40: Guido naar Persoon | F40: https://www.wikidata.org/wiki/Q119349793
A41: http://www.wikidata.org/entity/Q119362093 | B41: Karel De Vriese | C41: http://www.wikidata.org/entity/Q76557 | D41: oom | E41: Guido naar Persoon | F41: https://www.wikidata.org/wiki/Q119362093
A42: http://www.wikidata.org/entity/Q119362208 | B42: Leon De Vriese | C42: http://www.wikidata.org/entity/Q76557 | D42: oom | E42: Guido naar Persoon | F42: https://www.wikidata.org/wiki/Q119362208
A43: http://www.wikidata.org/entity/Q119396108 | B43: Michaël Dominique Gezelle | C43: http://www.wikidata.org/entity/Q76557 | D43: oom | E43: Guido naar Persoon | F43: https://www.wikidata.org/wiki/Q119396108
A44: http://www.wikidata.org/entity/Q119395942 | B44: Pieter Frans Gezelle | C44: http://www.wikidata.org/entity/Q76557 | D44: oom | E44: Guido naar Persoon | F44: https://www.wikidata.org/wiki/Q119395942
A45: http://www.wikidata.org/entity/Q132144201 | B45: Martinus Jacobus De Gheselle | C45: http://www.wikidata.org/entity/Q2500621 | D45: overgrootvader | E45: Guido naar Persoon | F45: https://www.wikidata.org/wiki/Q132144201
A46: http://www.wikidata.org/entity/Q117244643 | B46: Philomena De Smet | C46: http://www.wikidata.org/entity/Q3238556 | D46: schoonzus | E46: Guido naar Persoon | F46: https://www.wikidata.org/wiki/Q117244643 | H46: https://commons.wikimedia.org/wiki/Category:Philomena De Smet
A47: http://www.wikidata.org/entity/Q119349594 | B47: Amelia De Vriese | C47: http://www.wikidata.org/entity/Q76507 | D47: tante | E47: Guido naar Persoon | F47: https://www.wikidata.org/wiki/Q119349594
A48: http://www.wikidata.org/entity/Q119409510 | B48: Barbe Theresia Malfait | C48: http://www.wikidata.org/entity/Q76507 | D48: tante | E48: Guido naar Persoon | F48: https://www.wikidata.org/wiki/Q119409510
A49: http://www.wikidata.org/entity/Q119396425 | B49: Catharina Gezelle | C49: http://www.wikidata.org/entity/Q76507 | D49: tante | E49: Guido naar Persoon | F49: https://www.wikidata.org/wiki/Q119396425
A50: http://www.wikidata.org/entity/Q119349274 | B50: Clara De Vriese | C50: http://www.wikidata.org/entity/Q76507 | D50: tante | E50: Guido naar Persoon | F50: https://www.wikidata.org/wiki/Q119349274
A51: http://www.wikidata.org/entity/Q119349443 | B51: Coleta De Vriese | C51: http://www.wikidata.org/entity/Q76507 | D51: tante | E51: Guido naar Persoon | F51: https://www.wikidata.org/wiki/Q119349443
A52: http://www.wikidata.org/entity/Q119410907 | B52: Constantia Franciscus Dilgat | C52: http://www.wikidata.org/entity/Q76507 | D52: tante | E52: Guido naar Persoon | F52: https://www.wikidata.org/wiki/Q119410907
A53: http://www.wikidata.org/entity/Q116621725 | B53: Maria Constantia Gezelle | C53: http://www.wikidata.org/entity/Q76507 | D53: tante | E53: Guido naar Persoon | F53: https://www.wikidata.org/wiki/Q116621725
A54: http://www.wikidata.org/entity/Q116659577 | B54: Maria Josepha Gezelle | C54: http://www.wikidata.org/entity/Q76507 | D54: tante | E54: Guido naar Persoon | F54: https://www.wikidata.org/wiki/Q116659577
A55: http://www.wikidata.org/entity/Q119397067 | B55: Maria Theresia Debusschere | C55: http://www.wikidata.org/entity/Q76507 | D55: tante | E55: Guido naar Persoon | F55: https://www.wikidata.org/wiki/Q119397067
A56: http://www.wikidata.org/entity/Q119362660 | B56: Reine De Bal | C56: http://www.wikidata.org/entity/Q76507 | D56: tante | E56: Guido naar Persoon | F56: https://www.wikidata.org/wiki/Q119362660
A57: http://www.wikidata.org/entity/Q119362394 | B57: Rosalie Van Craeymeersch | C57: http://www.wikidata.org/entity/Q76507 | D57: tante | E57: Guido naar Persoon | F57: https://www.wikidata.org/wiki/Q119362394
A58: http://www.wikidata.org/entity/Q116620739 | B58: Catherine de Kyvere | C58: http://www.wikidata.org/entity/Q3433569 | D58: achterneef | E58: Persoon naar Guido | F58: https://www.wikidata.org/wiki/Q116620739
... A86: http://www.wikidata.org/entity/Q119362394 | B86: Rosalie Van Craeymeersch | C86: http://www.wikidata.org/entity/Q15224724 | D86: neef | E86: Persoon naar Guido | F86: https://www.wikidata.org/wiki/Q119362394
A87: http://www.wikidata.org/entity/Q2154331 | B87: Caesar Gezelle | C87: http://www.wikidata.org/entity/Q76557 | D87: oom | E87: Persoon naar Guido | F87: https://www.wikidata.org/wiki/Q2154331 | G87: https://nl.wikipedia.org/wiki/Caesar_Gezelle | J87: https://viaf.org/viaf/28277814
A88: http://www.wikidata.org/entity/Q119419379 | B88: Camille Henri Joseph Lateur | C88: http://www.wikidata.org/entity/Q76557 | D88: oom | E88: Persoon naar Guido | F88: https://www.wikidata.org/wiki/Q119419379
A89: http://www.wikidata.org/entity/Q117244211 | B89: Dymphna Gezelle | C89: http://www.wikidata.org/entity/Q76557 | D89: oom | E89: Persoon naar Guido | F89: https://www.wikidata.org/wiki/Q117244211 | G89: https://nl.wikipedia.org/wiki/Dymphna_Gezelle | H89: https://commons.wikimedia.org/wiki/Category:Dymphna Gezelle | I89: http://commons.wikimedia.org/wiki/Special:FilePath/Foto%20Dymphna%20Gezelle%20%282%29.jpg
A90: http://www.wikidata.org/entity/Q129165482 | B90: Elise Mathilde Maria Gezelle | C90: http://www.wikidata.org/entity/Q76557 | D90: oom | E90: Persoon naar Guido | F90: https://www.wikidata.org/wiki/Q129165482
A91: http://www.wikidata.org/entity/Q117244596 | B91: Hortense Gezelle | C91: http://www.wikidata.org/entity/Q76557 | D91: oom | E91: Persoon naar Guido | F91: https://www.wikidata.org/wiki/Q117244596 | H91: https://commons.wikimedia.org/wiki/Category:Hortense Gezelle | I91: http://commons.wikimedia.org/wiki/Special:FilePath/Foto%20van%20Hortense%20Gezelle.jpg
A92: http://www.wikidata.org/entity/Q55770641 | B92: Jozef Gezelle | C92: http://www.wikidata.org/entity/Q76557 | D92: oom | E92: Persoon naar Guido | F92: https://www.wikidata.org/wiki/Q55770641 | G92: https://nl.wikipedia.org/wiki/Jozef_Gezelle
A93: http://www.wikidata.org/entity/Q20902372 | B93: Karel Lateur | C93: http://www.wikidata.org/entity/Q76557 | D93: oom | E93: Persoon naar Guido | F93: https://www.wikidata.org/wiki/Q20902372 | G93: https://nl.wikipedia.org/wiki/Karel_Lateur | H93: https://commons.wikimedia.org/wiki/Category:Karel Lateur | I93: http://commons.wikimedia.org/wiki/Special:FilePath/Karel%20Lateur.jpg
A94: http://www.wikidata.org/entity/Q119418028 | B94: Maria Louisa Lateur | C94: http://www.wikidata.org/entity/Q76557 | D94: oom | E94: Persoon naar Guido | F94: https://www.wikidata.org/wiki/Q119418028
A95: http://www.wikidata.org/entity/Q116621699 | B95: Maria Magdalena Gezelle | C95: http://www.wikidata.org/entity/Q41805469 | D95: oom | E95: Persoon naar Guido | F95: https://www.wikidata.org/wiki/Q116621699 | H95: https://commons.wikimedia.org/wiki/Category:Maria Magdalena Gezelle | I95: http://commons.wikimedia.org/wiki/Special:FilePath/Foto%20Philomena%20De%20Smet%2C%20Maria%20Gezelle%20en%20Hortense%20Gezelle%20%28cropped%29.jpg
A96: http://www.wikidata.org/entity/Q116673220 | B96: Maria Philomena Lateur | C96: http://www.wikidata.org/entity/Q76557 | D96: oom | E96: Persoon naar Guido | F96: https://www.wikidata.org/wiki/Q116673220
A97: http://www.wikidata.org/entity/Q116672748 | B97: Marie Elise Amandine Lateur | C97: http://www.wikidata.org/entity/Q76557 | D97: oom | E97: Persoon naar Guido | F97: https://www.wikidata.org/wiki/Q116672748 | G97: https://nl.wikipedia.org/wiki/Elisa_Lateur | I97: http://commons.wikimedia.org/wiki/Special:FilePath/Foto%20Caesar%20Gezelle%2C%20Philomena%20De%20Smet%20en%20Elisa%20Lateur.jpg
A98: http://www.wikidata.org/entity/Q119414177 | B98: Mathilde Gezelle | C98: http://www.wikidata.org/entity/Q76557 | D98: oom | E98: Persoon naar Guido | F98: https://www.wikidata.org/wiki/Q119414177
A99: http://www.wikidata.org/entity/Q175669 | B99: Stijn Streuvels | C99: http://www.wikidata.org/entity/Q76557 | D99: oom | E99: Persoon naar Guido | F99: https://www.wikidata.org/wiki/Q175669 | G99: https://nl.wikipedia.org/wiki/Stijn_Streuvels | H99: https://commons.wikimedia.org/wiki/Category:Stijn Streuvels | I99: http://commons.wikimedia.org/wiki/Special:FilePath/Stijn%20Streuvels%20by%20Modest%20Huys%20%28cropped%29.jpg | J99: https://viaf.org/viaf/24708474
A100: http://www.wikidata.org/entity/Q175669 | B100: Stijn Streuvels | C100: http://www.wikidata.org/entity/Q76557 | D100: oom | E100: Persoon naar Guido | F100: https://www.wikidata.org/wiki/Q175669 | G100: https://nl.wikipedia.org/wiki/Stijn_Streuvels | H100: https://commons.wikimedia.org/wiki/Category:Stijn Streuvels | I100: http://commons.wikimedia.org/wiki/Special:FilePath/Stijn%20Streuvels%20by%20Modest%20Huys.jpg | J100: https://viaf.org/viaf/24708474
A101: http://www.wikidata.org/entity/Q117409336 | B101: Camille Lateur | C101: http://www.wikidata.org/entity/Q2914212 | D101: schoonbroer | E101: Persoon naar Guido | F101: https://www.wikidata.org/wiki/Q117409336
A102: http://www.wikidata.org/entity/Q117244643 | B102: Philomena De Smet | C102: http://www.wikidata.org/entity/Q2914212 | D102: schoonbroer | E102: Persoon naar Guido | F102: https://www.wikidata.org/wiki/Q117244643 | H102: https://commons.wikimedia.org/wiki/Category:Philomena De Smet
A103: http://www.wikidata.org/entity/Q125246405 | B103: Clementia De Vriese | C103: http://www.wikidata.org/entity/Q31819505 | D103: volle neef | E103: Persoon naar Guido | F103: https://www.wikidata.org/wiki/Q125246405
A104: http://www.wikidata.org/entity/Q125246270 | B104: Felix Rigardus De Vriese | C104: http://www.wikidata.org/entity/Q31819505 | D104: volle neef | E104: Persoon naar Guido | F104: https://www.wikidata.org/wiki/Q125246270
A105: http://www.wikidata.org/entity/Q125246469 | B105: Gustavus De Vriese | C105: http://www.wikidata.org/entity/Q31819505 | D105: volle neef | E105: Persoon naar Guido | F105: https://www.wikidata.org/wiki/Q125246469
A106: http://www.wikidata.org/entity/Q125246358 | B106: Henricus De Vriese | C106: http://www.wikidata.org/entity/Q31819505 | D106: volle neef | E106: Persoon naar Guido | F106: https://www.wikidata.org/wiki/Q125246358
A107: http://www.wikidata.org/entity/Q125233872 | B107: Karel De Vriese | C107: http://www.wikidata.org/entity/Q31819505 | D107: volle neef | E107: Persoon naar Guido | F107: https://www.wikidata.org/wiki/Q125233872
A108: http://www.wikidata.org/entity/Q125234939 | B108: Karel Lodewijk De Vriese | C108: http://www.wikidata.org/entity/Q31819505 | D108: volle neef | E108: Persoon naar Guido | F108: https://www.wikidata.org/wiki/Q125234939
A109: http://www.wikidata.org/entity/Q125235774 | B109: Karel Lodewijk De Vriese | C109: http://www.wikidata.org/entity/Q31819505 | D109: volle neef | E109: Persoon naar Guido | F109: https://www.wikidata.org/wiki/Q125235774
A110: http://www.wikidata.org/entity/Q125224853 | B110: Ludovica Giselina De Vriese | C110: http://www.wikidata.org/entity/Q31819505 | D110: volle neef | E110: Persoon naar Guido | F110: https://www.wikidata.org/wiki/Q125224853
A111: http://www.wikidata.org/entity/Q125232852 | B111: Maria Theresia De Vriese | C111: http://www.wikidata.org/entity/Q31819505 | D111: volle neef | E111: Persoon naar Guido | F111: https://www.wikidata.org/wiki/Q125232852
A112: http://www.wikidata.org/entity/Q125236669 | B112: Mathilde Guislena De Vriese | C112: http://www.wikidata.org/entity/Q31819505 | D112: volle neef | E112: Persoon naar Guido | F112: https://www.wikidata.org/wiki/Q125236669
A113: http://www.wikidata.org/entity/Q125237862 | B113: Theodorus De Vriese | C113: http://www.wikidata.org/entity/Q31819505 | D113: volle neef | E113: Persoon naar Guido | F113: https://www.wikidata.org/wiki/Q125237862

Sheet Nodes
A1: ID | B1: Label | C1: Type | D1: relatietype | E1: SpecificRelatietype | F1: richting | G1: wikidataLink | H1: wikipediaLink | I1: commonsLink | J1: image | K1: bioPortaalLink | L1: viafLink
A2: Q336977 | B2: Guido Gezelle | C2: Persoon | D2: Centrale figuur | E2: =IF((D2="relevant persoon"), VLOOKUP(B2, RawDataQ2!$B:$D, 3, FALSE), IF(D2="familielid", VLOOKUP(B2, RawDataQ3!$B:$D, 3, FALSE), D2)) -> Centrale figuur | F2: Centrale figuur | G2: https://www.wikidata.org/wiki/Q336977 | H2: https://nl.wikipedia.org/wiki/Guido_Gezelle | I2: https://commons.wikimedia.org/wiki/Category:Guido_Gezelle | J2: https://commons.wikimedia.org/wiki/Category:Guido_Gezelle#/media/File:Guido_Gezelle.jpg | L2: https://viaf.org/en/viaf/71428001
A3: Q115818424 | B3: Achiel Piepers | C3: Persoon | D3: relevant persoon | E3: =IF((D3="relevant persoon"), VLOOKUP(B3, RawDataQ2!$B:$D, 3, FALSE), IF(D3="familielid", VLOOKUP(B3, RawDataQ3!$B:$D, 3, FALSE), D3)) -> briefschrijver | F3: Guido naar Persoon | G3: https://www.wikidata.org/wiki/Q115818424
A4: Q119013873 | B4: Achiel Van de Putte | C4: Persoon | D4: relevant persoon | E4: =IF((D4="relevant persoon"), VLOOKUP(B4, RawDataQ2!$B:$D, 3, FALSE), IF(D4="familielid", VLOOKUP(B4, RawDataQ3!$B:$D, 3, FALSE), D4)) -> briefschrijver | F4: Guido naar Persoon | G4: https://www.wikidata.org/wiki/Q119013873
A5: Q119217729 | B5: Achille Croquison | C5: Persoon | D5: relevant persoon | E5: =IF((D5="relevant persoon"), VLOOKUP(B5, RawDataQ2!$B:$D, 3, FALSE), IF(D5="familielid", VLOOKUP(B5, RawDataQ3!$B:$D, 3, FALSE), D5)) -> briefschrijver | F5: Guido naar Persoon | G5: https://www.wikidata.org/wiki/Q119217729
A6: Q115834468 | B6: Achilles Bohyn | C6: Persoon | D6: relevant persoon | E6: =IF((D6="relevant persoon"), VLOOKUP(B6, RawDataQ2!$B:$D, 3, FALSE), IF(D6="familielid", VLOOKUP(B6, RawDataQ3!$B:$D, 3, FALSE), D6)) -> briefschrijver | F6: Guido naar Persoon | G6: https://www.wikidata.org/wiki/Q115834468
A7: Q123417058 | B7: Adela Pauline Courtens | C7: Persoon | D7: relevant persoon | E7: =IF((D7="relevant persoon"), VLOOKUP(B7, RawDataQ2!$B:$D, 3, FALSE), IF(D7="familielid", VLOOKUP(B7, RawDataQ3!$B:$D, 3, FALSE), D7)) -> briefschrijver | F7: Guido naar Persoon | G7: https://www.wikidata.org/wiki/Q123417058
A8: Q125306156 | B8: Adelaida Antonia Vuylsteke | C8: Persoon | D8: relevant persoon | E8: =IF((D8="relevant persoon"), VLOOKUP(B8, RawDataQ2!$B:$D, 3, FALSE), IF(D8="familielid", VLOOKUP(B8, RawDataQ3!$B:$D, 3, FALSE), D8)) -> briefschrijver | F8: Guido naar Persoon | G8: https://www.wikidata.org/wiki/Q125306156
A9: Q136793932 | B9: Adèle Serweytens | C9: Persoon | D9: relevant persoon | E9: =IF((D9="relevant persoon"), VLOOKUP(B9, RawDataQ2!$B:$D, 3, FALSE), IF(D9="familielid", VLOOKUP(B9, RawDataQ3!$B:$D, 3, FALSE), D9)) -> bekende | F9: Guido naar Persoon | G9: https://www.wikidata.org/wiki/Q136793932
A10: Q113754119 | B10: Adolf De Wolf | C10: Persoon | D10: relevant persoon | E10: =IF((D10="relevant persoon"), VLOOKUP(B10, RawDataQ2!$B:$D, 3, FALSE), IF(D10="familielid", VLOOKUP(B10, RawDataQ3!$B:$D, 3, FALSE), D10)) -> briefschrijver | F10: Guido naar Persoon | G10: https://www.wikidata.org/wiki/Q113754119 | H10: https://nl.wikipedia.org/wiki/Adolf_De_Wolf
A11: Q2524668 | B11: Adolf Duclos | C11: Persoon | D11: relevant persoon | E11: =IF((D11="relevant persoon"), VLOOKUP(B11, RawDataQ2!$B:$D, 3, FALSE), IF(D11="familielid", VLOOKUP(B11, RawDataQ3!$B:$D, 3, FALSE), D11)) -> briefschrijver | F11: Guido naar Persoon | G11: https://www.wikidata.org/wiki/Q2524668 | H11: https://nl.wikipedia.org/wiki/Adolf_Duclos | I11: https://commons.wikimedia.org/wiki/Category:Adolf Duclos | J11: http://commons.wikimedia.org/wiki/Special:FilePath/Adolf%20Duclos001.jpg | L11: https://viaf.org/viaf/89293479
