Workbook

Sheet RawV3Q1
A1: lid | B1: lidLabel | C1: beroep | D1: beroepLabel | E1: imageLink
A2: http://www.wikidata.org/entity/Q3166510 | B2: Johan Joseph Faict | C2: http://www.wikidata.org/entity/Q1044528 | D2: vicaris-generaal | E2: http://commons.wikimedia.org/wiki/Special:FilePath/Brugge%20-%20Bisschop%20Faict%20%281864-1894%29%20-%20Brugge%20-%20Belgi%C3%AB.jpg
A3: http://www.wikidata.org/entity/Q378133 | B3: Hendrik Conscience | C3: http://www.wikidata.org/entity/Q82955 | D3: politicus | E3: http://commons.wikimedia.org/wiki/Special:FilePath/Hendrik%20Conscience.jpg
A4: http://www.wikidata.org/entity/Q672816 | B4: Nicholas Wiseman | C4: http://www.wikidata.org/entity/Q25393460 | D4: katholieke diaken | E4: http://commons.wikimedia.org/wiki/Special:FilePath/Wiseman.jpg
A5: http://www.wikidata.org/entity/Q1334711 | B5: Emmanuel Hiel | C5: http://www.wikidata.org/entity/Q36180 | D5: schrijver | E5: http://commons.wikimedia.org/wiki/Special:FilePath/Hiel%2C%20Emmanuel%20%281834-1899%29%3B%20dichter%20en%20schrijver%2C%20Nauwens%2C%20Joseph%2C%20Felixarchief%2C%2012%2012840.jpg
A6: http://www.wikidata.org/entity/Q1334711 | B6: Emmanuel Hiel | C6: http://www.wikidata.org/entity/Q49757 | D6: dichter | E6: http://commons.wikimedia.org/wiki/Special:FilePath/Hiel%2C%20Emmanuel%20%281834-1899%29%3B%20dichter%20en%20schrijver%2C%20Nauwens%2C%20Joseph%2C%20Felixarchief%2C%2012%2012840.jpg
A7: http://www.wikidata.org/entity/Q175669 | B7: Stijn Streuvels | C7: http://www.wikidata.org/entity/Q28389 | D7: scenarioschrijver | E7: http://commons.wikimedia.org/wiki/Special:FilePath/Stijn%20Streuvels%20by%20Modest%20Huys.jpg
A8: http://www.wikidata.org/entity/Q175669 | B8: Stijn Streuvels | C8: http://www.wikidata.org/entity/Q28389 | D8: scenarioschrijver | E8: http://commons.wikimedia.org/wiki/Special:FilePath/Stijn%20Streuvels%20by%20Modest%20Huys%20%28cropped%29.jpg
A9: http://www.wikidata.org/entity/Q4902927 | B9: Edmond Van Hee | C9: http://www.wikidata.org/entity/Q82955 | D9: politicus
A10: http://www.wikidata.org/entity/Q4902927 | B10: Edmond Van Hee | C10: http://www.wikidata.org/entity/Q333634 | D10: vertaler
A11: http://www.wikidata.org/entity/Q175669 | B11: Stijn Streuvels | C11: http://www.wikidata.org/entity/Q33231 | D11: fotograaf | E11: http://commons.wikimedia.org/wiki/Special:FilePath/Stijn%20Streuvels%20by%20Modest%20Huys.jpg
A12: http://www.wikidata.org/entity/Q175669 | B12: Stijn Streuvels | C12: http://www.wikidata.org/entity/Q33231 | D12: fotograaf | E12: http://commons.wikimedia.org/wiki/Special:FilePath/Stijn%20Streuvels%20by%20Modest%20Huys%20%28cropped%29.jpg
A13: http://www.wikidata.org/entity/Q2619202 | B13: Leopold Slosse | C13: http://www.wikidata.org/entity/Q955464 | D13: pastoor
A14: http://www.wikidata.org/entity/Q2619202 | B14: Leopold Slosse | C14: http://www.wikidata.org/entity/Q250867 | D14: katholiek priester
A15: http://www.wikidata.org/entity/Q2298746 | B15: Aloïs Walgrave | C15: http://www.wikidata.org/entity/Q955464 | D15: pastoor
A16: http://www.wikidata.org/entity/Q2619202 | B16: Leopold Slosse | C16: http://www.wikidata.org/entity/Q3243461 | D16: verzamelaar
A17: http://www.wikidata.org/entity/Q2619202 | B17: Leopold Slosse | C17: http://www.wikidata.org/entity/Q2251335 | D17: leerkracht
A18: http://www.wikidata.org/entity/Q2191260 | B18: Gustave Waffelaert | C18: http://www.wikidata.org/entity/Q114371470 | D18: coadjutor | E18: http://commons.wikimedia.org/wiki/Special:FilePath/Gustaaf%20Jozef%20Waffelaert%20-%2022ste%20bisschop%20van%20Brugge%20-%20Belgi%C3%AB.jpg
A19: http://www.wikidata.org/entity/Q2298746 | B19: Aloïs Walgrave | C19: http://www.wikidata.org/entity/Q2251335 | D19: leerkracht
A20: http://www.wikidata.org/entity/Q672816 | B20: Nicholas Wiseman | C20: http://www.wikidata.org/entity/Q611644 | D20: katholiek bisschop | E20: http://commons.wikimedia.org/wiki/Special:FilePath/Wiseman.jpg
A21: http://www.wikidata.org/entity/Q6242432 | B21: Pieter Willems | C21: http://www.wikidata.org/entity/Q13418253 | D21: filoloog | E21: http://commons.wikimedia.org/wiki/Special:FilePath/PieterWillems.png
A22: http://www.wikidata.org/entity/Q175669 | B22: Stijn Streuvels | C22: http://www.wikidata.org/entity/Q107212688 | D22: exlibrist | E22: http://commons.wikimedia.org/wiki/Special:FilePath/Stijn%20Streuvels%20by%20Modest%20Huys.jpg
A23: http://www.wikidata.org/entity/Q175669 | B23: Stijn Streuvels | C23: http://www.wikidata.org/entity/Q107212688 | D23: exlibrist | E23: http://commons.wikimedia.org/wiki/Special:FilePath/Stijn%20Streuvels%20by%20Modest%20Huys%20%28cropped%29.jpg
A24: http://www.wikidata.org/entity/Q2619202 | B24: Leopold Slosse | C24: http://www.wikidata.org/entity/Q1595570 | D24: heemkundige
A25: http://www.wikidata.org/entity/Q2087117 | B25: René Vermandere | C25: http://www.wikidata.org/entity/Q36180 | D25: schrijver
A26: http://www.wikidata.org/entity/Q2087117 | B26: René Vermandere | C26: http://www.wikidata.org/entity/Q49757 | D26: dichter
A27: http://www.wikidata.org/entity/Q672816 | B27: Nicholas Wiseman | C27: http://www.wikidata.org/entity/Q250867 | D27: katholiek priester | E27: http://commons.wikimedia.org/wiki/Special:FilePath/Wiseman.jpg
A28: http://www.wikidata.org/entity/Q2619202 | B28: Leopold Slosse | C28: http://www.wikidata.org/entity/Q1753370 | D28: parochievicaris
A29: http://www.wikidata.org/entity/Q3163681 | B29: Jean-Aloys Van Steenkiste | C29: http://www.wikidata.org/entity/Q955464 | D29: pastoor
A30: http://www.wikidata.org/entity/Q378133 | B30: Hendrik Conscience | C30: http://www.wikidata.org/entity/Q36180 | D30: schrijver | E30: http://commons.wikimedia.org/wiki/Special:FilePath/Hendrik%20Conscience.jpg
A31: http://www.wikidata.org/entity/Q6242432 | B31: Pieter Willems | C31: http://www.wikidata.org/entity/Q16267607 | D31: klassiek filoloog | E31: http://commons.wikimedia.org/wiki/Special:FilePath/PieterWillems.png
A32: http://www.wikidata.org/entity/Q378133 | B32: Hendrik Conscience | C32: http://www.wikidata.org/entity/Q49757 | D32: dichter | E32: http://commons.wikimedia.org/wiki/Special:FilePath/Hendrik%20Conscience.jpg
A33: http://www.wikidata.org/entity/Q378133 | B33: Hendrik Conscience | C33: http://www.wikidata.org/entity/Q47064 | D33: militair | E33: http://commons.wikimedia.org/wiki/Special:FilePath/Hendrik%20Conscience.jpg
A34: http://www.wikidata.org/entity/Q3163681 | B34: Jean-Aloys Van Steenkiste | C34: http://www.wikidata.org/entity/Q250867 | D34: katholiek priester
A35: http://www.wikidata.org/entity/Q6242432 | B35: Pieter Willems | C35: http://www.wikidata.org/entity/Q201788 | D35: historicus | E35: http://commons.wikimedia.org/wiki/Special:FilePath/PieterWillems.png
A36: http://www.wikidata.org/entity/Q3163681 | B36: Jean-Aloys Van Steenkiste | C36: http://www.wikidata.org/entity/Q1622272 | D36: academisch docent
A37: http://www.wikidata.org/entity/Q1796639 | B37: Rafaël Verhulst | C37: http://www.wikidata.org/entity/Q82955 | D37: politicus | E37: http://commons.wikimedia.org/wiki/Special:FilePath/Raf%20Verhulst.jpg
A38: http://www.wikidata.org/entity/Q672816 | B38: Nicholas Wiseman | C38: http://www.wikidata.org/entity/Q36180 | D38: schrijver | E38: http://commons.wikimedia.org/wiki/Special:FilePath/Wiseman.jpg
A39: http://www.wikidata.org/entity/Q2191260 | B39: Gustave Waffelaert | C39: http://www.wikidata.org/entity/Q1162163 | D39: directeur | E39: http://commons.wikimedia.org/wiki/Special:FilePath/Gustaaf%20Jozef%20Waffelaert%20-%2022ste%20bisschop%20van%20Brugge%20-%20Belgi%C3%AB.jpg
A40: http://www.wikidata.org/entity/Q3163681 | B40: Jean-Aloys Van Steenkiste | C40: http://www.wikidata.org/entity/Q4958876 | D40: deken
A41: http://www.wikidata.org/entity/Q6242432 | B41: Pieter Willems | C41: http://www.wikidata.org/entity/Q16880249 | D41: dialectoloog | E41: http://commons.wikimedia.org/wiki/Special:FilePath/PieterWillems.png
A42: http://www.wikidata.org/entity/Q2191260 | B42: Gustave Waffelaert | C42: http://www.wikidata.org/entity/Q1104153 | D42: kanunnik | E42: http://commons.wikimedia.org/wiki/Special:FilePath/Gustaaf%20Jozef%20Waffelaert%20-%2022ste%20bisschop%20van%20Brugge%20-%20Belgi%C3%AB.jpg
A43: http://www.wikidata.org/entity/Q3163681 | B43: Jean-Aloys Van Steenkiste | C43: http://www.wikidata.org/entity/Q1657500 | D43: aalmoezenier
A44: http://www.wikidata.org/entity/Q2191260 | B44: Gustave Waffelaert | C44: http://www.wikidata.org/entity/Q611644 | D44: katholiek bisschop | E44: http://commons.wikimedia.org/wiki/Special:FilePath/Gustaaf%20Jozef%20Waffelaert%20-%2022ste%20bisschop%20van%20Brugge%20-%20Belgi%C3%AB.jpg
A45: http://www.wikidata.org/entity/Q175669 | B45: Stijn Streuvels | C45: http://www.wikidata.org/entity/Q160131 | D45: bakker | E45: http://commons.wikimedia.org/wiki/Special:FilePath/Stijn%20Streuvels%20by%20Modest%20Huys.jpg
A46: http://www.wikidata.org/entity/Q175669 | B46: Stijn Streuvels | C46: http://www.wikidata.org/entity/Q160131 | D46: bakker | E46: http://commons.wikimedia.org/wiki/Special:FilePath/Stijn%20Streuvels%20by%20Modest%20Huys%20%28cropped%29.jpg
A47: http://www.wikidata.org/entity/Q586323 | B47: Albert Verwey | C47: http://www.wikidata.org/entity/Q333634 | D47: vertaler | E47: http://commons.wikimedia.org/wiki/Special:FilePath/Portret%20van%20Albert%20Verwey%20Rijksmuseum%20SK-C-1680.jpeg
A48: http://www.wikidata.org/entity/Q2191260 | B48: Gustave Waffelaert | C48: http://www.wikidata.org/entity/Q1753370 | D48: parochievicaris | E48: http://commons.wikimedia.org/wiki/Special:FilePath/Gustaaf%20Jozef%20Waffelaert%20-%2022ste%20bisschop%20van%20Brugge%20-%20Belgi%C3%AB.jpg
A49: http://www.wikidata.org/entity/Q3163681 | B49: Jean-Aloys Van Steenkiste | C49: http://www.wikidata.org/entity/Q1753370 | D49: parochievicaris
A50: http://www.wikidata.org/entity/Q586323 | B50: Albert Verwey | C50: http://www.wikidata.org/entity/Q4263842 | D50: literatuurcriticus | E50: http://commons.wikimedia.org/wiki/Special:FilePath/Portret%20van%20Albert%20Verwey%20Rijksmuseum%20SK-C-1680.jpeg
A51: http://www.wikidata.org/entity/Q13575404 | B51: Edward Van Even | C51: http://www.wikidata.org/entity/Q182436 | D51: bibliothecaris | E51: http://commons.wikimedia.org/wiki/Special:FilePath/EdwardVanEven.jpg
A52: http://www.wikidata.org/entity/Q13575404 | B52: Edward Van Even | C52: http://www.wikidata.org/entity/Q201788 | D52: historicus | E52: http://commons.wikimedia.org/wiki/Special:FilePath/EdwardVanEven.jpg
A53: http://www.wikidata.org/entity/Q2191260 | B53: Gustave Waffelaert | C53: http://www.wikidata.org/entity/Q250867 | D53: katholiek priester | E53: http://commons.wikimedia.org/wiki/Special:FilePath/Gustaaf%20Jozef%20Waffelaert%20-%2022ste%20bisschop%20van%20Brugge%20-%20Belgi%C3%AB.jpg
A54: http://www.wikidata.org/entity/Q2457997 | B54: Constant Hansen | C54: http://www.wikidata.org/entity/Q82955 | D54: politicus | E54: http://commons.wikimedia.org/wiki/Special:FilePath/Hansen%2C%20Constant%20Jacob%20%281833-1910%29%3B%20letterkundige%20en%20hoofdbibliothecaris%20stadsbibliotheek%20Antwerpen%2C%20Haeck%2C%20Leopold%2C%20Felixarchief%2C%2012%209296%20recto%20%28cropped%29.jpg
A55: http://www.wikidata.org/entity/Q672816 | B55: Nicholas Wiseman | C55: http://www.wikidata.org/entity/Q6625963 | D55: romanschrijver | E55: http://commons.wikimedia.org/wiki/Special:FilePath/Wiseman.jpg
A56: http://www.wikidata.org/entity/Q3166510 | B56: Johan Joseph Faict | C56: http://www.wikidata.org/entity/Q25393460 | D56: katholieke diaken | E56: http://commons.wikimedia.org/wiki/Special:FilePath/Brugge%20-%20Bisschop%20Faict%20%281864-1894%29%20-%20Brugge%20-%20Belgi%C3%AB.jpg
A57: http://www.wikidata.org/entity/Q2191260 | B57: Gustave Waffelaert | C57: http://www.wikidata.org/entity/Q36180 | D57: schrijver | E57: http://commons.wikimedia.org/wiki/Special:FilePath/Gustaaf%20Jozef%20Waffelaert%20-%2022ste%20bisschop%20van%20Brugge%20-%20Belgi%C3%AB.jpg
A58: http://www.wikidata.org/entity/Q2457997 | B58: Constant Hansen | C58: http://www.wikidata.org/entity/Q182436 | D58: bibliothecaris | E58: http://commons.wikimedia.org/wiki/Special:FilePath/Hansen%2C%20Constant%20Jacob%20%281833-1910%29%3B%20letterkundige%20en%20hoofdbibliothecaris%20stadsbibliotheek%20Antwerpen%2C%20Haeck%2C%20Leopold%2C%20Felixarchief%2C%2012%209296%20recto%20%28cropped%29.jpg
A59: http://www.wikidata.org/entity/Q1796639 | B59: Rafaël Verhulst | C59: http://www.wikidata.org/entity/Q36180 | D59: schrijver | E59: http://commons.wikimedia.org/wiki/Special:FilePath/Raf%20Verhulst.jpg
A60: http://www.wikidata.org/entity/Q1877721 | B60: Charles Carton | C60: http://www.wikidata.org/entity/Q114371470 | D60: coadjutor | E60: http://commons.wikimedia.org/wiki/Special:FilePath/Charles%20Carton.jpg
A61: http://www.wikidata.org/entity/Q2457997 | B61: Constant Hansen | C61: http://www.wikidata.org/entity/Q2251335 | D61: leerkracht | E61: http://commons.wikimedia.org/wiki/Special:FilePath/Hansen%2C%20Constant%20Jacob%20%281833-1910%29%3B%20letterkundige%20en%20hoofdbibliothecaris%20stadsbibliotheek%20Antwerpen%2C%20Haeck%2C%20Leopold%2C%20Felixarchief%2C%2012%209296%20recto%20%28cropped%29.jpg
A62: http://www.wikidata.org/entity/Q2457997 | B62: Constant Hansen | C62: http://www.wikidata.org/entity/Q333634 | D62: vertaler | E62: http://commons.wikimedia.org/wiki/Special:FilePath/Hansen%2C%20Constant%20Jacob%20%281833-1910%29%3B%20letterkundige%20en%20hoofdbibliothecaris%20stadsbibliotheek%20Antwerpen%2C%20Haeck%2C%20Leopold%2C%20Felixarchief%2C%2012%209296%20recto%20%28cropped%29.jpg
A63: http://www.wikidata.org/entity/Q4902927 | B63: Edmond Van Hee | C63: http://www.wikidata.org/entity/Q40348 | D63: advocaat
A64: http://www.wikidata.org/entity/Q4902927 | B64: Edmond Van Hee | C64: http://www.wikidata.org/entity/Q49757 | D64: dichter
A65: http://www.wikidata.org/entity/Q1334711 | B65: Emmanuel Hiel | C65: http://www.wikidata.org/entity/Q212238 | D65: ambtenaar | E65: http://commons.wikimedia.org/wiki/Special:FilePath/Hiel%2C%20Emmanuel%20%281834-1899%29%3B%20dichter%20en%20schrijver%2C%20Nauwens%2C%20Joseph%2C%20Felixarchief%2C%2012%2012840.jpg
A66: http://www.wikidata.org/entity/Q2298746 | B66: Aloïs Walgrave | C66: http://www.wikidata.org/entity/Q36180 | D66: schrijver
A67: http://www.wikidata.org/entity/Q2298746 | B67: Aloïs Walgrave | C67: http://www.wikidata.org/entity/Q49757 | D67: dichter
A68: http://www.wikidata.org/entity/Q2298746 | B68: Aloïs Walgrave | C68: http://www.wikidata.org/entity/Q42603 | D68: priester
A69: http://www.wikidata.org/entity/Q2191260 | B69: Gustave Waffelaert | C69: http://www.wikidata.org/entity/Q1622272 | D69: academisch docent | E69: http://commons.wikimedia.org/wiki/Special:FilePath/Gustaaf%20Jozef%20Waffelaert%20-%2022ste%20bisschop%20van%20Brugge%20-%20Belgi%C3%AB.jpg
A70: http://www.wikidata.org/entity/Q2191260 | B70: Gustave Waffelaert | C70: http://www.wikidata.org/entity/Q1234713 | D70: theoloog | E70: http://commons.wikimedia.org/wiki/Special:FilePath/Gustaaf%20Jozef%20Waffelaert%20-%2022ste%20bisschop%20van%20Brugge%20-%20Belgi%C3%AB.jpg
A71: http://www.wikidata.org/entity/Q586323 | B71: Albert Verwey | C71: http://www.wikidata.org/entity/Q36180 | D71: schrijver | E71: http://commons.wikimedia.org/wiki/Special:FilePath/Portret%20van%20Albert%20Verwey%20Rijksmuseum%20SK-C-1680.jpeg
A72: http://www.wikidata.org/entity/Q586323 | B72: Albert Verwey | C72: http://www.wikidata.org/entity/Q49757 | D72: dichter | E72: http://commons.wikimedia.org/wiki/Special:FilePath/Portret%20van%20Albert%20Verwey%20Rijksmuseum%20SK-C-1680.jpeg
A73: http://www.wikidata.org/entity/Q3166510 | B73: Johan Joseph Faict | C73: http://www.wikidata.org/entity/Q1104153 | D73: kanunnik | E73: http://commons.wikimedia.org/wiki/Special:FilePath/Brugge%20-%20Bisschop%20Faict%20%281864-1894%29%20-%20Brugge%20-%20Belgi%C3%AB.jpg
A74: http://www.wikidata.org/entity/Q1334711 | B74: Emmanuel Hiel | C74: http://www.wikidata.org/entity/Q247797 | D74: douanebeambte | E74: http://commons.wikimedia.org/wiki/Special:FilePath/Hiel%2C%20Emmanuel%20%281834-1899%29%3B%20dichter%20en%20schrijver%2C%20Nauwens%2C%20Joseph%2C%20Felixarchief%2C%2012%2012840.jpg
A75: http://www.wikidata.org/entity/Q175669 | B75: Stijn Streuvels | C75: http://www.wikidata.org/entity/Q333634 | D75: vertaler | E75: http://commons.wikimedia.org/wiki/Special:FilePath/Stijn%20Streuvels%20by%20Modest%20Huys.jpg
A76: http://www.wikidata.org/entity/Q175669 | B76: Stijn Streuvels | C76: http://www.wikidata.org/entity/Q333634 | D76: vertaler | E76: http://commons.wikimedia.org/wiki/Special:FilePath/Stijn%20Streuvels%20by%20Modest%20Huys%20%28cropped%29.jpg
A77: http://www.wikidata.org/entity/Q2457997 | B77: Constant Hansen | C77: http://www.wikidata.org/entity/Q635734 | D77: archivaris | E77: http://commons.wikimedia.org/wiki/Special:FilePath/Hansen%2C%20Constant%20Jacob%20%281833-1910%29%3B%20letterkundige%20en%20hoofdbibliothecaris%20stadsbibliotheek%20Antwerpen%2C%20Haeck%2C%20Leopold%2C%20Felixarchief%2C%2012%209296%20recto%20%28cropped%29.jpg
A78: http://www.wikidata.org/entity/Q3166510 | B78: Johan Joseph Faict | C78: http://www.wikidata.org/entity/Q611644 | D78: katholiek bisschop | E78: http://commons.wikimedia.org/wiki/Special:FilePath/Brugge%20-%20Bisschop%20Faict%20%281864-1894%29%20-%20Brugge%20-%20Belgi%C3%AB.jpg
A79: http://www.wikidata.org/entity/Q2457997 | B79: Constant Hansen | C79: http://www.wikidata.org/entity/Q326653 | D79: boekhouder | E79: http://commons.wikimedia.org/wiki/Special:FilePath/Hansen%2C%20Constant%20Jacob%20%281833-1910%29%3B%20letterkundige%20en%20hoofdbibliothecaris%20stadsbibliotheek%20Antwerpen%2C%20Haeck%2C%20Leopold%2C%20Felixarchief%2C%2012%209296%20recto%20%28cropped%29.jpg
A80: http://www.wikidata.org/entity/Q586323 | B80: Albert Verwey | C80: http://www.wikidata.org/entity/Q1622272 | D80: academisch docent | E80: http://commons.wikimedia.org/wiki/Special:FilePath/Portret%20van%20Albert%20Verwey%20Rijksmuseum%20SK-C-1680.jpeg
... A86: http://www.wikidata.org/entity/Q3166510 | B86: Johan Joseph Faict | C86: http://www.wikidata.org/entity/Q1056391 | D86: rector | E86: http://commons.wikimedia.org/wiki/Special:FilePath/Brugge%20-%20Bisschop%20Faict%20%281864-1894%29%20-%20Brugge%20-%20Belgi%C3%AB.jpg
A87: http://www.wikidata.org/entity/Q2087117 | B87: René Vermandere | C87: http://www.wikidata.org/entity/Q214917 | D87: toneelschrijver
A88: http://www.wikidata.org/entity/Q2087117 | B88: René Vermandere | C88: http://www.wikidata.org/entity/Q685433 | D88: verkoper
A89: http://www.wikidata.org/entity/Q3166510 | B89: Johan Joseph Faict | C89: http://www.wikidata.org/entity/Q250867 | D89: katholiek priester | E89: http://commons.wikimedia.org/wiki/Special:FilePath/Brugge%20-%20Bisschop%20Faict%20%281864-1894%29%20-%20Brugge%20-%20Belgi%C3%AB.jpg
A90: http://www.wikidata.org/entity/Q2087117 | B90: René Vermandere | C90: http://www.wikidata.org/entity/Q2516866 | D90: uitgever
A91: http://www.wikidata.org/entity/Q1334711 | B91: Emmanuel Hiel | C91: http://www.wikidata.org/entity/Q82955 | D91: politicus | E91: http://commons.wikimedia.org/wiki/Special:FilePath/Hiel%2C%20Emmanuel%20%281834-1899%29%3B%20dichter%20en%20schrijver%2C%20Nauwens%2C%20Joseph%2C%20Felixarchief%2C%2012%2012840.jpg
A92: http://www.wikidata.org/entity/Q2457997 | B92: Constant Hansen | C92: http://www.wikidata.org/entity/Q36180 | D92: schrijver | E92: http://commons.wikimedia.org/wiki/Special:FilePath/Hansen%2C%20Constant%20Jacob%20%281833-1910%29%3B%20letterkundige%20en%20hoofdbibliothecaris%20stadsbibliotheek%20Antwerpen%2C%20Haeck%2C%20Leopold%2C%20Felixarchief%2C%2012%209296%20recto%20%28cropped%29.jpg
A93: http://www.wikidata.org/entity/Q2087117 | B93: René Vermandere | C93: http://www.wikidata.org/entity/Q998550 | D93: boekhandelaar
A94: http://www.wikidata.org/entity/Q3166510 | B94: Johan Joseph Faict | C94: http://www.wikidata.org/entity/Q45684 | D94: geestelijk leidsman | E94: http://commons.wikimedia.org/wiki/Special:FilePath/Brugge%20-%20Bisschop%20Faict%20%281864-1894%29%20-%20Brugge%20-%20Belgi%C3%AB.jpg
A95: http://www.wikidata.org/entity/Q175669 | B95: Stijn Streuvels | C95: http://www.wikidata.org/entity/Q36180 | D95: schrijver | E95: http://commons.wikimedia.org/wiki/Special:FilePath/Stijn%20Streuvels%20by%20Modest%20Huys.jpg
A96: http://www.wikidata.org/entity/Q175669 | B96: Stijn Streuvels | C96: http://www.wikidata.org/entity/Q36180 | D96: schrijver | E96: http://commons.wikimedia.org/wiki/Special:FilePath/Stijn%20Streuvels%20by%20Modest%20Huys%20%28cropped%29.jpg
A97: http://www.wikidata.org/entity/Q2087117 | B97: René Vermandere | C97: http://www.wikidata.org/entity/Q285759 | D97: verzekeringsmakelaar
A98: http://www.wikidata.org/entity/Q1877721 | B98: Charles Carton | C98: http://www.wikidata.org/entity/Q208762 | D98: kapelaan | E98: http://commons.wikimedia.org/wiki/Special:FilePath/Charles%20Carton.jpg
A99: http://www.wikidata.org/entity/Q3166510 | B99: Johan Joseph Faict | C99: http://www.wikidata.org/entity/Q1622272 | D99: academisch docent | E99: http://commons.wikimedia.org/wiki/Special:FilePath/Brugge%20-%20Bisschop%20Faict%20%281864-1894%29%20-%20Brugge%20-%20Belgi%C3%AB.jpg
A100: http://www.wikidata.org/entity/Q3166510 | B100: Johan Joseph Faict | C100: http://www.wikidata.org/entity/Q1234713 | D100: theoloog | E100: http://commons.wikimedia.org/wiki/Special:FilePath/Brugge%20-%20Bisschop%20Faict%20%281864-1894%29%20-%20Brugge%20-%20Belgi%C3%AB.jpg
A101: http://www.wikidata.org/entity/Q1877721 | B101: Charles Carton | C101: http://www.wikidata.org/entity/Q250867 | D101: katholiek priester | E101: http://commons.wikimedia.org/wiki/Special:FilePath/Charles%20Carton.jpg
A102: http://www.wikidata.org/entity/Q2062803 | B102: William Henry James Weale | C102: http://www.wikidata.org/entity/Q37226 | D102: onderwijzer | E102: http://commons.wikimedia.org/wiki/Special:FilePath/James%20Weale.jpg
A103: http://www.wikidata.org/entity/Q3067739 | B103: Joaquim Rubió i Ors | C103: http://www.wikidata.org/entity/Q36180 | D103: schrijver | E103: http://commons.wikimedia.org/wiki/Special:FilePath/Rubio%20i%20ors.jpg
A104: http://www.wikidata.org/entity/Q3067739 | B104: Joaquim Rubió i Ors | C104: http://www.wikidata.org/entity/Q49757 | D104: dichter | E104: http://commons.wikimedia.org/wiki/Special:FilePath/Rubio%20i%20ors.jpg
A105: http://www.wikidata.org/entity/Q2684959 | B105: Ferdinand Van de Putte | C105: http://www.wikidata.org/entity/Q955464 | D105: pastoor | E105: http://commons.wikimedia.org/wiki/Special:FilePath/Ferdinand%20Van%20de%20Putte.jpg
...

Sheet Kopie van RawV3Q1
A1: lid | B1: lidLabel | C1: beroep | D1: beroepLabel | E1: imageLink | F1: Unieke namen | G1: Samengevoegde Jobs
A2: http://www.wikidata.org/entity/Q3166510 | B2: Johan Joseph Faict | C2: http://www.wikidata.org/entity/Q1044528 | D2: vicaris-generaal | E2: http://commons.wikimedia.org/wiki/Special:FilePath/Brugge%20-%20Bisschop%20Faict%20%281864-1894%29%20-%20Brugge%20-%20Belgi%C3%AB.jpg | F2: {=UNIQUE(B:B)} -> lidLabel | G2: nvt
A3: http://www.wikidata.org/entity/Q378133 | B3: Hendrik Conscience | C3: http://www.wikidata.org/entity/Q82955 | D3: politicus | E3: http://commons.wikimedia.org/wiki/Special:FilePath/Hendrik%20Conscience.jpg | F3: Johan Joseph Faict | G3: =IFERROR(__xludf.DUMMYFUNCTION("JOIN("", "", FILTER($D2:D1989, $B2:B1989 = F3))"),"vicaris-generaal, katholieke diaken, kanunnik, katholiek bisschop, rector, katholiek priester, geestelijk leidsman, academisch docent, theoloog") -> vicaris-generaal, katholieke diaken, kanunnik, katholiek bisschop, rector, katholiek priester, geestelijk leidsman, academisch docent, theoloog
A4: http://www.wikidata.org/entity/Q672816 | B4: Nicholas Wiseman | C4: http://www.wikidata.org/entity/Q25393460 | D4: katholieke diaken | E4: http://commons.wikimedia.org/wiki/Special:FilePath/Wiseman.jpg | F4: Hendrik Conscience | G4: =IFERROR(__xludf.DUMMYFUNCTION("JOIN("", "", FILTER($D3:D1989, $B3:B1989 = F4))"),"politicus, schrijver, dichter, militair") -> politicus, schrijver, dichter, militair
A5: http://www.wikidata.org/entity/Q1334711 | B5: Emmanuel Hiel | C5: http://www.wikidata.org/entity/Q36180 | D5: schrijver | E5: http://commons.wikimedia.org/wiki/Special:FilePath/Hiel%2C%20Emmanuel%20%281834-1899%29%3B%20dichter%20en%20schrijver%2C%20Nauwens%2C%20Joseph%2C%20Felixarchief%2C%2012%2012840.jpg | F5: Nicholas Wiseman | G5: =IFERROR(__xludf.DUMMYFUNCTION("JOIN("", "", FILTER($D4:D1989, $B4:B1989 = F5))"),"katholieke diaken, katholiek bisschop, katholiek priester, schrijver, romanschrijver") -> katholieke diaken, katholiek bisschop, katholiek priester, schrijver, romanschrijver
A6: http://www.wikidata.org/entity/Q1334711 | B6: Emmanuel Hiel | C6: http://www.wikidata.org/entity/Q49757 | D6: dichter | E6: http://commons.wikimedia.org/wiki/Special:FilePath/Hiel%2C%20Emmanuel%20%281834-1899%29%3B%20dichter%20en%20schrijver%2C%20Nauwens%2C%20Joseph%2C%20Felixarchief%2C%2012%2012840.jpg | F6: Emmanuel Hiel | G6: =IFERROR(__xludf.DUMMYFUNCTION("JOIN("", "", FILTER($D5:D1989, $B5:B1989 = F6))"),"schrijver, dichter, ambtenaar, douanebeambte, politicus") -> schrijver, dichter, ambtenaar, douanebeambte, politicus
A7: http://www.wikidata.org/entity/Q175669 | B7: Stijn Streuvels | C7: http://www.wikidata.org/entity/Q28389 | D7: scenarioschrijver | E7: http://commons.wikimedia.org/wiki/Special:FilePath/Stijn%20Streuvels%20by%20Modest%20Huys.jpg | F7: Stijn Streuvels | G7: =IFERROR(__xludf.DUMMYFUNCTION("JOIN("", "", FILTER($D6:D1989, $B6:B1989 = F7))"),"scenarioschrijver, fotograaf, exlibrist, bakker, vertaler, schrijver") -> scenarioschrijver, fotograaf, exlibrist, bakker, vertaler, schrijver
A8: http://www.wikidata.org/entity/Q4902927 | B8: Edmond Van Hee | C8: http://www.wikidata.org/entity/Q82955 | D8: politicus | F8: Edmond Van Hee | G8: =IFERROR(__xludf.DUMMYFUNCTION("JOIN("", "", FILTER($D7:D1989, $B7:B1989 = F8))"),"politicus, vertaler, advocaat, dichter") -> politicus, vertaler, advocaat, dichter
A9: http://www.wikidata.org/entity/Q4902927 | B9: Edmond Van Hee | C9: http://www.wikidata.org/entity/Q333634 | D9: vertaler | F9: Leopold Slosse | G9: =IFERROR(__xludf.DUMMYFUNCTION("JOIN("", "", FILTER($D8:D1989, $B8:B1989 = F9))"),"pastoor, katholiek priester, verzamelaar, leerkracht, heemkundige, parochievicaris") -> pastoor, katholiek priester, verzamelaar, leerkracht, heemkundige, parochievicaris
A10: http://www.wikidata.org/entity/Q175669 | B10: Stijn Streuvels | C10: http://www.wikidata.org/entity/Q33231 | D10: fotograaf | E10: http://commons.wikimedia.org/wiki/Special:FilePath/Stijn%20Streuvels%20by%20Modest%20Huys.jpg | F10: Aloïs Walgrave | G10: =IFERROR(__xludf.DUMMYFUNCTION("JOIN("", "", FILTER($D9:D1989, $B9:B1989 = F10))"),"pastoor, leerkracht, schrijver, dichter, priester") -> pastoor, leerkracht, schrijver, dichter, priester
A11: http://www.wikidata.org/entity/Q2619202 | B11: Leopold Slosse | C11: http://www.wikidata.org/entity/Q955464 | D11: pastoor | F11: Gustave Waffelaert | G11: =IFERROR(__xludf.DUMMYFUNCTION("JOIN("", "", FILTER($D10:D1989, $B10:B1989 = F11))"),"coadjutor, directeur, kanunnik, katholiek bisschop, parochievicaris, katholiek priester, schrijver, academisch docent, theoloog, vicaris-generaal") -> coadjutor, directeur, kanunnik, katholiek bisschop, parochievicaris, katholiek priester, schrijver, academisch docent, theoloog, vicaris-generaal
A12: http://www.wikidata.org/entity/Q2619202 | B12: Leopold Slosse | C12: http://www.wikidata.org/entity/Q250867 | D12: katholiek priester | F12: Pieter Willems | G12: =IFERROR(__xludf.DUMMYFUNCTION("JOIN("", "", FILTER($D11:D1989, $B11:B1989 = F12))"),"filoloog, klassiek filoloog, historicus, dialectoloog") -> filoloog, klassiek filoloog, historicus, dialectoloog
A13: http://www.wikidata.org/entity/Q2298746 | B13: Aloïs Walgrave | C13: http://www.wikidata.org/entity/Q955464 | D13: pastoor | F13: René Vermandere | G13: =IFERROR(__xludf.DUMMYFUNCTION("JOIN("", "", FILTER($D12:D1989, $B12:B1989 = F13))"),"schrijver, dichter, toneelschrijver, verkoper, uitgever, boekhandelaar, verzekeringsmakelaar") -> schrijver, dichter, toneelschrijver, verkoper, uitgever, boekhandelaar, verzekeringsmakelaar
A14: http://www.wikidata.org/entity/Q2619202 | B14: Leopold Slosse | C14: http://www.wikidata.org/entity/Q3243461 | D14: verzamelaar | F14: Jean-Aloys Van Steenkiste | G14: =IFERROR(__xludf.DUMMYFUNCTION("JOIN("", "", FILTER($D13:D1989, $B13:B1989 = F14))"),"pastoor, katholiek priester, academisch docent, deken, aalmoezenier, parochievicaris") -> pastoor, katholiek priester, academisch docent, deken, aalmoezenier, parochievicaris
A15: http://www.wikidata.org/entity/Q2619202 | B15: Leopold Slosse | C15: http://www.wikidata.org/entity/Q2251335 | D15: leerkracht | F15: Rafaël Verhulst | G15: =IFERROR(__xludf.DUMMYFUNCTION("JOIN("", "", FILTER($D14:D1989, $B14:B1989 = F15))"),"politicus, schrijver") -> politicus, schrijver
A16: http://www.wikidata.org/entity/Q2191260 | B16: Gustave Waffelaert | C16: http://www.wikidata.org/entity/Q114371470 | D16: coadjutor | E16: http://commons.wikimedia.org/wiki/Special:FilePath/Gustaaf%20Jozef%20Waffelaert%20-%2022ste%20bisschop%20van%20Brugge%20-%20Belgi%C3%AB.jpg | F16: Albert Verwey | G16: =IFERROR(__xludf.DUMMYFUNCTION("JOIN("", "", FILTER($D15:D1989, $B15:B1989 = F16))"),"vertaler, literatuurcriticus, schrijver, dichter, academisch docent") -> vertaler, literatuurcriticus, schrijver, dichter, academisch docent
A17: http://www.wikidata.org/entity/Q2298746 | B17: Aloïs Walgrave | C17: http://www.wikidata.org/entity/Q2251335 | D17: leerkracht | F17: Edward Van Even | G17: =IFERROR(__xludf.DUMMYFUNCTION("JOIN("", "", FILTER($D16:D1989, $B16:B1989 = F17))"),"bibliothecaris, historicus, kunstverzamelaar, letterkundige, archivaris") -> bibliothecaris, historicus, kunstverzamelaar, letterkundige, archivaris
A18: http://www.wikidata.org/entity/Q672816 | B18: Nicholas Wiseman | C18: http://www.wikidata.org/entity/Q611644 | D18: katholiek bisschop | E18: http://commons.wikimedia.org/wiki/Special:FilePath/Wiseman.jpg | F18: Constant Hansen | G18: =IFERROR(__xludf.DUMMYFUNCTION("JOIN("", "", FILTER($D17:D1989, $B17:B1989 = F18))"),"politicus, bibliothecaris, leerkracht, vertaler, archivaris, boekhouder, journalist, schrijver") -> politicus, bibliothecaris, leerkracht, vertaler, archivaris, boekhouder, journalist, schrijver
A19: http://www.wikidata.org/entity/Q6242432 | B19: Pieter Willems | C19: http://www.wikidata.org/entity/Q13418253 | D19: filoloog | E19: http://commons.wikimedia.org/wiki/Special:FilePath/PieterWillems.png | F19: Charles Carton | G19: =IFERROR(__xludf.DUMMYFUNCTION("JOIN("", "", FILTER($D18:D1989, $B18:B1989 = F19))"),"coadjutor, directeur, historicus, kapelaan, katholiek priester") -> coadjutor, directeur, historicus, kapelaan, katholiek priester
A20: http://www.wikidata.org/entity/Q175669 | B20: Stijn Streuvels | C20: http://www.wikidata.org/entity/Q107212688 | D20: exlibrist | E20: http://commons.wikimedia.org/wiki/Special:FilePath/Stijn%20Streuvels%20by%20Modest%20Huys.jpg | F20: Charles van Caloen | G20: =IFERROR(__xludf.DUMMYFUNCTION("JOIN("", "", FILTER($D19:D1989, $B19:B1989 = F20))"),"politicus") -> politicus
A21: http://www.wikidata.org/entity/Q2619202 | B21: Leopold Slosse | C21: http://www.wikidata.org/entity/Q1595570 | D21: heemkundige | F21: William Henry James Weale | G21: =IFERROR(__xludf.DUMMYFUNCTION("JOIN("", "", FILTER($D20:D1989, $B20:B1989 = F21))"),"onderwijzer, kunsthistoricus, vertegenwoordiger, museummedewerker, ambtenaar, importeur, conservator, curator") -> onderwijzer, kunsthistoricus, vertegenwoordiger, museummedewerker, ambtenaar, importeur, conservator, curator
A22: http://www.wikidata.org/entity/Q2087117 | B22: René Vermandere | C22: http://www.wikidata.org/entity/Q36180 | D22: schrijver | F22: Joaquim Rubió i Ors | G22: =IFERROR(__xludf.DUMMYFUNCTION("JOIN("", "", FILTER($D21:D1989, $B21:B1989 = F22))"),"schrijver, dichter, academisch docent, historicus, senior lecturer") -> schrijver, dichter, academisch docent, historicus, senior lecturer
A23: http://www.wikidata.org/entity/Q2087117 | B23: René Vermandere | C23: http://www.wikidata.org/entity/Q49757 | D23: dichter | F23: Ferdinand Van de Putte | G23: =IFERROR(__xludf.DUMMYFUNCTION("JOIN("", "", FILTER($D22:D1989, $B22:B1989 = F23))"),"pastoor, historicus, leerkracht, rector, katholiek priester, pastoor-deken, schrijver") -> pastoor, historicus, leerkracht, rector, katholiek priester, pastoor-deken, schrijver
A24: http://www.wikidata.org/entity/Q672816 | B24: Nicholas Wiseman | C24: http://www.wikidata.org/entity/Q250867 | D24: katholiek priester | E24: http://commons.wikimedia.org/wiki/Special:FilePath/Wiseman.jpg | F24: Hendrik Kern | G24: =IFERROR(__xludf.DUMMYFUNCTION("JOIN("", "", FILTER($D23:D1989, $B23:B1989 = F24))"),"professor, archeoloog, leerkracht, vertaler, taalkundige, academisch docent, oriëntalist") -> professor, archeoloog, leerkracht, vertaler, taalkundige, academisch docent, oriëntalist
A25: http://www.wikidata.org/entity/Q2619202 | B25: Leopold Slosse | C25: http://www.wikidata.org/entity/Q1753370 | D25: parochievicaris | F25: Philippe Van der Haeghen | G25: =IFERROR(__xludf.DUMMYFUNCTION("JOIN("", "", FILTER($D24:D1989, $B24:B1989 = F25))"),"filoloog, commentator, ambtenaar, bibliothecaris, historicus") -> filoloog, commentator, ambtenaar, bibliothecaris, historicus
A26: http://www.wikidata.org/entity/Q3163681 | B26: Jean-Aloys Van Steenkiste | C26: http://www.wikidata.org/entity/Q955464 | D26: pastoor | F26: Karel de Gheldere | G26: =IFERROR(__xludf.DUMMYFUNCTION("JOIN("", "", FILTER($D25:D1989, $B25:B1989 = F26))"),"arts, dichter") -> arts, dichter
A27: http://www.wikidata.org/entity/Q378133 | B27: Hendrik Conscience | C27: http://www.wikidata.org/entity/Q36180 | D27: schrijver | E27: http://commons.wikimedia.org/wiki/Special:FilePath/Hendrik%20Conscience.jpg | F27: Pieter Lansens | G27: =IFERROR(__xludf.DUMMYFUNCTION("JOIN("", "", FILTER($D26:D1989, $B26:B1989 = F27))"),"rector, schrijver, onderwijzer, historicus") -> rector, schrijver, onderwijzer, historicus
A28: http://www.wikidata.org/entity/Q6242432 | B28: Pieter Willems | C28: http://www.wikidata.org/entity/Q16267607 | D28: klassiek filoloog | E28: http://commons.wikimedia.org/wiki/Special:FilePath/PieterWillems.png | F28: François Van den Abeele | G28: =IFERROR(__xludf.DUMMYFUNCTION("JOIN("", "", FILTER($D27:D1989, $B27:B1989 = F28))"),"politicus, arts") -> politicus, arts
A29: http://www.wikidata.org/entity/Q378133 | B29: Hendrik Conscience | C29: http://www.wikidata.org/entity/Q49757 | D29: dichter | E29: http://commons.wikimedia.org/wiki/Special:FilePath/Hendrik%20Conscience.jpg | F29: Edmond Van der Straeten | G29: =IFERROR(__xludf.DUMMYFUNCTION("JOIN("", "", FILTER($D28:D1989, $B28:B1989 = F29))"),"jurist, schrijver, musicoloog, restaurator, ambtenaar") -> jurist, schrijver, musicoloog, restaurator, ambtenaar
A30: http://www.wikidata.org/entity/Q378133 | B30: Hendrik Conscience | C30: http://www.wikidata.org/entity/Q47064 | D30: militair | E30: http://commons.wikimedia.org/wiki/Special:FilePath/Hendrik%20Conscience.jpg | F30: Hendrik Sermon | G30: =IFERROR(__xludf.DUMMYFUNCTION("JOIN("", "", FILTER($D29:D1989, $B29:B1989 = F30))"),"schrijver, politicus, leerkracht, boekhandelaar") -> schrijver, politicus, leerkracht, boekhandelaar
A31: http://www.wikidata.org/entity/Q3163681 | B31: Jean-Aloys Van Steenkiste | C31: http://www.wikidata.org/entity/Q250867 | D31: katholiek priester | F31: Joseph Van den Gheyn | G31: =IFERROR(__xludf.DUMMYFUNCTION("JOIN("", "", FILTER($D30:D1989, $B30:B1989 = F31))"),"hagiograaf, bibliothecaris, pater, antropoloog") -> hagiograaf, bibliothecaris, pater, antropoloog
A32: http://www.wikidata.org/entity/Q6242432 | B32: Pieter Willems | C32: http://www.wikidata.org/entity/Q201788 | D32: historicus | E32: http://commons.wikimedia.org/wiki/Special:FilePath/PieterWillems.png | F32: Johannes Franck | G32: =IFERROR(__xludf.DUMMYFUNCTION("JOIN("", "", FILTER($D31:D1989, $B31:B1989 = F32))"),"schrijver, germanist, privaatdocent, filoloog") -> schrijver, germanist, privaatdocent, filoloog
A33: http://www.wikidata.org/entity/Q3163681 | B33: Jean-Aloys Van Steenkiste | C33: http://www.wikidata.org/entity/Q1622272 | D33: academisch docent | F33: Aloïs Nelis | G33: =IFERROR(__xludf.DUMMYFUNCTION("JOIN("", "", FILTER($D32:D1989, $B32:B1989 = F33))"),"schrijver, bibliothecaris, historicus, rector, leerkracht, letterkundige") -> schrijver, bibliothecaris, historicus, rector, leerkracht, letterkundige
A34: http://www.wikidata.org/entity/Q1796639 | B34: Rafaël Verhulst | C34: http://www.wikidata.org/entity/Q82955 | D34: politicus | E34: http://commons.wikimedia.org/wiki/Special:FilePath/Raf%20Verhulst.jpg | F34: Alphonse De Leyn | G34: =IFERROR(__xludf.DUMMYFUNCTION("JOIN("", "", FILTER($D33:D1989, $B33:B1989 = F34))"),"directeur, historicus, rector, katholiek priester, leerkracht, inspecteur") -> directeur, historicus, rector, katholiek priester, leerkracht, inspecteur
A35: http://www.wikidata.org/entity/Q672816 | B35: Nicholas Wiseman | C35: http://www.wikidata.org/entity/Q36180 | D35: schrijver | E35: http://commons.wikimedia.org/wiki/Special:FilePath/Wiseman.jpg | F35: Edward De Gryse | G35: =IFERROR(__xludf.DUMMYFUNCTION("JOIN("", "", FILTER($D34:D1989, $B34:B1989 = F35))"),"deken, leerkracht, katholiek priester, pastoor-deken, academisch docent") -> deken, leerkracht, katholiek priester, pastoor-deken, academisch docent
A36: http://www.wikidata.org/entity/Q2191260 | B36: Gustave Waffelaert | C36: http://www.wikidata.org/entity/Q1162163 | D36: directeur | E36: http://commons.wikimedia.org/wiki/Special:FilePath/Gustaaf%20Jozef%20Waffelaert%20-%2022ste%20bisschop%20van%20Brugge%20-%20Belgi%C3%AB.jpg | F36: Pieter Génard | G36: =IFERROR(__xludf.DUMMYFUNCTION("JOIN("", "", FILTER($D35:D1989, $B35:B1989 = F36))"),"biograaf, ambtenaar, politicus, bibliothecaris, historicus, archivaris") -> biograaf, ambtenaar, politicus, bibliothecaris, historicus, archivaris
A37: http://www.wikidata.org/entity/Q3163681 | B37: Jean-Aloys Van Steenkiste | C37: http://www.wikidata.org/entity/Q4958876 | D37: deken | F37: Jeroom Noterdaeme | G37: =IFERROR(__xludf.DUMMYFUNCTION("JOIN("", "", FILTER($D36:D1989, $B36:B1989 = F37))"),"ambtenaar, directeur, dichter") -> ambtenaar, directeur, dichter
A38: http://www.wikidata.org/entity/Q6242432 | B38: Pieter Willems | C38: http://www.wikidata.org/entity/Q16880249 | D38: dialectoloog | E38: http://commons.wikimedia.org/wiki/Special:FilePath/PieterWillems.png | F38: Alphonse de Voss | G38: =IFERROR(__xludf.DUMMYFUNCTION("JOIN("", "", FILTER($D37:D1989, $B37:B1989 = F38))"),"pastoor, katholiek bisschop, missionaris, katholiek priester, pater") -> pastoor, katholiek bisschop, missionaris, katholiek priester, pater
A39: http://www.wikidata.org/entity/Q2191260 | B39: Gustave Waffelaert | C39: http://www.wikidata.org/entity/Q1104153 | D39: kanunnik | E39: http://commons.wikimedia.org/wiki/Special:FilePath/Gustaaf%20Jozef%20Waffelaert%20-%2022ste%20bisschop%20van%20Brugge%20-%20Belgi%C3%AB.jpg | F39: Willem Lodewijk van Helten | G39: =IFERROR(__xludf.DUMMYFUNCTION("JOIN("", "", FILTER($D38:D1989, $B38:B1989 = F39))"),"filoloog, leerkracht, taalkundige, academisch docent") -> filoloog, leerkracht, taalkundige, academisch docent
A40: http://www.wikidata.org/entity/Q3163681 | B40: Jean-Aloys Van Steenkiste | C40: http://www.wikidata.org/entity/Q1657500 | D40: aalmoezenier | F40: Lodewijk Van Haecke | G40: =IFERROR(__xludf.DUMMYFUNCTION("JOIN("", "", FILTER($D39:D1989, $B39:B1989 = F40))"),"leerkracht, kapelaan, katholiek priester, schrijver") -> leerkracht, kapelaan, katholiek priester, schrijver
A41: http://www.wikidata.org/entity/Q2191260 | B41: Gustave Waffelaert | C41: http://www.wikidata.org/entity/Q611644 | D41: katholiek bisschop | E41: http://commons.wikimedia.org/wiki/Special:FilePath/Gustaaf%20Jozef%20Waffelaert%20-%2022ste%20bisschop%20van%20Brugge%20-%20Belgi%C3%AB.jpg | F41: Jan Nolet de Brauwere van Steeland | G41: =IFERROR(__xludf.DUMMYFUNCTION("JOIN("", "", FILTER($D40:D1989, $B40:B1989 = F41))"),"literatuurcriticus, schrijver, dichter") -> literatuurcriticus, schrijver, dichter
A42: http://www.wikidata.org/entity/Q175669 | B42: Stijn Streuvels | C42: http://www.wikidata.org/entity/Q160131 | D42: bakker | E42: http://commons.wikimedia.org/wiki/Special:FilePath/Stijn%20Streuvels%20by%20Modest%20Huys.jpg | F42: Gerrit Jacob Boekenoogen | G42: =IFERROR(__xludf.DUMMYFUNCTION("JOIN("", "", FILTER($D41:D1989, $B41:B1989 = F42))"),"redacteur, taalkundige") -> redacteur, taalkundige
A43: http://www.wikidata.org/entity/Q586323 | B43: Albert Verwey | C43: http://www.wikidata.org/entity/Q333634 | D43: vertaler | E43: http://commons.wikimedia.org/wiki/Special:FilePath/Portret%20van%20Albert%20Verwey%20Rijksmuseum%20SK-C-1680.jpeg | F43: Marcel Provence | G43: =IFERROR(__xludf.DUMMYFUNCTION("JOIN("", "", FILTER($D42:D1989, $B42:B1989 = F43))"),"letterkundige, biograaf, etnograaf, heemkundige, volkskundige, schrijver, historicus, journalist") -> letterkundige, biograaf, etnograaf, heemkundige, volkskundige, schrijver, historicus, journalist
A44: http://www.wikidata.org/entity/Q2191260 | B44: Gustave Waffelaert | C44: http://www.wikidata.org/entity/Q1753370 | D44: parochievicaris | E44: http://commons.wikimedia.org/wiki/Special:FilePath/Gustaaf%20Jozef%20Waffelaert%20-%2022ste%20bisschop%20van%20Brugge%20-%20Belgi%C3%AB.jpg | F44: Rijkaart Carette | G44: =IFERROR(__xludf.DUMMYFUNCTION("JOIN("", "", FILTER($D43:D1989, $B43:B1989 = F44))"),"coadjutor, pastoor, katholiek priester, leerkracht") -> coadjutor, pastoor, katholiek priester, leerkracht
A45: http://www.wikidata.org/entity/Q3163681 | B45: Jean-Aloys Van Steenkiste | C45: http://www.wikidata.org/entity/Q1753370 | D45: parochievicaris | F45: Theodoor Luyssen | G45: =IFERROR(__xludf.DUMMYFUNCTION("JOIN("", "", FILTER($D44:D1989, $B44:B1989 = F45))"),"katholiek priester, leerkracht, parochievicaris, schoolopziener, geestelijk leidsman") -> katholiek priester, leerkracht, parochievicaris, schoolopziener, geestelijk leidsman
A46: http://www.wikidata.org/entity/Q586323 | B46: Albert Verwey | C46: http://www.wikidata.org/entity/Q4263842 | D46: literatuurcriticus | E46: http://commons.wikimedia.org/wiki/Special:FilePath/Portret%20van%20Albert%20Verwey%20Rijksmuseum%20SK-C-1680.jpeg | F46: Petrus De Smedt | G46: =IFERROR(__xludf.DUMMYFUNCTION("JOIN("", "", FILTER($D45:D1989, $B45:B1989 = F46))"),"coadjutor, pastoor, leerkracht, parochievicaris, priester") -> coadjutor, pastoor, leerkracht, parochievicaris, priester
A47: http://www.wikidata.org/entity/Q13575404 | B47: Edward Van Even | C47: http://www.wikidata.org/entity/Q182436 | D47: bibliothecaris | E47: http://commons.wikimedia.org/wiki/Special:FilePath/EdwardVanEven.jpg | F47: Pieter Raoux | G47: =IFERROR(__xludf.DUMMYFUNCTION("JOIN("", "", FILTER($D46:D1989, $B46:B1989 = F47))"),"chromolithograaf, afdelingsdirecteur, drukker, kunstschilder, graveur, graficus, beeldend kunstenaar, leerkracht, lithograaf") -> chromolithograaf, afdelingsdirecteur, drukker, kunstschilder, graveur, graficus, beeldend kunstenaar, leerkracht, lithograaf
A48: http://www.wikidata.org/entity/Q13575404 | B48: Edward Van Even | C48: http://www.wikidata.org/entity/Q201788 | D48: historicus | E48: http://commons.wikimedia.org/wiki/Special:FilePath/EdwardVanEven.jpg | F48: Albany James Christie | G48: =IFERROR(__xludf.DUMMYFUNCTION("JOIN("", "", FILTER($D47:D1989, $B47:B1989 = F48))"),"schrijver, dichter, toneelschrijver, katholiek priester, theoloog, leerkracht") -> schrijver, dichter, toneelschrijver, katholiek priester, theoloog, leerkracht
A49: http://www.wikidata.org/entity/Q2191260 | B49: Gustave Waffelaert | C49: http://www.wikidata.org/entity/Q250867 | D49: katholiek priester | E49: http://commons.wikimedia.org/wiki/Special:FilePath/Gustaaf%20Jozef%20Waffelaert%20-%2022ste%20bisschop%20van%20Brugge%20-%20Belgi%C3%AB.jpg | F49: Victor Van Coillie | G49: =IFERROR(__xludf.DUMMYFUNCTION("JOIN("", "", FILTER($D48:D1989, $B48:B1989 = F49))"),"schrijver, dichter, katholiek priester, leerkracht, letterkundige, parochievicaris") -> schrijver, dichter, katholiek priester, leerkracht, letterkundige, parochievicaris
A50: http://www.wikidata.org/entity/Q2457997 | B50: Constant Hansen | C50: http://www.wikidata.org/entity/Q82955 | D50: politicus | E50: http://commons.wikimedia.org/wiki/Special:FilePath/Hansen%2C%20Constant%20Jacob%20%281833-1910%29%3B%20letterkundige%20en%20hoofdbibliothecaris%20stadsbibliotheek%20Antwerpen%2C%20Haeck%2C%20Leopold%2C%20Felixarchief%2C%2012%209296%20recto%20%28cropped%29.jpg | F50: Constantin Lagae | G50: =IFERROR(__xludf.DUMMYFUNCTION("JOIN("", "", FILTER($D49:D1989, $B49:B1989 = F50))"),"missionaris, katholiek priester, pater") -> missionaris, katholiek priester, pater
A51: http://www.wikidata.org/entity/Q672816 | B51: Nicholas Wiseman | C51: http://www.wikidata.org/entity/Q6625963 | D51: romanschrijver | E51: http://commons.wikimedia.org/wiki/Special:FilePath/Wiseman.jpg | F51: Jozef Roggeman | G51: =IFERROR(__xludf.DUMMYFUNCTION("JOIN("", "", FILTER($D50:D1989, $B50:B1989 = F51))"),"pastoor, bestuurder, katholiek priester, leerkracht, parochievicaris") -> pastoor, bestuurder, katholiek priester, leerkracht, parochievicaris
A52: http://www.wikidata.org/entity/Q3166510 | B52: Johan Joseph Faict | C52: http://www.wikidata.org/entity/Q25393460 | D52: katholieke diaken | E52: http://commons.wikimedia.org/wiki/Special:FilePath/Brugge%20-%20Bisschop%20Faict%20%281864-1894%29%20-%20Brugge%20-%20Belgi%C3%AB.jpg | F52: Jan Craeynest | G52: =IFERROR(__xludf.DUMMYFUNCTION("JOIN("", "", FILTER($D51:D1989, $B51:B1989 = F52))"),"pastoor, leerkracht, aalmoezenier, schrijver, priester") -> pastoor, leerkracht, aalmoezenier, schrijver, priester
A53: http://www.wikidata.org/entity/Q2191260 | B53: Gustave Waffelaert | C53: http://www.wikidata.org/entity/Q36180 | D53: schrijver | E53: http://commons.wikimedia.org/wiki/Special:FilePath/Gustaaf%20Jozef%20Waffelaert%20-%2022ste%20bisschop%20van%20Brugge%20-%20Belgi%C3%AB.jpg | F53: Louis David Petit | G53: =IFERROR(__xludf.DUMMYFUNCTION("JOIN("", "", FILTER($D52:D1989, $B52:B1989 = F53))"),"bibliothecaris, boekhandelaar, bibliograaf, restaurator") -> bibliothecaris, boekhandelaar, bibliograaf, restaurator
A54: http://www.wikidata.org/entity/Q2457997 | B54: Constant Hansen | C54: http://www.wikidata.org/entity/Q182436 | D54: bibliothecaris | E54: http://commons.wikimedia.org/wiki/Special:FilePath/Hansen%2C%20Constant%20Jacob%20%281833-1910%29%3B%20letterkundige%20en%20hoofdbibliothecaris%20stadsbibliotheek%20Antwerpen%2C%20Haeck%2C%20Leopold%2C%20Felixarchief%2C%2012%209296%20recto%20%28cropped%29.jpg | F54: Julius Obrie | G54: =IFERROR(__xludf.DUMMYFUNCTION("JOIN("", "", FILTER($D53:D1989, $B53:B1989 = F54))"),"academisch docent, magistraat, schrijver") -> academisch docent, magistraat, schrijver
A55: http://www.wikidata.org/entity/Q1796639 | B55: Rafaël Verhulst | C55: http://www.wikidata.org/entity/Q36180 | D55: schrijver | E55: http://commons.wikimedia.org/wiki/Special:FilePath/Raf%20Verhulst.jpg | F55: Victor Lambrecht | G55: =IFERROR(__xludf.DUMMYFUNCTION("JOIN("", "", FILTER($D54:D1989, $B54:B1989 = F55))"),"activist, advocaat") -> activist, advocaat
A56: http://www.wikidata.org/entity/Q1877721 | B56: Charles Carton | C56: http://www.wikidata.org/entity/Q114371470 | D56: coadjutor | E56: http://commons.wikimedia.org/wiki/Special:FilePath/Charles%20Carton.jpg | F56: Clementia Hiers | G56: =IFERROR(__xludf.DUMMYFUNCTION("JOIN("", "", FILTER($D55:D1989, $B55:B1989 = F56))"),"overste, auteur, begijn of bogaard") -> overste, auteur, begijn of bogaard
A57: http://www.wikidata.org/entity/Q2457997 | B57: Constant Hansen | C57: http://www.wikidata.org/entity/Q2251335 | D57: leerkracht | E57: http://commons.wikimedia.org/wiki/Special:FilePath/Hansen%2C%20Constant%20Jacob%20%281833-1910%29%3B%20letterkundige%20en%20hoofdbibliothecaris%20stadsbibliotheek%20Antwerpen%2C%20Haeck%2C%20Leopold%2C%20Felixarchief%2C%2012%209296%20recto%20%28cropped%29.jpg | F57: Adolf De Wolf | G57: =IFERROR(__xludf.DUMMYFUNCTION("JOIN("", "", FILTER($D56:D1989, $B56:B1989 = F57))"),"apotheker") -> apotheker
A58: http://www.wikidata.org/entity/Q2457997 | B58: Constant Hansen | C58: http://www.wikidata.org/entity/Q333634 | D58: vertaler | E58: http://commons.wikimedia.org/wiki/Special:FilePath/Hansen%2C%20Constant%20Jacob%20%281833-1910%29%3B%20letterkundige%20en%20hoofdbibliothecaris%20stadsbibliotheek%20Antwerpen%2C%20Haeck%2C%20Leopold%2C%20Felixarchief%2C%2012%209296%20recto%20%28cropped%29.jpg | F58: Joseph Gezelle | G58: =IFERROR(__xludf.DUMMYFUNCTION("JOIN("", "", FILTER($D57:D1989, $B57:B1989 = F58))"),"pastoor, directeur, katholiek priester, parochievicaris") -> pastoor, directeur, katholiek priester, parochievicaris
A59: http://www.wikidata.org/entity/Q4902927 | B59: Edmond Van Hee | C59: http://www.wikidata.org/entity/Q40348 | D59: advocaat | F59: Achilles Bohyn | G59: =IFERROR(__xludf.DUMMYFUNCTION("JOIN("", "", FILTER($D58:D1989, $B58:B1989 = F59))"),"pastoor, katholiek priester, leerkracht, parochievicaris") -> pastoor, katholiek priester, leerkracht, parochievicaris
A60: http://www.wikidata.org/entity/Q4902927 | B60: Edmond Van Hee | C60: http://www.wikidata.org/entity/Q49757 | D60: dichter | F60: Frans De Potter | G60: =IFERROR(__xludf.DUMMYFUNCTION("JOIN("", "", FILTER($D59:D1989, $B59:B1989 = F60))"),"journalist, adjunct-conservator, hoofdredacteur, redacteur, schrijver") -> journalist, adjunct-conservator, hoofdredacteur, redacteur, schrijver
A61: http://www.wikidata.org/entity/Q1334711 | B61: Emmanuel Hiel | C61: http://www.wikidata.org/entity/Q212238 | D61: ambtenaar | E61: http://commons.wikimedia.org/wiki/Special:FilePath/Hiel%2C%20Emmanuel%20%281834-1899%29%3B%20dichter%20en%20schrijver%2C%20Nauwens%2C%20Joseph%2C%20Felixarchief%2C%2012%2012840.jpg | F61: Livinus Bruneel | G61: =IFERROR(__xludf.DUMMYFUNCTION("JOIN("", "", FILTER($D60:D1989, $B60:B1989 = F61))"),"rector, katholiek priester, prelaat, academisch docent, vicaris-generaal, kanunnik, parochievicaris") -> rector, katholiek priester, prelaat, academisch docent, vicaris-generaal, kanunnik, parochievicaris
A62: http://www.wikidata.org/entity/Q2298746 | B62: Aloïs Walgrave | C62: http://www.wikidata.org/entity/Q36180 | D62: schrijver | F62: Charles Van Cauwenberghe | G62: =IFERROR(__xludf.DUMMYFUNCTION("JOIN("", "", FILTER($D61:D1989, $B61:B1989 = F62))"),"gewoon hoogleraar, buitengewoon hoogleraar, academisch docent") -> gewoon hoogleraar, buitengewoon hoogleraar, academisch docent
A63: http://www.wikidata.org/entity/Q2298746 | B63: Aloïs Walgrave | C63: http://www.wikidata.org/entity/Q49757 | D63: dichter | F63: Alfred Guichon de Grandpont | G63: =IFERROR(__xludf.DUMMYFUNCTION("JOIN("", "", FILTER($D62:D1989, $B62:B1989 = F63))"),"vertaler, librettist, schrijver") -> vertaler, librettist, schrijver
A64: http://www.wikidata.org/entity/Q2298746 | B64: Aloïs Walgrave | C64: http://www.wikidata.org/entity/Q42603 | D64: priester | F64: Hendrik Q. Janssen | G64: =IFERROR(__xludf.DUMMYFUNCTION("JOIN("", "", FILTER($D63:D1989, $B63:B1989 = F64))"),"historicus, prediker, archivaris, predikant, schoolopziener") -> historicus, prediker, archivaris, predikant, schoolopziener
A65: http://www.wikidata.org/entity/Q2191260 | B65: Gustave Waffelaert | C65: http://www.wikidata.org/entity/Q1622272 | D65: academisch docent | E65: http://commons.wikimedia.org/wiki/Special:FilePath/Gustaaf%20Jozef%20Waffelaert%20-%2022ste%20bisschop%20van%20Brugge%20-%20Belgi%C3%AB.jpg | F65: Ignace de Coussemaker | G65: =IFERROR(__xludf.DUMMYFUNCTION("JOIN("", "", FILTER($D64:D1989, $B64:B1989 = F65))"),"historicus") -> historicus
A66: http://www.wikidata.org/entity/Q2191260 | B66: Gustave Waffelaert | C66: http://www.wikidata.org/entity/Q1234713 | D66: theoloog | E66: http://commons.wikimedia.org/wiki/Special:FilePath/Gustaaf%20Jozef%20Waffelaert%20-%2022ste%20bisschop%20van%20Brugge%20-%20Belgi%C3%AB.jpg | F66: Hippoliet Haerynck | G66: =IFERROR(__xludf.DUMMYFUNCTION("JOIN("", "", FILTER($D65:D1989, $B65:B1989 = F66))"),"leerkracht") -> leerkracht
A67: http://www.wikidata.org/entity/Q586323 | B67: Albert Verwey | C67: http://www.wikidata.org/entity/Q36180 | D67: schrijver | E67: http://commons.wikimedia.org/wiki/Special:FilePath/Portret%20van%20Albert%20Verwey%20Rijksmuseum%20SK-C-1680.jpeg | F67: Jean Casier | G67: =IFERROR(__xludf.DUMMYFUNCTION("JOIN("", "", FILTER($D66:D1989, $B66:B1989 = F67))"),"politicus, industrieel") -> politicus, industrieel
A68: http://www.wikidata.org/entity/Q586323 | B68: Albert Verwey | C68: http://www.wikidata.org/entity/Q49757 | D68: dichter | E68: http://commons.wikimedia.org/wiki/Special:FilePath/Portret%20van%20Albert%20Verwey%20Rijksmuseum%20SK-C-1680.jpeg | F68: Pieter Busschaert | G68: =IFERROR(__xludf.DUMMYFUNCTION("JOIN("", "", FILTER($D67:D1989, $B67:B1989 = F68))"),"componist, pastoor, katholiek priester, leerkracht, parochievicaris") -> componist, pastoor, katholiek priester, leerkracht, parochievicaris
A69: http://www.wikidata.org/entity/Q3166510 | B69: Johan Joseph Faict | C69: http://www.wikidata.org/entity/Q1104153 | D69: kanunnik | E69: http://commons.wikimedia.org/wiki/Special:FilePath/Brugge%20-%20Bisschop%20Faict%20%281864-1894%29%20-%20Brugge%20-%20Belgi%C3%AB.jpg | F69: Edgar Tinel | G69: =IFERROR(__xludf.DUMMYFUNCTION("JOIN("", "", FILTER($D68:D1989, $B68:B1989 = F69))"),"rector, pianist, academisch docent, componist") -> rector, pianist, academisch docent, componist
A70: http://www.wikidata.org/entity/Q1334711 | B70: Emmanuel Hiel | C70: http://www.wikidata.org/entity/Q247797 | D70: douanebeambte | E70: http://commons.wikimedia.org/wiki/Special:FilePath/Hiel%2C%20Emmanuel%20%281834-1899%29%3B%20dichter%20en%20schrijver%2C%20Nauwens%2C%20Joseph%2C%20Felixarchief%2C%2012%2012840.jpg | F70: Max Rooses | G70: =IFERROR(__xludf.DUMMYFUNCTION("JOIN("", "", FILTER($D69:D1989, $B69:B1989 = F70))"),"kunstcriticus, leerkracht, literatuurcriticus, conservator, studiemeester, journalist, schrijver, kunsthistoricus") -> kunstcriticus, leerkracht, literatuurcriticus, conservator, studiemeester, journalist, schrijver, kunsthistoricus
A71: http://www.wikidata.org/entity/Q175669 | B71: Stijn Streuvels | C71: http://www.wikidata.org/entity/Q333634 | D71: vertaler | E71: http://commons.wikimedia.org/wiki/Special:FilePath/Stijn%20Streuvels%20by%20Modest%20Huys.jpg | F71: Prosper Antoine Van Langendonck | G71: =IFERROR(__xludf.DUMMYFUNCTION("JOIN("", "", FILTER($D70:D1989, $B70:B1989 = F71))"),"dichter, essayist, ambtenaar") -> dichter, essayist, ambtenaar
A72: http://www.wikidata.org/entity/Q2457997 | B72: Constant Hansen | C72: http://www.wikidata.org/entity/Q635734 | D72: archivaris | E72: http://commons.wikimedia.org/wiki/Special:FilePath/Hansen%2C%20Constant%20Jacob%20%281833-1910%29%3B%20letterkundige%20en%20hoofdbibliothecaris%20stadsbibliotheek%20Antwerpen%2C%20Haeck%2C%20Leopold%2C%20Felixarchief%2C%2012%209296%20recto%20%28cropped%29.jpg | F72: Gerard van Caloen | G72: =IFERROR(__xludf.DUMMYFUNCTION("JOIN("", "", FILTER($D71:D1989, $B71:B1989 = F72))"),"liturgist, katholiek bisschop, monnik, missionaris, rector, katholiek priester") -> liturgist, katholiek bisschop, monnik, missionaris, rector, katholiek priester
A73: http://www.wikidata.org/entity/Q3166510 | B73: Johan Joseph Faict | C73: http://www.wikidata.org/entity/Q611644 | D73: katholiek bisschop | E73: http://commons.wikimedia.org/wiki/Special:FilePath/Brugge%20-%20Bisschop%20Faict%20%281864-1894%29%20-%20Brugge%20-%20Belgi%C3%AB.jpg | F73: Joseph Alberdingk Thijm | G73: =IFERROR(__xludf.DUMMYFUNCTION("JOIN("", "", FILTER($D72:D1989, $B72:B1989 = F73))"),"uitgever, kunstcriticus, literatuurcriticus, schrijver, dichter, academisch docent, kunsthistoricus") -> uitgever, kunstcriticus, literatuurcriticus, schrijver, dichter, academisch docent, kunsthistoricus
A74: http://www.wikidata.org/entity/Q2457997 | B74: Constant Hansen | C74: http://www.wikidata.org/entity/Q326653 | D74: boekhouder | E74: http://commons.wikimedia.org/wiki/Special:FilePath/Hansen%2C%20Constant%20Jacob%20%281833-1910%29%3B%20letterkundige%20en%20hoofdbibliothecaris%20stadsbibliotheek%20Antwerpen%2C%20Haeck%2C%20Leopold%2C%20Felixarchief%2C%2012%209296%20recto%20%28cropped%29.jpg | F74: Ferdinand Vanderhaeghen | G74: =IFERROR(__xludf.DUMMYFUNCTION("JOIN("", "", FILTER($D73:D1989, $B73:B1989 = F74))"),"bibliofiel, politicus, bibliothecaris, historicus, bibliograaf") -> bibliofiel, politicus, bibliothecaris, historicus, bibliograaf
A75: http://www.wikidata.org/entity/Q586323 | B75: Albert Verwey | C75: http://www.wikidata.org/entity/Q1622272 | D75: academisch docent | E75: http://commons.wikimedia.org/wiki/Special:FilePath/Portret%20van%20Albert%20Verwey%20Rijksmuseum%20SK-C-1680.jpeg | F75: Edward Gailliard | G75: =IFERROR(__xludf.DUMMYFUNCTION("JOIN("", "", FILTER($D74:D1989, $B74:B1989 = F75))"),"historicus, archivaris, uitgever, boekhandelaar, taalkundige") -> historicus, archivaris, uitgever, boekhandelaar, taalkundige
A76: http://www.wikidata.org/entity/Q2457997 | B76: Constant Hansen | C76: http://www.wikidata.org/entity/Q1930187 | D76: journalist | E76: http://commons.wikimedia.org/wiki/Special:FilePath/Hansen%2C%20Constant%20Jacob%20%281833-1910%29%3B%20letterkundige%20en%20hoofdbibliothecaris%20stadsbibliotheek%20Antwerpen%2C%20Haeck%2C%20Leopold%2C%20Felixarchief%2C%2012%209296%20recto%20%28cropped%29.jpg | F76: Theophiel Coopman | G76: =IFERROR(__xludf.DUMMYFUNCTION("JOIN("", "", FILTER($D75:D1989, $B75:B1989 = F76))"),"directeur, boekhouder, dichter, ambtenaar") -> directeur, boekhouder, dichter, ambtenaar
A77: http://www.wikidata.org/entity/Q2191260 | B77: Gustave Waffelaert | C77: http://www.wikidata.org/entity/Q1044528 | D77: vicaris-generaal | E77: http://commons.wikimedia.org/wiki/Special:FilePath/Gustaaf%20Jozef%20Waffelaert%20-%2022ste%20bisschop%20van%20Brugge%20-%20Belgi%C3%AB.jpg | F77: Frans De Cort | G77: =IFERROR(__xludf.DUMMYFUNCTION("JOIN("", "", FILTER($D76:D1989, $B76:B1989 = F77))"),"politicus, bibliothecaris, vertaler, hoofdredacteur, journalist, taalkundige, schrijver, dichter") -> politicus, bibliothecaris, vertaler, hoofdredacteur, journalist, taalkundige, schrijver, dichter
A78: http://www.wikidata.org/entity/Q1877721 | B78: Charles Carton | C78: http://www.wikidata.org/entity/Q1162163 | D78: directeur | E78: http://commons.wikimedia.org/wiki/Special:FilePath/Charles%20Carton.jpg | F78: Hugo Verriest | G78: =IFERROR(__xludf.DUMMYFUNCTION("JOIN("", "", FILTER($D77:D1989, $B77:B1989 = F78))"),"pastoor, directeur, leerkracht, rector, katholiek priester, schrijver, dichter") -> pastoor, directeur, leerkracht, rector, katholiek priester, schrijver, dichter
A79: http://www.wikidata.org/entity/Q1877721 | B79: Charles Carton | C79: http://www.wikidata.org/entity/Q201788 | D79: historicus | E79: http://commons.wikimedia.org/wiki/Special:FilePath/Charles%20Carton.jpg | F79: Adolf Lootens | G79: =IFERROR(__xludf.DUMMYFUNCTION("JOIN("", "", FILTER($D78:D1989, $B78:B1989 = F79))"),"landmeter") -> landmeter
A80: http://www.wikidata.org/entity/Q3538623 | B80: Charles van Caloen | C80: http://www.wikidata.org/entity/Q82955 | D80: politicus | E80: http://commons.wikimedia.org/wiki/Special:FilePath/PM%20161806%20B%20Loppem%20%28Charles%20van%20Caloen%29.jpg | F80: Jan Bols | G80: =IFERROR(__xludf.DUMMYFUNCTION("JOIN("", "", FILTER($D79:D1989, $B79:B1989 = F80))"),"pastoor, politicus, leerkracht, rector, taalkundige, pedagoog, schrijver, priester") -> pastoor, politicus, leerkracht, rector, taalkundige, pedagoog, schrijver, priester
A81: http://www.wikidata.org/entity/Q3166510 | B81: Johan Joseph Faict | C81: http://www.wikidata.org/entity/Q1056391 | D81: rector | E81: http://commons.wikimedia.org/wiki/Special:FilePath/Brugge%20-%20Bisschop%20Faict%20%281864-1894%29%20-%20Brugge%20-%20Belgi%C3%AB.jpg | F81: Jean-Baptiste de Bethune jr. | G81: =IFERROR(__xludf.DUMMYFUNCTION("JOIN("", "", FILTER($D80:D1989, $B80:B1989 = F81))"),"politicus, historicus, kunsthistoricus, advocaat") -> politicus, historicus, kunsthistoricus, advocaat
A82: http://www.wikidata.org/entity/Q2087117 | B82: René Vermandere | C82: http://www.wikidata.org/entity/Q214917 | D82: toneelschrijver | F82: Bartholomew Woodlock | G82: =IFERROR(__xludf.DUMMYFUNCTION("JOIN("", "", FILTER($D81:D1989, $B81:B1989 = F82))"),"katholiek bisschop, katholiek priester, filosoof, rector, pedagoog, academisch docent") -> katholiek bisschop, katholiek priester, filosoof, rector, pedagoog, academisch docent
A83: http://www.wikidata.org/entity/Q2087117 | B83: René Vermandere | C83: http://www.wikidata.org/entity/Q685433 | D83: verkoper | F83: Amand Neut | G83: =IFERROR(__xludf.DUMMYFUNCTION("JOIN("", "", FILTER($D82:D1989, $B82:B1989 = F83))"),"politicus, hoofdredacteur, journalist, uitgever, schrijver") -> politicus, hoofdredacteur, journalist, uitgever, schrijver
A84: http://www.wikidata.org/entity/Q3166510 | B84: Johan Joseph Faict | C84: http://www.wikidata.org/entity/Q250867 | D84: katholiek priester | E84: http://commons.wikimedia.org/wiki/Special:FilePath/Brugge%20-%20Bisschop%20Faict%20%281864-1894%29%20-%20Brugge%20-%20Belgi%C3%AB.jpg | F84: Jean-Baptiste Bethune | G84: =IFERROR(__xludf.DUMMYFUNCTION("JOIN("", "", FILTER($D83:D1989, $B83:B1989 = F84))"),"politicus, ontwerper, handwerker, architect") -> politicus, ontwerper, handwerker, architect
A85: http://www.wikidata.org/entity/Q2087117 | B85: René Vermandere | C85: http://www.wikidata.org/entity/Q2516866 | D85: uitgever | F85: Henri Rommel | G85: =IFERROR(__xludf.DUMMYFUNCTION("JOIN("", "", FILTER($D84:D1989, $B84:B1989 = F85))"),"historicus, rector, katholiek priester, leerkracht, inspecteur") -> historicus, rector, katholiek priester, leerkracht, inspecteur
A86: http://www.wikidata.org/entity/Q1334711 | B86: Emmanuel Hiel | C86: http://www.wikidata.org/entity/Q82955 | D86: politicus | E86: http://commons.wikimedia.org/wiki/Special:FilePath/Hiel%2C%20Emmanuel%20%281834-1899%29%3B%20dichter%20en%20schrijver%2C%20Nauwens%2C%20Joseph%2C%20Felixarchief%2C%2012%2012840.jpg | F86: Hendrik Karel Van Doorne | G86: =IFERROR(__xludf.DUMMYFUNCTION("JOIN("", "", FILTER($D85:D1989, $B85:B1989 = F86))"),"pastoor, directeur, missionaris, katholiek priester, parochievicaris") -> pastoor, directeur, missionaris, katholiek priester, parochievicaris
A87: http://www.wikidata.org/entity/Q2457997 | B87: Constant Hansen | C87: http://www.wikidata.org/entity/Q36180 | D87: schrijver | E87: http://commons.wikimedia.org/wiki/Special:FilePath/Hansen%2C%20Constant%20Jacob%20%281833-1910%29%3B%20letterkundige%20en%20hoofdbibliothecaris%20stadsbibliotheek%20Antwerpen%2C%20Haeck%2C%20Leopold%2C%20Felixarchief%2C%2012%209296%20recto%20%28cropped%29.jpg | F87: Peter Jozef Scherpenseel | G87: =IFERROR(__xludf.DUMMYFUNCTION("JOIN("", "", FILTER($D86:D1989, $B86:B1989 = F87))"),"diplomaat, vertaler, schrijver") -> diplomaat, vertaler, schrijver
A88: http://www.wikidata.org/entity/Q2087117 | B88: René Vermandere | C88: http://www.wikidata.org/entity/Q998550 | D88: boekhandelaar | F88: Alexandre Bonvarlet | G88: =IFERROR(__xludf.DUMMYFUNCTION("JOIN("", "", FILTER($D87:D1989, $B87:B1989 = F88))"),"historicus, schrijver, consul, handelaar") -> historicus, schrijver, consul, handelaar
A89: http://www.wikidata.org/entity/Q3166510 | B89: Johan Joseph Faict | C89: http://www.wikidata.org/entity/Q45684 | D89: geestelijk leidsman | E89: http://commons.wikimedia.org/wiki/Special:FilePath/Brugge%20-%20Bisschop%20Faict%20%281864-1894%29%20-%20Brugge%20-%20Belgi%C3%AB.jpg | F89: Josephus Charle | G89: =IFERROR(__xludf.DUMMYFUNCTION("JOIN("", "", FILTER($D88:D1989, $B88:B1989 = F89))"),"pastoor, directeur, katholiek priester, leerkracht, aalmoezenier, financieel beheerder") -> pastoor, directeur, katholiek priester, leerkracht, aalmoezenier, financieel beheerder
A90: http://www.wikidata.org/entity/Q175669 | B90: Stijn Streuvels | C90: http://www.wikidata.org/entity/Q36180 | D90: schrijver | E90: http://commons.wikimedia.org/wiki/Special:FilePath/Stijn%20Streuvels%20by%20Modest%20Huys.jpg | F90: Alfons Maria Napoleon Prayon-van Zuylen van Nyevelt | G90: =IFERROR(__xludf.DUMMYFUNCTION("JOIN("", "", FILTER($D89:D1989, $B89:B1989 = F90))"),"journalist, advocaat, schrijver") -> journalist, advocaat, schrijver
A91: http://www.wikidata.org/entity/Q2087117 | B91: René Vermandere | C91: http://www.wikidata.org/entity/Q285759 | D91: verzekeringsmakelaar | F91: Jonathan Henry Woodward | G91: =IFERROR(__xludf.DUMMYFUNCTION("JOIN("", "", FILTER($D90:D1989, $B90:B1989 = F91))"),"pastoor, Anglicaans priester, rentenier") -> pastoor, Anglicaans priester, rentenier
A92: http://www.wikidata.org/entity/Q1877721 | B92: Charles Carton | C92: http://www.wikidata.org/entity/Q208762 | D92: kapelaan | E92: http://commons.wikimedia.org/wiki/Special:FilePath/Charles%20Carton.jpg | F92: Evarist De Boeck | G92: =IFERROR(__xludf.DUMMYFUNCTION("JOIN("", "", FILTER($D91:D1989, $B91:B1989 = F92))"),"deservitor, professor, missionaris, leerkracht, diocesaan administrator, overste, priester") -> deservitor, professor, missionaris, leerkracht, diocesaan administrator, overste, priester
A93: http://www.wikidata.org/entity/Q3166510 | B93: Johan Joseph Faict | C93: http://www.wikidata.org/entity/Q1622272 | D93: academisch docent | E93: http://commons.wikimedia.org/wiki/Special:FilePath/Brugge%20-%20Bisschop%20Faict%20%281864-1894%29%20-%20Brugge%20-%20Belgi%C3%AB.jpg | F93: Edward Verschelde | G93: =IFERROR(__xludf.DUMMYFUNCTION("JOIN("", "", FILTER($D92:D1989, $B92:B1989 = F93))"),"coadjutor, pastoor, katholiek priester, parochievicaris") -> coadjutor, pastoor, katholiek priester, parochievicaris
A94: http://www.wikidata.org/entity/Q3166510 | B94: Johan Joseph Faict | C94: http://www.wikidata.org/entity/Q1234713 | D94: theoloog | E94: http://commons.wikimedia.org/wiki/Special:FilePath/Brugge%20-%20Bisschop%20Faict%20%281864-1894%29%20-%20Brugge%20-%20Belgi%C3%AB.jpg | F94: Jacob Lenaerts | G94: =IFERROR(__xludf.DUMMYFUNCTION("JOIN("", "", FILTER($D93:D1989, $B93:B1989 = F94))"),"pastoor-deken, pastoor, katholiek priester, kapelaan, parochievicaris, dichter") -> pastoor-deken, pastoor, katholiek priester, kapelaan, parochievicaris, dichter
A95: http://www.wikidata.org/entity/Q1877721 | B95: Charles Carton | C95: http://www.wikidata.org/entity/Q250867 | D95: katholiek priester | E95: http://commons.wikimedia.org/wiki/Special:FilePath/Charles%20Carton.jpg | F95: Louis Goormachtigh | G95: =IFERROR(__xludf.DUMMYFUNCTION("JOIN("", "", FILTER($D94:D1989, $B94:B1989 = F95))"),"muzikant, katholiek priester, leerkracht, geestelijk leidsman") -> muzikant, katholiek priester, leerkracht, geestelijk leidsman
A96: http://www.wikidata.org/entity/Q2062803 | B96: William Henry James Weale | C96: http://www.wikidata.org/entity/Q37226 | D96: onderwijzer | E96: http://commons.wikimedia.org/wiki/Special:FilePath/James%20Weale.jpg | F96: Jan Broeckaert | G96: =IFERROR(__xludf.DUMMYFUNCTION("JOIN("", "", FILTER($D95:D1989, $B95:B1989 = F96))"),"schrijver, dichter, historicus, letterkundige, gemeentesecretaris, griffier") -> schrijver, dichter, historicus, letterkundige, gemeentesecretaris, griffier
A97: http://www.wikidata.org/entity/Q3067739 | B97: Joaquim Rubió i Ors | C97: http://www.wikidata.org/entity/Q36180 | D97: schrijver | E97: http://commons.wikimedia.org/wiki/Special:FilePath/Rubio%20i%20ors.jpg | F97: Joseph Axters | G97: =IFERROR(__xludf.DUMMYFUNCTION("JOIN("", "", FILTER($D96:D1989, $B96:B1989 = F97))"),"katholiek priester, leerkracht, pater") -> katholiek priester, leerkracht, pater
A98: http://www.wikidata.org/entity/Q3067739 | B98: Joaquim Rubió i Ors | C98: http://www.wikidata.org/entity/Q49757 | D98: dichter | E98: http://commons.wikimedia.org/wiki/Special:FilePath/Rubio%20i%20ors.jpg | F98: Placidus Haghebaert | G98: =IFERROR(__xludf.DUMMYFUNCTION("JOIN("", "", FILTER($D97:D1989, $B97:B1989 = F98))"),"bestuurder, vertaler, lector, parochievicaris, pater, priester") -> bestuurder, vertaler, lector, parochievicaris, pater, priester
A99: http://www.wikidata.org/entity/Q2684959 | B99: Ferdinand Van de Putte | C99: http://www.wikidata.org/entity/Q955464 | D99: pastoor | E99: http://commons.wikimedia.org/wiki/Special:FilePath/Ferdinand%20Van%20de%20Putte.jpg | F99: Pieter Baes | G99: =IFERROR(__xludf.DUMMYFUNCTION("JOIN("", "", FILTER($D98:D1989, $B98:B1989 = F99))"),"directeur, rector, katholiek priester, academisch docent, leerkracht, inspecteur") -> directeur, rector, katholiek priester, academisch docent, leerkracht, inspecteur
A100: http://www.wikidata.org/entity/Q571426 | B100: Hendrik Kern | C100: http://www.wikidata.org/entity/Q121594 | D100: professor | E100: http://commons.wikimedia.org/wiki/Special:FilePath/Johan%20Hendrik%20Caspar%20Kern.jpg | F100: Eugeen de Lepeleer | G100: =IFERROR(__xludf.DUMMYFUNCTION("JOIN("", "", FILTER($D99:D1989, $B99:B1989 = F100))"),"schrijver, vertaler, katholiek priester, leerkracht, schoolopziener") -> schrijver, vertaler, katholiek priester, leerkracht, schoolopziener
...

Sheet RawV3Q2
A1: person | B1: personLabel | C1: institution | D1: institutionLabel | E1: institutionTypeLabel
A2: http://www.wikidata.org/entity/Q115821474 | B2: Juliaan Fové | C2: http://www.wikidata.org/entity/Q118369334 | D2: Sint-Jozefscollege Tielt | E2: Werkgever
A3: http://www.wikidata.org/entity/Q115821474 | B3: Juliaan Fové | C3: http://www.wikidata.org/entity/Q118388831 | D3: Bisschoppelijk college Sint-Joseph | E3: Werkgever
A4: http://www.wikidata.org/entity/Q115820195 | B4: Joseph Axters | C4: http://www.wikidata.org/entity/Q1867263 | D4: Klein Seminarie Roeselare | E4: Werkgever
A5: http://www.wikidata.org/entity/Q115818849 | B5: Isidoor Hemeryck | C5: http://www.wikidata.org/entity/Q644789 | D5: Katholieke Universiteit te Leuven | E5: Werkgever
A6: http://www.wikidata.org/entity/Q115981938 | B6: Felix Degrendel | C6: http://www.wikidata.org/entity/Q1867263 | D6: Klein Seminarie Roeselare | E6: Onderwijsinstelling
A7: http://www.wikidata.org/entity/Q115818849 | B7: Isidoor Hemeryck | C7: http://www.wikidata.org/entity/Q120693890 | D7: Congregatie van de Zusters van Liefde, Leuven | E7: Werkgever
A8: http://www.wikidata.org/entity/Q115839088 | B8: August Laporta | C8: http://www.wikidata.org/entity/Q13744144 | D8: Klein Seminarie | E8: Onderwijsinstelling
A9: http://www.wikidata.org/entity/Q115821479 | B9: Honoré Cardoen | C9: http://www.wikidata.org/entity/Q1807289 | D9: Sint-Leocollege | E9: Werkgever
A10: http://www.wikidata.org/entity/Q115981938 | B10: Felix Degrendel | C10: http://www.wikidata.org/entity/Q119702334 | D10: Confraternity of the Blessed Sacrament | E10: Lid van
A11: http://www.wikidata.org/entity/Q115979140 | B11: Arsenius Dehulster | C11: http://www.wikidata.org/entity/Q118369361 | D11: Bisschoppelijk Sint-Bernarduscollege Nieuwpoort | E11: Werkgever
A12: http://www.wikidata.org/entity/Q115818849 | B12: Isidoor Hemeryck | C12: http://www.wikidata.org/entity/Q2124530 | D12: Justus Lipsiuscollege | E12: Werkgever
... A977: http://www.wikidata.org/entity/Q115836962 | B977: Edmond Soenen | C977: http://www.wikidata.org/entity/Q118369084 | D977: Gilde van Sinte Luitgaarde | E977: Lid van

Sheet Nodes
A1: ID | B1: Label | C1: Type | D1: Beroep | E1: Afbeelding
A2: Q2424814 | B2: Jan Baptist David | C2: Persoon | D2: =VLOOKUP(B2,'Kopie van RawV3Q1'!F:G,2,false) -> academisch docent, politicus, directeur, historicus, leerkracht, kanunnik, studiemeester, rector, taalkundige, katholiek priester | E2: http://commons.wikimedia.org/wiki/Special:FilePath/Jan%20Baptist%20David%20-%20lithograph%20by%20Louis%20Tuerlinckx.jpg
A3: Q55232762 | B3: Julius Obrie | C3: Persoon | D3: =VLOOKUP(B3,'Kopie van RawV3Q1'!F:G,2,false) -> academisch docent, magistraat, schrijver | E3: Geen afbeelding beschikbaar
A4: Q28973666 | B4: Lodewijk Roersch | C4: Persoon | D4: =VLOOKUP(B4,'Kopie van RawV3Q1'!F:G,2,false) -> academisch docent, leerkracht, filoloog | E4: Geen afbeelding beschikbaar
A5: Q13769746 | B5: Lodewijk Scharpé | C5: Persoon | D5: =VLOOKUP(B5,'Kopie van RawV3Q1'!F:G,2,false) -> academisch docent, professor, ambtenaar, politicus | E5: http://commons.wikimedia.org/wiki/Special:FilePath/GlasraamLodewijkScharpe.jpg
A6: Q51168899 | B6: Victor Lambrecht | C6: Persoon | D6: =VLOOKUP(B6,'Kopie van RawV3Q1'!F:G,2,false) -> activist, advocaat | E6: Geen afbeelding beschikbaar
A7: Q5580544 | B7: Adrianus Bogaers | C7: Persoon | D7: =VLOOKUP(B7,'Kopie van RawV3Q1'!F:G,2,false) -> advocaat, rechter, schrijver, dichter | E7: http://commons.wikimedia.org/wiki/Special:FilePath/Adrianus%20Bogaers.jpg
A8: Q115813025 | B8: Auguste de Laage de Bellefaye | C8: Persoon | D8: =VLOOKUP(B8,'Kopie van RawV3Q1'!F:G,2,false) -> advocaat | E8: Geen afbeelding beschikbaar
A9: Q56036023 | B9: Eugène Cortyl | C9: Persoon | D9: =VLOOKUP(B9,'Kopie van RawV3Q1'!F:G,2,false) -> advocaat | E9: Geen afbeelding beschikbaar
A10: Q15956 | B10: Frans Schollaert | C10: Persoon | D10: =VLOOKUP(B10,'Kopie van RawV3Q1'!F:G,2,false) -> advocaat, politicus | E10: http://commons.wikimedia.org/wiki/Special:FilePath/Frans%20Schollaert.jpg
A11: Q61506427 | B11: Joseph Herreboudt | C11: Persoon | D11: =VLOOKUP(B11,'Kopie van RawV3Q1'!F:G,2,false) -> advocaat, politicus | E11: Geen afbeelding beschikbaar
A12: Q721772 | B12: Jules Vandenpeereboom | C12: Persoon | D12: =VLOOKUP(B12,'Kopie van RawV3Q1'!F:G,2,false) -> advocaat, politicus | E12: http://commons.wikimedia.org/wiki/Special:FilePath/Jules%20van%20den%20Peereboom.jpg
A13: Q115818781 | B13: Leon Verwilghen | C13: Persoon | D13: =VLOOKUP(B13,'Kopie van RawV3Q1'!F:G,2,false) -> advocaat | E13: Geen afbeelding beschikbaar
... A615: Q116620896 | B615: Zulma De Bo | C615: Persoon | D615: =VLOOKUP(B615,'Kopie van RawV3Q1'!F:G,2,false) | E615: Geen afbeelding beschikbaar
A616: Q118369334 | B616: Sint-Jozefscollege Tielt | C616: Instituut | D616: Niet van toepassing
A617: Q118388831 | B617: Bisschoppelijk college Sint-Joseph | C617: Instituut | D617: Niet van toepassing
A618: Q1867263 | B618: Klein Seminarie Roeselare | C618: Instituut | D618: Niet van toepassing
A619: Q644789 | B619: Katholieke Universiteit te Leuven | C619: Instituut | D619: Niet van toepassing
A620: Q120693890 | B620: Congregatie van de Zusters van Liefde, Leuven | C620: Instituut | D620: Niet van toepassing
A621: Q13744144 | B621: Klein Seminarie | C621: Instituut | D621: Niet van toepassing
A622: Q1807289 | B622: Sint-Leocollege | C622: Instituut | D622: Niet van toepassing
A623: Q119702334 | B623: Confraternity of the Blessed Sacrament | C623: Instituut | D623: Niet van toepassing
A624: Q118369361 | B624: Bisschoppelijk Sint-Bernarduscollege Nieuwpoort | C624: Instituut | D624: Niet van toepassing
A625: Q2124530 | B625: Justus Lipsiuscollege | C625: Instituut | D625: Niet van toepassing
A626: Q15882061 | B626: Sint-Vincentiuscollege (Ieper) | C626: Instituut | D626: Niet van toepassing
A627: Q118369334 | B627: Sint-Jozefscollege Tielt | C627: Instituut | D627: Niet van toepassing
... A897: Q120330461 | B897: Congregatie van de Zusters van de Heilige Jozef, Oostende | C897: Instituut | D897: Niet van toepassing

Sheet Edges
A1: Source | B1: Target | C1: Type | D1: Weight | E1: Relatie Type
A2: Q100534520 | B2: Q1867263 | C2: Undirected | D2: 1 | E2: Onderwijsinstelling
A3: Q100534520 | B3: Q644789 | C3: Undirected | D3: 1 | E3: Onderwijsinstelling
A4: Q101627274 | B4: Q2985460 | C4: Undirected | D4: 1 | E4: Lid van
A5: Q101627274 | B5: Q119853947 | C5: Undirected | D5: 1 | E5: Werkgever
A6: Q101627274 | B6: Q118369334 | C6: Undirected | D6: 1 | E6: Werkgever
A7: Q110039159 | B7: Q118369334 | C7: Undirected | D7: 1 | E7: Onderwijsinstelling
A8: Q110039159 | B8: Q1867263 | C8: Undirected | D8: 1 | E8: Onderwijsinstelling
A9: Q110039159 | B9: Q2663876 | C9: Undirected | D9: 1 | E9: Werkgever
A10: Q110039159 | B10: Q2479554 | C10: Undirected | D10: 1 | E10: Onderwijsinstelling
A11: Q110039159 | B11: Q113951185 | C11: Undirected | D11: 1 | E11: Lid van
A12: Q110039159 | B12: Q644789 | C12: Undirected | D12: 1 | E12: Onderwijsinstelling
A13: Q110039159 | B13: Q50492927 | C13: Undirected | D13: 1 | E13: Lid van
... A977: Q98322098 | B977: Q2663876 | C977: Undirected | D977: 1 | E977: Werkgever
