Workbook

Sheet V5Q1
A1: source | B1: sourceLabel | C1: target | D1: targetLabel | E1: richtingBeschrijving | F1: rolLabel | G1: start | H1: eind | I1: punt
A2: http://www.wikidata.org/entity/Q119454376 | B2: t Daghet in den Oosten | C2: http://www.wikidata.org/entity/Q336977 | D2: Guido Gezelle | E2: Correspondent (Zender) → Guido (Ontvanger) | F2: medewerker
A3: http://www.wikidata.org/entity/Q115818424 | B3: Achiel Piepers | C3: http://www.wikidata.org/entity/Q336977 | D3: Guido Gezelle | E3: Correspondent (Zender) → Guido (Ontvanger) | F3: correspondent | I3: 1889-11-06T00:00:00Z
A4: http://www.wikidata.org/entity/Q119013873 | B4: Achiel Van de Putte | C4: http://www.wikidata.org/entity/Q336977 | D4: Guido Gezelle | E4: Correspondent (Zender) → Guido (Ontvanger) | F4: correspondent | I4: 1892-05-15T00:00:00Z
A5: http://www.wikidata.org/entity/Q119217729 | B5: Achille Croquison | C5: http://www.wikidata.org/entity/Q336977 | D5: Guido Gezelle | E5: Correspondent (Zender) → Guido (Ontvanger) | F5: correspondent | I5: 1893-10-13T00:00:00Z
A6: http://www.wikidata.org/entity/Q113754119 | B6: Adolf De Wolf | C6: http://www.wikidata.org/entity/Q336977 | D6: Guido Gezelle | E6: Correspondent (Zender) → Guido (Ontvanger) | F6: correspondent | G6: 1886-06-01T00:00:00Z | H6: 1898-01-01T00:00:00Z
A7: http://www.wikidata.org/entity/Q2524668 | B7: Adolf Duclos | C7: http://www.wikidata.org/entity/Q2491266 | D7: Johan Winkler | E7: Onderlinge Correspondentie (Source → Target) | F7: correspondent
A8: http://www.wikidata.org/entity/Q2524668 | B8: Adolf Duclos | C8: http://www.wikidata.org/entity/Q120729190 | D8: Camiel-Hector Marichal | E8: Onderlinge Correspondentie (Source → Target) | F8: correspondent
A9: http://www.wikidata.org/entity/Q2524668 | B9: Adolf Duclos | C9: http://www.wikidata.org/entity/Q115820195 | D9: Joseph Axters | E9: Onderlinge Correspondentie (Source → Target) | F9: correspondent | I9: 1889-12-02T00:00:00Z
A10: http://www.wikidata.org/entity/Q2524668 | B10: Adolf Duclos | C10: http://www.wikidata.org/entity/Q110039178 | D10: Pieter Baes | E10: Onderlinge Correspondentie (Source → Target) | F10: correspondent | G10: 1879-05-01T00:00:00Z
A11: http://www.wikidata.org/entity/Q2524668 | B11: Adolf Duclos | C11: http://www.wikidata.org/entity/Q2298746 | D11: Aloïs Walgrave | E11: Onderlinge Correspondentie (Source → Target) | F11: correspondent
A12: http://www.wikidata.org/entity/Q2524668 | B12: Adolf Duclos | C12: http://www.wikidata.org/entity/Q2361397 | D12: Frans De Cort | E12: Onderlinge Correspondentie (Source → Target) | F12: correspondent
A13: http://www.wikidata.org/entity/Q2524668 | B13: Adolf Duclos | C13: http://www.wikidata.org/entity/Q120900509 | D13: Emile Florimond Herman Van Biervliet | E13: Onderlinge Correspondentie (Source → Target) | F13: correspondent
A14: http://www.wikidata.org/entity/Q2524668 | B14: Adolf Duclos | C14: http://www.wikidata.org/entity/Q120733873 | D14: Johannes-Désiré Minnaert | E14: Onderlinge Correspondentie (Source → Target) | F14: correspondent
A15: http://www.wikidata.org/entity/Q2524668 | B15: Adolf Duclos | C15: http://www.wikidata.org/entity/Q115815004 | D15: Hendrik Mortier | E15: Onderlinge Correspondentie (Source → Target) | F15: correspondent
A16: http://www.wikidata.org/entity/Q2524668 | B16: Adolf Duclos | C16: http://www.wikidata.org/entity/Q2546317 | D16: Eugeen van Oye | E16: Onderlinge Correspondentie (Source → Target) | F16: correspondent
A17: http://www.wikidata.org/entity/Q2524668 | B17: Adolf Duclos | C17: http://www.wikidata.org/entity/Q336977 | D17: Guido Gezelle | E17: Correspondent (Zender) → Guido (Ontvanger) | F17: correspondent | G17: 1867-12-01T00:00:00Z | H17: 1885-11-27T00:00:00Z
A18: http://www.wikidata.org/entity/Q2524668 | B18: Adolf Duclos | C18: http://www.wikidata.org/entity/Q13575404 | D18: Edward Van Even | E18: Onderlinge Correspondentie (Source → Target) | F18: correspondent
A19: http://www.wikidata.org/entity/Q2524668 | B19: Adolf Duclos | C19: http://www.wikidata.org/entity/Q115811334 | D19: Joseph Samyn | E19: Onderlinge Correspondentie (Source → Target) | F19: correspondent
A20: http://www.wikidata.org/entity/Q2524668 | B20: Adolf Duclos | C20: http://www.wikidata.org/entity/Q2542423 | D20: Karel de Gheldere | E20: Onderlinge Correspondentie (Source → Target) | F20: correspondent
A21: http://www.wikidata.org/entity/Q2524668 | B21: Adolf Duclos | C21: http://www.wikidata.org/entity/Q1978794 | D21: Joseph Alberdingk Thijm | E21: Onderlinge Correspondentie (Source → Target) | F21: correspondent
A22: http://www.wikidata.org/entity/Q2524668 | B22: Adolf Duclos | C22: http://www.wikidata.org/entity/Q2099446 | D22: Amaat Joos | E22: Onderlinge Correspondentie (Source → Target) | F22: correspondent
A23: http://www.wikidata.org/entity/Q2524668 | B23: Adolf Duclos | C23: http://www.wikidata.org/entity/Q110039361 | D23: Polydoor Dionysius Daniëls | E23: Onderlinge Correspondentie (Source → Target) | F23: correspondent
A24: http://www.wikidata.org/entity/Q2524668 | B24: Adolf Duclos | C24: http://www.wikidata.org/entity/Q62080181 | D24: Ernest Rembry | E24: Onderlinge Correspondentie (Source → Target) | F24: correspondent
A25: http://www.wikidata.org/entity/Q2524668 | B25: Adolf Duclos | C25: http://www.wikidata.org/entity/Q2617184 | D25: Karel De Flou | E25: Onderlinge Correspondentie (Source → Target) | F25: correspondent
A26: http://www.wikidata.org/entity/Q2524668 | B26: Adolf Duclos | C26: http://www.wikidata.org/entity/Q329468 | D26: Jan Nolet de Brauwere van Steeland | E26: Onderlinge Correspondentie (Source → Target) | F26: correspondent | G26: 1884-03-10T00:00:00Z | H26: 1884-08-20T00:00:00Z
A27: http://www.wikidata.org/entity/Q2524668 | B27: Adolf Duclos | C27: http://www.wikidata.org/entity/Q1920135 | D27: Jan Bols | E27: Onderlinge Correspondentie (Source → Target) | F27: correspondent
A28: http://www.wikidata.org/entity/Q2524668 | B28: Adolf Duclos | C28: http://www.wikidata.org/entity/Q56036067 | D28: Lodewijk Willem Schuermans | E28: Onderlinge Correspondentie (Source → Target) | F28: correspondent
A29: http://www.wikidata.org/entity/Q2524668 | B29: Adolf Duclos | C29: http://www.wikidata.org/entity/Q784390 | D29: Paul Alberdingk Thijm | E29: Onderlinge Correspondentie (Source → Target) | F29: correspondent | G29: 1889-02-08T00:00:00Z | H29: 1891-01-29T00:00:00Z
A30: http://www.wikidata.org/entity/Q2524668 | B30: Adolf Duclos | C30: http://www.wikidata.org/entity/Q2496044 | D30: Gustave Henri Flamen | E30: Onderlinge Correspondentie (Source → Target) | F30: correspondent
A31: http://www.wikidata.org/entity/Q43140929 | B31: Adolf Pauwels | C31: http://www.wikidata.org/entity/Q336977 | D31: Guido Gezelle | E31: Correspondent (Zender) → Guido (Ontvanger) | F31: correspondent | I31: 1884-05-24T00:00:00Z
A32: http://www.wikidata.org/entity/Q100534520 | B32: Adolf Verriest | C32: http://www.wikidata.org/entity/Q336977 | D32: Guido Gezelle | E32: Correspondent (Zender) → Guido (Ontvanger) | F32: correspondent | H32: 1872-11-09T00:00:00Z
A33: http://www.wikidata.org/entity/Q100534520 | B33: Adolf Verriest | C33: http://www.wikidata.org/entity/Q784390 | D33: Paul Alberdingk Thijm | E33: Onderlinge Correspondentie (Source → Target) | F33: correspondent | I33: 1886-09-30T00:00:00Z
A34: http://www.wikidata.org/entity/Q100534520 | B34: Adolf Verriest | C34: http://www.wikidata.org/entity/Q336977 | D34: Guido Gezelle | E34: Correspondent (Zender) → Guido (Ontvanger) | F34: vriend
A35: http://www.wikidata.org/entity/Q136793932 | B35: Adèle Serweytens | C35: http://www.wikidata.org/entity/Q336977 | D35: Guido Gezelle | E35: Correspondent (Zender) → Guido (Ontvanger) | F35: bekende
A36: http://www.wikidata.org/entity/Q116687284 | B36: Agnes Mary Christophers | C36: http://www.wikidata.org/entity/Q336977 | D36: Guido Gezelle | E36: Correspondent (Zender) → Guido (Ontvanger) | F36: correspondent | I36: 1857-09-01T00:00:00Z
A37: http://www.wikidata.org/entity/Q118772822 | B37: Albert Aimé Marie Vandewalle | C37: http://www.wikidata.org/entity/Q336977 | D37: Guido Gezelle | E37: Correspondent (Zender) → Guido (Ontvanger) | F37: correspondent | I37: 1895-01-01T00:00:00Z
A38: http://www.wikidata.org/entity/Q586323 | B38: Albert Verwey | C38: http://www.wikidata.org/entity/Q981444 | D38: Hugo Verriest | E38: Onderlinge Correspondentie (Source → Target) | F38: correspondent
A39: http://www.wikidata.org/entity/Q586323 | B39: Albert Verwey | C39: http://www.wikidata.org/entity/Q336977 | D39: Guido Gezelle | E39: Correspondent (Zender) → Guido (Ontvanger) | F39: correspondent | I39: 1899-01-05T00:00:00Z
A40: http://www.wikidata.org/entity/Q2832059 | B40: Albéric Emmanuel Henri Marie Ghislain Ruzette | C40: http://www.wikidata.org/entity/Q336977 | D40: Guido Gezelle | E40: Correspondent (Zender) → Guido (Ontvanger) | F40: correspondent
A41: http://www.wikidata.org/entity/Q115811921 | B41: Alexandre Berghman | C41: http://www.wikidata.org/entity/Q336977 | D41: Guido Gezelle | E41: Correspondent (Zender) → Guido (Ontvanger) | F41: bekende
A42: http://www.wikidata.org/entity/Q115811921 | B42: Alexandre Berghman | C42: http://www.wikidata.org/entity/Q62080181 | D42: Ernest Rembry | E42: Onderlinge Correspondentie (Source → Target) | F42: bekende
A43: http://www.wikidata.org/entity/Q56036018 | B43: Alexandre Bonvarlet | C43: http://www.wikidata.org/entity/Q336977 | D43: Guido Gezelle | E43: Correspondent (Zender) → Guido (Ontvanger) | F43: correspondent | G43: 1885-12-02T00:00:00Z | H43: 1891-10-30T00:00:00Z
A44: http://www.wikidata.org/entity/Q118142378 | B44: Alfons Bouckaert | C44: http://www.wikidata.org/entity/Q336977 | D44: Guido Gezelle | E44: Correspondent (Zender) → Guido (Ontvanger) | F44: correspondent | G44: 1895-11-15T00:00:00Z | H44: 1896-01-28T00:00:00Z
A45: http://www.wikidata.org/entity/Q110039191 | B45: Alfons Dassonville | C45: http://www.wikidata.org/entity/Q336977 | D45: Guido Gezelle | E45: Correspondent (Zender) → Guido (Ontvanger) | F45: correspondent | I45: 1896-01-24T00:00:00Z
A46: http://www.wikidata.org/entity/Q2100582 | B46: Alfons De Cock | C46: http://www.wikidata.org/entity/Q336977 | D46: Guido Gezelle | E46: Correspondent (Zender) → Guido (Ontvanger) | F46: correspondent | G46: 1895-04-24T00:00:00Z | H46: 1897-07-01T00:00:00Z
A47: http://www.wikidata.org/entity/Q2638823 | B47: Alfons Janssens | C47: http://www.wikidata.org/entity/Q113466955 | D47: Cordelia Van de Wiele | E47: Onderlinge Correspondentie (Source → Target) | F47: correspondent | I47: 1888-03-01T00:00:00Z
A48: http://www.wikidata.org/entity/Q2638823 | B48: Alfons Janssens | C48: http://www.wikidata.org/entity/Q336977 | D48: Guido Gezelle | E48: Correspondent (Zender) → Guido (Ontvanger) | F48: correspondent | G48: 1885-09-01T00:00:00Z | H48: 1892-04-01T00:00:00Z
A49: http://www.wikidata.org/entity/Q56036059 | B49: Alfons Maria Napoleon Prayon-van Zuylen van Nyevelt | C49: http://www.wikidata.org/entity/Q336977 | D49: Guido Gezelle | E49: Correspondent (Zender) → Guido (Ontvanger) | F49: correspondent | I49: 1888-12-21T00:00:00Z
A50: http://www.wikidata.org/entity/Q2539969 | B50: Alfons Siffer | C50: http://www.wikidata.org/entity/Q336977 | D50: Guido Gezelle | E50: Correspondent (Zender) → Guido (Ontvanger) | F50: correspondent
A51: http://www.wikidata.org/entity/Q119621396 | B51: Alfons Steinmetz | C51: http://www.wikidata.org/entity/Q336977 | D51: Guido Gezelle | E51: Correspondent (Zender) → Guido (Ontvanger) | F51: vriend
A52: http://www.wikidata.org/entity/Q2050293 | B52: Alfons Van Hee | C52: http://www.wikidata.org/entity/Q4722117 | D52: Adolf Lootens | E52: Onderlinge Correspondentie (Source → Target) | F52: correspondent | I52: 1876-01-01T00:00:00Z
A53: http://www.wikidata.org/entity/Q2050293 | B53: Alfons Van Hee | C53: http://www.wikidata.org/entity/Q336977 | D53: Guido Gezelle | E53: Correspondent (Zender) → Guido (Ontvanger) | F53: correspondent | G53: 1878-11-09T00:00:00Z | H53: 1898-03-27T00:00:00Z
A54: http://www.wikidata.org/entity/Q2050293 | B54: Alfons Van Hee | C54: http://www.wikidata.org/entity/Q110039178 | D54: Pieter Baes | E54: Onderlinge Correspondentie (Source → Target) | F54: correspondent | G54: 1886-10-10T00:00:00Z
A55: http://www.wikidata.org/entity/Q2050293 | B55: Alfons Van Hee | C55: http://www.wikidata.org/entity/Q136759863 | D55: Carolus Philippus Joannes Marie Josephus de Patin de Langemarck | E55: Onderlinge Correspondentie (Source → Target) | F55: bekende
A56: http://www.wikidata.org/entity/Q26845752 | B56: Alfred Guichon de Grandpont | C56: http://www.wikidata.org/entity/Q336977 | D56: Guido Gezelle | E56: Correspondent (Zender) → Guido (Ontvanger) | F56: correspondent | I56: 1896-02-02T00:00:00Z
A57: http://www.wikidata.org/entity/Q115979418 | B57: Aloysius Vandemaele | C57: http://www.wikidata.org/entity/Q336977 | D57: Guido Gezelle | E57: Correspondent (Zender) → Guido (Ontvanger) | F57: correspondent | G57: 1850-12-15T00:00:00Z | H57: 1890-06-09T00:00:00Z
A58: http://www.wikidata.org/entity/Q2580620 | B58: Aloïs Nelis | C58: http://www.wikidata.org/entity/Q336977 | D58: Guido Gezelle | E58: Correspondent (Zender) → Guido (Ontvanger) | F58: correspondent | I58: 1889-03-01T00:00:00Z
A59: http://www.wikidata.org/entity/Q2580620 | B59: Aloïs Nelis | C59: http://www.wikidata.org/entity/Q2683882 | D59: Charles August Verschelde | E59: Onderlinge Correspondentie (Source → Target) | F59: vriend
A60: http://www.wikidata.org/entity/Q2580620 | B60: Aloïs Nelis | C60: http://www.wikidata.org/entity/Q2524668 | D60: Adolf Duclos | E60: Onderlinge Correspondentie (Source → Target) | F60: vriend
A61: http://www.wikidata.org/entity/Q2580620 | B61: Aloïs Nelis | C61: http://www.wikidata.org/entity/Q2134167 | D61: Louis Gilliodts | E61: Onderlinge Correspondentie (Source → Target) | F61: vriend
A62: http://www.wikidata.org/entity/Q2580620 | B62: Aloïs Nelis | C62: http://www.wikidata.org/entity/Q2360914 | D62: Edward Gailliard | E62: Onderlinge Correspondentie (Source → Target) | F62: vriend
A63: http://www.wikidata.org/entity/Q2298746 | B63: Aloïs Walgrave | C63: http://www.wikidata.org/entity/Q764378 | D63: August Vermeylen | E63: Onderlinge Correspondentie (Source → Target) | F63: correspondent | G63: 1927-11-23T00:00:00Z | H63: 1929-03-17T00:00:00Z
A64: http://www.wikidata.org/entity/Q2298746 | B64: Aloïs Walgrave | C64: http://www.wikidata.org/entity/Q336977 | D64: Guido Gezelle | E64: Correspondent (Zender) → Guido (Ontvanger) | F64: correspondent | G64: 1898-12-23T00:00:00Z | H64: 1899-01-01T00:00:00Z
A65: http://www.wikidata.org/entity/Q2298746 | B65: Aloïs Walgrave | C65: http://www.wikidata.org/entity/Q2546317 | D65: Eugeen van Oye | E65: Onderlinge Correspondentie (Source → Target) | F65: correspondent | I65: 1922-07-29T00:00:00Z
A66: http://www.wikidata.org/entity/Q2298746 | B66: Aloïs Walgrave | C66: http://www.wikidata.org/entity/Q981444 | D66: Hugo Verriest | E66: Onderlinge Correspondentie (Source → Target) | F66: correspondent | I66: 1911-01-01T00:00:00Z
A67: http://www.wikidata.org/entity/Q2298746 | B67: Aloïs Walgrave | C67: http://www.wikidata.org/entity/Q2677198 | D67: Jules Lagae | E67: Onderlinge Correspondentie (Source → Target) | F67: correspondent
A68: http://www.wikidata.org/entity/Q2298746 | B68: Aloïs Walgrave | C68: http://www.wikidata.org/entity/Q113627806 | D68: Hendrik Karel Van Doorne | E68: Onderlinge Correspondentie (Source → Target) | F68: correspondent | G68: 1912-01-19T00:00:00Z | H68: 1912-09-09T00:00:00Z
A69: http://www.wikidata.org/entity/Q2298746 | B69: Aloïs Walgrave | C69: http://www.wikidata.org/entity/Q115806479 | D69: Jules Joye | E69: Onderlinge Correspondentie (Source → Target) | F69: correspondent
A70: http://www.wikidata.org/entity/Q2298746 | B70: Aloïs Walgrave | C70: http://www.wikidata.org/entity/Q115814290 | D70: Aimé Erneste Marie Dierick | E70: Onderlinge Correspondentie (Source → Target) | F70: correspondent | I70: 1930-06-01T00:00:00Z
A71: http://www.wikidata.org/entity/Q2450554 | B71: Alphonse De Leyn | C71: http://www.wikidata.org/entity/Q336977 | D71: Guido Gezelle | E71: Correspondent (Zender) → Guido (Ontvanger) | F71: correspondent | G71: 1890-07-17T00:00:00Z | H71: 1895-10-07T00:00:00Z
A72: http://www.wikidata.org/entity/Q2099446 | B72: Amaat Joos | C72: http://www.wikidata.org/entity/Q336977 | D72: Guido Gezelle | E72: Correspondent (Zender) → Guido (Ontvanger) | F72: correspondent | G72: 1897-05-27T00:00:00Z | H72: 1897-08-26T00:00:00Z
A73: http://www.wikidata.org/entity/Q3421496 | B73: Amaat Vyncke | C73: http://www.wikidata.org/entity/Q336977 | D73: Guido Gezelle | E73: Correspondent (Zender) → Guido (Ontvanger) | F73: correspondent | G73: 1880-05-14T00:00:00Z | H73: 1883-01-01T00:00:00Z
A74: http://www.wikidata.org/entity/Q3421496 | B74: Amaat Vyncke | C74: http://www.wikidata.org/entity/Q981444 | D74: Hugo Verriest | E74: Onderlinge Correspondentie (Source → Target) | F74: vriend
A75: http://www.wikidata.org/entity/Q970036 | B75: Amand Neut | C75: http://www.wikidata.org/entity/Q336977 | D75: Guido Gezelle | E75: Correspondent (Zender) → Guido (Ontvanger) | F75: correspondent | I75: 1892-08-12T00:00:00Z
A76: http://www.wikidata.org/entity/Q2481707 | B76: Amand de Vos | C76: http://www.wikidata.org/entity/Q336977 | D76: Guido Gezelle | E76: Correspondent (Zender) → Guido (Ontvanger) | F76: correspondent | G76: 1886-12-03T00:00:00Z | H76: 1889-12-23T00:00:00Z
A77: http://www.wikidata.org/entity/Q124619468 | B77: Amelia Vander Stichele | C77: http://www.wikidata.org/entity/Q336977 | D77: Guido Gezelle | E77: Correspondent (Zender) → Guido (Ontvanger) | F77: correspondent
A78: http://www.wikidata.org/entity/Q1280942 | B78: Amédée Visart de Bocarmé | C78: http://www.wikidata.org/entity/Q2580620 | D78: Aloïs Nelis | E78: Onderlinge Correspondentie (Source → Target) | F78: correspondent | I78: 1886-11-11T00:00:00Z
A79: http://www.wikidata.org/entity/Q1280942 | B79: Amédée Visart de Bocarmé | C79: http://www.wikidata.org/entity/Q2360914 | D79: Edward Gailliard | E79: Onderlinge Correspondentie (Source → Target) | F79: correspondent | I79: 1886-11-11T00:00:00Z
A80: http://www.wikidata.org/entity/Q1280942 | B80: Amédée Visart de Bocarmé | C80: http://www.wikidata.org/entity/Q57197744 | D80: Eugeen-Karel Van Steenkiste | E80: Onderlinge Correspondentie (Source → Target) | F80: correspondent | I80: 1886-11-11T00:00:00Z
A81: http://www.wikidata.org/entity/Q1280942 | B81: Amédée Visart de Bocarmé | C81: http://www.wikidata.org/entity/Q336977 | D81: Guido Gezelle | E81: Correspondent (Zender) → Guido (Ontvanger) | F81: correspondent | G81: 1886-10-15T00:00:00Z | H81: 1899-05-25T00:00:00Z
A82: http://www.wikidata.org/entity/Q119039774 | B82: Andries J. Winkler | C82: http://www.wikidata.org/entity/Q336977 | D82: Guido Gezelle | E82: Correspondent (Zender) → Guido (Ontvanger) | F82: correspondent | I82: 1898-10-10T00:00:00Z
A83: http://www.wikidata.org/entity/Q13429634 | B83: Angelus August Eugeen Angillis | C83: http://www.wikidata.org/entity/Q336977 | D83: Guido Gezelle | E83: Correspondent (Zender) → Guido (Ontvanger) | F83: klasgenoot
A84: http://www.wikidata.org/entity/Q129255433 | B84: Ann Mary Eyre | C84: http://www.wikidata.org/entity/Q336977 | D84: Guido Gezelle | E84: Correspondent (Zender) → Guido (Ontvanger) | F84: bekende
A85: http://www.wikidata.org/entity/Q116656531 | B85: Anna Demets | C85: http://www.wikidata.org/entity/Q336977 | D85: Guido Gezelle | E85: Correspondent (Zender) → Guido (Ontvanger) | F85: correspondent
A86: http://www.wikidata.org/entity/Q116508558 | B86: Anne Hill | C86: http://www.wikidata.org/entity/Q118725738 | D86: Georges William Gadd | E86: Onderlinge Correspondentie (Source → Target) | F86: correspondent
A87: http://www.wikidata.org/entity/Q116508558 | B87: Anne Hill | C87: http://www.wikidata.org/entity/Q336977 | D87: Guido Gezelle | E87: Correspondent (Zender) → Guido (Ontvanger) | F87: correspondent | G87: 1857-06-15T00:00:00Z | H87: 1863-11-30T00:00:00Z
A88: http://www.wikidata.org/entity/Q115830433 | B88: Antoine Wemaer | C88: http://www.wikidata.org/entity/Q336977 | D88: Guido Gezelle | E88: Correspondent (Zender) → Guido (Ontvanger) | F88: correspondent | G88: 1856-01-10T00:00:00Z | H88: 1874-03-28T00:00:00Z
A89: http://www.wikidata.org/entity/Q115830433 | B89: Antoine Wemaer | C89: http://www.wikidata.org/entity/Q2619202 | D89: Leopold Slosse | E89: Onderlinge Correspondentie (Source → Target) | F89: correspondent
A90: http://www.wikidata.org/entity/Q2360599 | B90: Antoon Jozef Witteryck | C90: http://www.wikidata.org/entity/Q336977 | D90: Guido Gezelle | E90: Correspondent (Zender) → Guido (Ontvanger) | F90: correspondent | I90: 1885-12-24T00:00:00Z
A91: http://www.wikidata.org/entity/Q115979140 | B91: Arsenius Dehulster | C91: http://www.wikidata.org/entity/Q336977 | D91: Guido Gezelle | E91: Correspondent (Zender) → Guido (Ontvanger) | F91: correspondent | G91: 1883-01-16T00:00:00Z | H91: 1886-09-23T00:00:00Z
A92: http://www.wikidata.org/entity/Q3450211 | B92: Arthur De Schrevel | C92: http://www.wikidata.org/entity/Q336977 | D92: Guido Gezelle | E92: Correspondent (Zender) → Guido (Ontvanger) | F92: correspondent | G92: 1891-02-05T00:00:00Z | H92: 1896-09-30T00:00:00Z
A93: http://www.wikidata.org/entity/Q115818861 | B93: Arthur Lewylle | C93: http://www.wikidata.org/entity/Q336977 | D93: Guido Gezelle | E93: Correspondent (Zender) → Guido (Ontvanger) | F93: correspondent | G93: 1884-12-10T00:00:00Z | H93: 1885-01-01T00:00:00Z
A94: http://www.wikidata.org/entity/Q2215154 | B94: August Cuppens | C94: http://www.wikidata.org/entity/Q336977 | D94: Guido Gezelle | E94: Correspondent (Zender) → Guido (Ontvanger) | F94: correspondent | G94: 1883-01-01T00:00:00Z | H94: 1886-01-01T00:00:00Z
A95: http://www.wikidata.org/entity/Q2215154 | B95: August Cuppens | C95: http://www.wikidata.org/entity/Q981444 | D95: Hugo Verriest | E95: Onderlinge Correspondentie (Source → Target) | F95: vriend
A96: http://www.wikidata.org/entity/Q115818168 | B96: August Hoflack | C96: http://www.wikidata.org/entity/Q336977 | D96: Guido Gezelle | E96: Correspondent (Zender) → Guido (Ontvanger) | F96: correspondent | G96: 1891-03-04T00:00:00Z | H96: 1897-03-03T00:00:00Z
A97: http://www.wikidata.org/entity/Q115839088 | B97: August Laporta | C97: http://www.wikidata.org/entity/Q336977 | D97: Guido Gezelle | E97: Correspondent (Zender) → Guido (Ontvanger) | F97: correspondent | G97: 1884-10-22T00:00:00Z | H97: 1886-12-01T00:00:00Z
A98: http://www.wikidata.org/entity/Q764378 | B98: August Vermeylen | C98: http://www.wikidata.org/entity/Q336977 | D98: Guido Gezelle | E98: Correspondent (Zender) → Guido (Ontvanger) | F98: correspondent | G98: 1896-03-30T00:00:00Z | H98: 1897-06-03T00:00:00Z
A99: http://www.wikidata.org/entity/Q125535110 | B99: August William McDonogh | C99: http://www.wikidata.org/entity/Q336977 | D99: Guido Gezelle | E99: Correspondent (Zender) → Guido (Ontvanger) | F99: correspondent | I99: 1856-01-01T00:00:00Z
A100: http://www.wikidata.org/entity/Q2059291 | B100: Auguste Reyns | C100: http://www.wikidata.org/entity/Q336977 | D100: Guido Gezelle | E100: Correspondent (Zender) → Guido (Ontvanger) | F100: correspondent | I100: 1896-07-17T00:00:00Z
...

Sheet Kopie van V5Q1
A1: source | B1: sourceLabel | C1: target | D1: targetLabel | E1: richtingBeschrijving | F1: rolLabel | G1: start | H1: Startyear | I1: startYearValue | J1: eind | K1: Endyear | L1: EndyearValue | M1: punt | N1: Pointyear | O1: PointYearValue | P1: FinalStartyear | Q1: FinalEndYear
A2: http://www.wikidata.org/entity/Q119454376 | B2: t Daghet in den Oosten | C2: http://www.wikidata.org/entity/Q336977 | D2: Guido Gezelle | E2: Correspondent (Zender) → Guido (Ontvanger) | F2: medewerker | H2: =IFERROR(LEFT(G2, 4), "") | K2: =IFERROR(LEFT(J2, 4), "") | N2: =IFERROR(LEFT(M2, 4), "") | P2: =IF(I2="", O2, I2) | Q2: =IF(L2="", O2, L2)
A3: http://www.wikidata.org/entity/Q115818424 | B3: Achiel Piepers | C3: http://www.wikidata.org/entity/Q336977 | D3: Guido Gezelle | E3: Correspondent (Zender) → Guido (Ontvanger) | F3: correspondent | H3: =IFERROR(LEFT(G3, 4), "") | K3: =IFERROR(LEFT(J3, 4), "") | M3: 1889-11-06T00:00:00Z | N3: =IFERROR(LEFT(M3, 4), "") -> 1889 | O3: 1889 | P3: =IF(I3="", O3, I3) -> 1889 | Q3: =IF(L3="", O3, L3) -> 1889
A4: http://www.wikidata.org/entity/Q119013873 | B4: Achiel Van de Putte | C4: http://www.wikidata.org/entity/Q336977 | D4: Guido Gezelle | E4: Correspondent (Zender) → Guido (Ontvanger) | F4: correspondent | H4: =IFERROR(LEFT(G4, 4), "") | K4: =IFERROR(LEFT(J4, 4), "") | M4: 1892-05-15T00:00:00Z | N4: =IFERROR(LEFT(M4, 4), "") -> 1892 | O4: 1892 | P4: =IF(I4="", O4, I4) -> 1892 | Q4: =IF(L4="", O4, L4) -> 1892
A5: http://www.wikidata.org/entity/Q119217729 | B5: Achille Croquison | C5: http://www.wikidata.org/entity/Q336977 | D5: Guido Gezelle | E5: Correspondent (Zender) → Guido (Ontvanger) | F5: correspondent | H5: =IFERROR(LEFT(G5, 4), "") | K5: =IFERROR(LEFT(J5, 4), "") | M5: 1893-10-13T00:00:00Z | N5: =IFERROR(LEFT(M5, 4), "") -> 1893 | O5: 1893 | P5: =IF(I5="", O5, I5) -> 1893 | Q5: =IF(L5="", O5, L5) -> 1893
A6: http://www.wikidata.org/entity/Q113754119 | B6: Adolf De Wolf | C6: http://www.wikidata.org/entity/Q336977 | D6: Guido Gezelle | E6: Correspondent (Zender) → Guido (Ontvanger) | F6: correspondent | G6: 1886-06-01T00:00:00Z | H6: =IFERROR(LEFT(G6, 4), "") -> 1886 | I6: 1886 | J6: 1898-01-01T00:00:00Z | K6: =IFERROR(LEFT(J6, 4), "") -> 1898 | L6: 1898 | N6: =IFERROR(LEFT(M6, 4), "") | P6: =IF(I6="", O6, I6) -> 1886 | Q6: =IF(L6="", O6, L6) -> 1898
A7: http://www.wikidata.org/entity/Q2524668 | B7: Adolf Duclos | C7: http://www.wikidata.org/entity/Q2491266 | D7: Johan Winkler | E7: Onderlinge Correspondentie (Source → Target) | F7: correspondent | H7: =IFERROR(LEFT(G7, 4), "") | K7: =IFERROR(LEFT(J7, 4), "") | N7: =IFERROR(LEFT(M7, 4), "") | P7: =IF(I7="", O7, I7) | Q7: =IF(L7="", O7, L7)
A8: http://www.wikidata.org/entity/Q2524668 | B8: Adolf Duclos | C8: http://www.wikidata.org/entity/Q120729190 | D8: Camiel-Hector Marichal | E8: Onderlinge Correspondentie (Source → Target) | F8: correspondent | H8: =IFERROR(LEFT(G8, 4), "") | K8: =IFERROR(LEFT(J8, 4), "") | N8: =IFERROR(LEFT(M8, 4), "") | P8: =IF(I8="", O8, I8) | Q8: =IF(L8="", O8, L8)
A9: http://www.wikidata.org/entity/Q2524668 | B9: Adolf Duclos | C9: http://www.wikidata.org/entity/Q115820195 | D9: Joseph Axters | E9: Onderlinge Correspondentie (Source → Target) | F9: correspondent | H9: =IFERROR(LEFT(G9, 4), "") | K9: =IFERROR(LEFT(J9, 4), "") | M9: 1889-12-02T00:00:00Z | N9: =IFERROR(LEFT(M9, 4), "") -> 1889 | O9: 1889 | P9: =IF(I9="", O9, I9) -> 1889 | Q9: =IF(L9="", O9, L9) -> 1889
A10: http://www.wikidata.org/entity/Q2524668 | B10: Adolf Duclos | C10: http://www.wikidata.org/entity/Q110039178 | D10: Pieter Baes | E10: Onderlinge Correspondentie (Source → Target) | F10: correspondent | G10: 1879-05-01T00:00:00Z | H10: =IFERROR(LEFT(G10, 4), "") -> 1879 | I10: 1879 | K10: =IFERROR(LEFT(J10, 4), "") | N10: =IFERROR(LEFT(M10, 4), "") | P10: =IF(I10="", O10, I10) -> 1879 | Q10: =IF(L10="", O10, L10)
A11: http://www.wikidata.org/entity/Q2524668 | B11: Adolf Duclos | C11: http://www.wikidata.org/entity/Q2298746 | D11: Aloïs Walgrave | E11: Onderlinge Correspondentie (Source → Target) | F11: correspondent | H11: =IFERROR(LEFT(G11, 4), "") | K11: =IFERROR(LEFT(J11, 4), "") | N11: =IFERROR(LEFT(M11, 4), "") | P11: =IF(I11="", O11, I11) | Q11: =IF(L11="", O11, L11)
A12: http://www.wikidata.org/entity/Q2524668 | B12: Adolf Duclos | C12: http://www.wikidata.org/entity/Q2361397 | D12: Frans De Cort | E12: Onderlinge Correspondentie (Source → Target) | F12: correspondent | H12: =IFERROR(LEFT(G12, 4), "") | K12: =IFERROR(LEFT(J12, 4), "") | N12: =IFERROR(LEFT(M12, 4), "") | P12: =IF(I12="", O12, I12) | Q12: =IF(L12="", O12, L12)
A13: http://www.wikidata.org/entity/Q2524668 | B13: Adolf Duclos | C13: http://www.wikidata.org/entity/Q120900509 | D13: Emile Florimond Herman Van Biervliet | E13: Onderlinge Correspondentie (Source → Target) | F13: correspondent | H13: =IFERROR(LEFT(G13, 4), "") | K13: =IFERROR(LEFT(J13, 4), "") | N13: =IFERROR(LEFT(M13, 4), "") | P13: =IF(I13="", O13, I13) | Q13: =IF(L13="", O13, L13)
A14: http://www.wikidata.org/entity/Q2524668 | B14: Adolf Duclos | C14: http://www.wikidata.org/entity/Q120733873 | D14: Johannes-Désiré Minnaert | E14: Onderlinge Correspondentie (Source → Target) | F14: correspondent | H14: =IFERROR(LEFT(G14, 4), "") | K14: =IFERROR(LEFT(J14, 4), "") | N14: =IFERROR(LEFT(M14, 4), "") | P14: =IF(I14="", O14, I14) | Q14: =IF(L14="", O14, L14)
A15: http://www.wikidata.org/entity/Q2524668 | B15: Adolf Duclos | C15: http://www.wikidata.org/entity/Q115815004 | D15: Hendrik Mortier | E15: Onderlinge Correspondentie (Source → Target) | F15: correspondent | H15: =IFERROR(LEFT(G15, 4), "") | K15: =IFERROR(LEFT(J15, 4), "") | N15: =IFERROR(LEFT(M15, 4), "") | P15: =IF(I15="", O15, I15) | Q15: =IF(L15="", O15, L15)
A16: http://www.wikidata.org/entity/Q2524668 | B16: Adolf Duclos | C16: http://www.wikidata.org/entity/Q2546317 | D16: Eugeen van Oye | E16: Onderlinge Correspondentie (Source → Target) | F16: correspondent | H16: =IFERROR(LEFT(G16, 4), "") | K16: =IFERROR(LEFT(J16, 4), "") | N16: =IFERROR(LEFT(M16, 4), "") | P16: =IF(I16="", O16, I16) | Q16: =IF(L16="", O16, L16)
A17: http://www.wikidata.org/entity/Q2524668 | B17: Adolf Duclos | C17: http://www.wikidata.org/entity/Q336977 | D17: Guido Gezelle | E17: Correspondent (Zender) → Guido (Ontvanger) | F17: correspondent | G17: 1867-12-01T00:00:00Z | H17: =IFERROR(LEFT(G17, 4), "") -> 1867 | I17: 1867 | J17: 1885-11-27T00:00:00Z | K17: =IFERROR(LEFT(J17, 4), "") -> 1885 | L17: 1885 | N17: =IFERROR(LEFT(M17, 4), "") | P17: =IF(I17="", O17, I17) -> 1867 | Q17: =IF(L17="", O17, L17) -> 1885
A18: http://www.wikidata.org/entity/Q2524668 | B18: Adolf Duclos | C18: http://www.wikidata.org/entity/Q13575404 | D18: Edward Van Even | E18: Onderlinge Correspondentie (Source → Target) | F18: correspondent | H18: =IFERROR(LEFT(G18, 4), "") | K18: =IFERROR(LEFT(J18, 4), "") | N18: =IFERROR(LEFT(M18, 4), "") | P18: =IF(I18="", O18, I18) | Q18: =IF(L18="", O18, L18)
A19: http://www.wikidata.org/entity/Q2524668 | B19: Adolf Duclos | C19: http://www.wikidata.org/entity/Q115811334 | D19: Joseph Samyn | E19: Onderlinge Correspondentie (Source → Target) | F19: correspondent | H19: =IFERROR(LEFT(G19, 4), "") | K19: =IFERROR(LEFT(J19, 4), "") | N19: =IFERROR(LEFT(M19, 4), "") | P19: =IF(I19="", O19, I19) | Q19: =IF(L19="", O19, L19)
A20: http://www.wikidata.org/entity/Q2524668 | B20: Adolf Duclos | C20: http://www.wikidata.org/entity/Q2542423 | D20: Karel de Gheldere | E20: Onderlinge Correspondentie (Source → Target) | F20: correspondent | H20: =IFERROR(LEFT(G20, 4), "") | K20: =IFERROR(LEFT(J20, 4), "") | N20: =IFERROR(LEFT(M20, 4), "") | P20: =IF(I20="", O20, I20) | Q20: =IF(L20="", O20, L20)
A21: http://www.wikidata.org/entity/Q2524668 | B21: Adolf Duclos | C21: http://www.wikidata.org/entity/Q1978794 | D21: Joseph Alberdingk Thijm | E21: Onderlinge Correspondentie (Source → Target) | F21: correspondent | H21: =IFERROR(LEFT(G21, 4), "") | K21: =IFERROR(LEFT(J21, 4), "") | N21: =IFERROR(LEFT(M21, 4), "") | P21: =IF(I21="", O21, I21) | Q21: =IF(L21="", O21, L21)
A22: http://www.wikidata.org/entity/Q2524668 | B22: Adolf Duclos | C22: http://www.wikidata.org/entity/Q2099446 | D22: Amaat Joos | E22: Onderlinge Correspondentie (Source → Target) | F22: correspondent | H22: =IFERROR(LEFT(G22, 4), "") | K22: =IFERROR(LEFT(J22, 4), "") | N22: =IFERROR(LEFT(M22, 4), "") | P22: =IF(I22="", O22, I22) | Q22: =IF(L22="", O22, L22)
A23: http://www.wikidata.org/entity/Q2524668 | B23: Adolf Duclos | C23: http://www.wikidata.org/entity/Q110039361 | D23: Polydoor Dionysius Daniëls | E23: Onderlinge Correspondentie (Source → Target) | F23: correspondent | H23: =IFERROR(LEFT(G23, 4), "") | K23: =IFERROR(LEFT(J23, 4), "") | N23: =IFERROR(LEFT(M23, 4), "") | P23: =IF(I23="", O23, I23) | Q23: =IF(L23="", O23, L23)
A24: http://www.wikidata.org/entity/Q2524668 | B24: Adolf Duclos | C24: http://www.wikidata.org/entity/Q62080181 | D24: Ernest Rembry | E24: Onderlinge Correspondentie (Source → Target) | F24: correspondent | H24: =IFERROR(LEFT(G24, 4), "") | K24: =IFERROR(LEFT(J24, 4), "") | N24: =IFERROR(LEFT(M24, 4), "") | P24: =IF(I24="", O24, I24) | Q24: =IF(L24="", O24, L24)
A25: http://www.wikidata.org/entity/Q2524668 | B25: Adolf Duclos | C25: http://www.wikidata.org/entity/Q2617184 | D25: Karel De Flou | E25: Onderlinge Correspondentie (Source → Target) | F25: correspondent | H25: =IFERROR(LEFT(G25, 4), "") | K25: =IFERROR(LEFT(J25, 4), "") | N25: =IFERROR(LEFT(M25, 4), "") | P25: =IF(I25="", O25, I25) | Q25: =IF(L25="", O25, L25)
A26: http://www.wikidata.org/entity/Q2524668 | B26: Adolf Duclos | C26: http://www.wikidata.org/entity/Q329468 | D26: Jan Nolet de Brauwere van Steeland | E26: Onderlinge Correspondentie (Source → Target) | F26: correspondent | G26: 1884-03-10T00:00:00Z | H26: =IFERROR(LEFT(G26, 4), "") -> 1884 | I26: 1884 | J26: 1884-08-20T00:00:00Z | K26: =IFERROR(LEFT(J26, 4), "") -> 1884 | L26: 1884 | N26: =IFERROR(LEFT(M26, 4), "") | P26: =IF(I26="", O26, I26) -> 1884 | Q26: =IF(L26="", O26, L26) -> 1884
A27: http://www.wikidata.org/entity/Q2524668 | B27: Adolf Duclos | C27: http://www.wikidata.org/entity/Q1920135 | D27: Jan Bols | E27: Onderlinge Correspondentie (Source → Target) | F27: correspondent | H27: =IFERROR(LEFT(G27, 4), "") | K27: =IFERROR(LEFT(J27, 4), "") | N27: =IFERROR(LEFT(M27, 4), "") | P27: =IF(I27="", O27, I27) | Q27: =IF(L27="", O27, L27)
A28: http://www.wikidata.org/entity/Q2524668 | B28: Adolf Duclos | C28: http://www.wikidata.org/entity/Q56036067 | D28: Lodewijk Willem Schuermans | E28: Onderlinge Correspondentie (Source → Target) | F28: correspondent | H28: =IFERROR(LEFT(G28, 4), "") | K28: =IFERROR(LEFT(J28, 4), "") | N28: =IFERROR(LEFT(M28, 4), "") | P28: =IF(I28="", O28, I28) | Q28: =IF(L28="", O28, L28)
A29: http://www.wikidata.org/entity/Q2524668 | B29: Adolf Duclos | C29: http://www.wikidata.org/entity/Q784390 | D29: Paul Alberdingk Thijm | E29: Onderlinge Correspondentie (Source → Target) | F29: correspondent | G29: 1889-02-08T00:00:00Z | H29: =IFERROR(LEFT(G29, 4), "") -> 1889 | I29: 1889 | J29: 1891-01-29T00:00:00Z | K29: =IFERROR(LEFT(J29, 4), "") -> 1891 | L29: 1891 | N29: =IFERROR(LEFT(M29, 4), "") | P29: =IF(I29="", O29, I29) -> 1889 | Q29: =IF(L29="", O29, L29) -> 1891
A30: http://www.wikidata.org/entity/Q2524668 | B30: Adolf Duclos | C30: http://www.wikidata.org/entity/Q2496044 | D30: Gustave Henri Flamen | E30: Onderlinge Correspondentie (Source → Target) | F30: correspondent | H30: =IFERROR(LEFT(G30, 4), "") | K30: =IFERROR(LEFT(J30, 4), "") | N30: =IFERROR(LEFT(M30, 4), "") | P30: =IF(I30="", O30, I30) | Q30: =IF(L30="", O30, L30)
A31: http://www.wikidata.org/entity/Q43140929 | B31: Adolf Pauwels | C31: http://www.wikidata.org/entity/Q336977 | D31: Guido Gezelle | E31: Correspondent (Zender) → Guido (Ontvanger) | F31: correspondent | H31: =IFERROR(LEFT(G31, 4), "") | K31: =IFERROR(LEFT(J31, 4), "") | M31: 1884-05-24T00:00:00Z | N31: =IFERROR(LEFT(M31, 4), "") -> 1884 | O31: 1884 | P31: =IF(I31="", O31, I31) -> 1884 | Q31: =IF(L31="", O31, L31) -> 1884
A32: http://www.wikidata.org/entity/Q100534520 | B32: Adolf Verriest | C32: http://www.wikidata.org/entity/Q336977 | D32: Guido Gezelle | E32: Correspondent (Zender) → Guido (Ontvanger) | F32: correspondent | H32: =IFERROR(LEFT(G32, 4), "") | J32: 1872-11-09T00:00:00Z | K32: =IFERROR(LEFT(J32, 4), "") -> 1872 | L32: 1872 | N32: =IFERROR(LEFT(M32, 4), "") | P32: =IF(I32="", O32, I32) | Q32: =IF(L32="", O32, L32) -> 1872
A33: http://www.wikidata.org/entity/Q100534520 | B33: Adolf Verriest | C33: http://www.wikidata.org/entity/Q784390 | D33: Paul Alberdingk Thijm | E33: Onderlinge Correspondentie (Source → Target) | F33: correspondent | H33: =IFERROR(LEFT(G33, 4), "") | K33: =IFERROR(LEFT(J33, 4), "") | M33: 1886-09-30T00:00:00Z | N33: =IFERROR(LEFT(M33, 4), "") -> 1886 | O33: 1886 | P33: =IF(I33="", O33, I33) -> 1886 | Q33: =IF(L33="", O33, L33) -> 1886
A34: http://www.wikidata.org/entity/Q100534520 | B34: Adolf Verriest | C34: http://www.wikidata.org/entity/Q336977 | D34: Guido Gezelle | E34: Correspondent (Zender) → Guido (Ontvanger) | F34: vriend | H34: =IFERROR(LEFT(G34, 4), "") | K34: =IFERROR(LEFT(J34, 4), "") | N34: =IFERROR(LEFT(M34, 4), "") | P34: =IF(I34="", O34, I34) | Q34: =IF(L34="", O34, L34)
A35: http://www.wikidata.org/entity/Q136793932 | B35: Adèle Serweytens | C35: http://www.wikidata.org/entity/Q336977 | D35: Guido Gezelle | E35: Correspondent (Zender) → Guido (Ontvanger) | F35: bekende | H35: =IFERROR(LEFT(G35, 4), "") | K35: =IFERROR(LEFT(J35, 4), "") | N35: =IFERROR(LEFT(M35, 4), "") | P35: =IF(I35="", O35, I35) | Q35: =IF(L35="", O35, L35)
A36: http://www.wikidata.org/entity/Q116687284 | B36: Agnes Mary Christophers | C36: http://www.wikidata.org/entity/Q336977 | D36: Guido Gezelle | E36: Correspondent (Zender) → Guido (Ontvanger) | F36: correspondent | H36: =IFERROR(LEFT(G36, 4), "") | K36: =IFERROR(LEFT(J36, 4), "") | M36: 1857-09-01T00:00:00Z | N36: =IFERROR(LEFT(M36, 4), "") -> 1857 | O36: 1857 | P36: =IF(I36="", O36, I36) -> 1857 | Q36: =IF(L36="", O36, L36) -> 1857
A37: http://www.wikidata.org/entity/Q118772822 | B37: Albert Aimé Marie Vandewalle | C37: http://www.wikidata.org/entity/Q336977 | D37: Guido Gezelle | E37: Correspondent (Zender) → Guido (Ontvanger) | F37: correspondent | H37: =IFERROR(LEFT(G37, 4), "") | K37: =IFERROR(LEFT(J37, 4), "") | M37: 1895-01-01T00:00:00Z | N37: =IFERROR(LEFT(M37, 4), "") -> 1895 | O37: 1895 | P37: =IF(I37="", O37, I37) -> 1895 | Q37: =IF(L37="", O37, L37) -> 1895
A38: http://www.wikidata.org/entity/Q586323 | B38: Albert Verwey | C38: http://www.wikidata.org/entity/Q981444 | D38: Hugo Verriest | E38: Onderlinge Correspondentie (Source → Target) | F38: correspondent | H38: =IFERROR(LEFT(G38, 4), "") | K38: =IFERROR(LEFT(J38, 4), "") | N38: =IFERROR(LEFT(M38, 4), "") | P38: =IF(I38="", O38, I38) | Q38: =IF(L38="", O38, L38)
A39: http://www.wikidata.org/entity/Q586323 | B39: Albert Verwey | C39: http://www.wikidata.org/entity/Q336977 | D39: Guido Gezelle | E39: Correspondent (Zender) → Guido (Ontvanger) | F39: correspondent | H39: =IFERROR(LEFT(G39, 4), "") | K39: =IFERROR(LEFT(J39, 4), "") | M39: 1899-01-05T00:00:00Z | N39: =IFERROR(LEFT(M39, 4), "") -> 1899 | O39: 1899 | P39: =IF(I39="", O39, I39) -> 1899 | Q39: =IF(L39="", O39, L39) -> 1899
A40: http://www.wikidata.org/entity/Q2832059 | B40: Albéric Emmanuel Henri Marie Ghislain Ruzette | C40: http://www.wikidata.org/entity/Q336977 | D40: Guido Gezelle | E40: Correspondent (Zender) → Guido (Ontvanger) | F40: correspondent | H40: =IFERROR(LEFT(G40, 4), "") | K40: =IFERROR(LEFT(J40, 4), "") | N40: =IFERROR(LEFT(M40, 4), "") | P40: =IF(I40="", O40, I40) | Q40: =IF(L40="", O40, L40)
A41: http://www.wikidata.org/entity/Q115811921 | B41: Alexandre Berghman | C41: http://www.wikidata.org/entity/Q336977 | D41: Guido Gezelle | E41: Correspondent (Zender) → Guido (Ontvanger) | F41: bekende | H41: =IFERROR(LEFT(G41, 4), "") | K41: =IFERROR(LEFT(J41, 4), "") | N41: =IFERROR(LEFT(M41, 4), "") | P41: =IF(I41="", O41, I41) | Q41: =IF(L41="", O41, L41)
A42: http://www.wikidata.org/entity/Q115811921 | B42: Alexandre Berghman | C42: http://www.wikidata.org/entity/Q62080181 | D42: Ernest Rembry | E42: Onderlinge Correspondentie (Source → Target) | F42: bekende | H42: =IFERROR(LEFT(G42, 4), "") | K42: =IFERROR(LEFT(J42, 4), "") | N42: =IFERROR(LEFT(M42, 4), "") | P42: =IF(I42="", O42, I42) | Q42: =IF(L42="", O42, L42)
A43: http://www.wikidata.org/entity/Q56036018 | B43: Alexandre Bonvarlet | C43: http://www.wikidata.org/entity/Q336977 | D43: Guido Gezelle | E43: Correspondent (Zender) → Guido (Ontvanger) | F43: correspondent | G43: 1885-12-02T00:00:00Z | H43: =IFERROR(LEFT(G43, 4), "") -> 1885 | I43: 1885 | J43: 1891-10-30T00:00:00Z | K43: =IFERROR(LEFT(J43, 4), "") -> 1891 | L43: 1891 | N43: =IFERROR(LEFT(M43, 4), "") | P43: =IF(I43="", O43, I43) -> 1885 | Q43: =IF(L43="", O43, L43) -> 1891
A44: http://www.wikidata.org/entity/Q118142378 | B44: Alfons Bouckaert | C44: http://www.wikidata.org/entity/Q336977 | D44: Guido Gezelle | E44: Correspondent (Zender) → Guido (Ontvanger) | F44: correspondent | G44: 1895-11-15T00:00:00Z | H44: =IFERROR(LEFT(G44, 4), "") -> 1895 | I44: 1895 | J44: 1896-01-28T00:00:00Z | K44: =IFERROR(LEFT(J44, 4), "") -> 1896 | L44: 1896 | N44: =IFERROR(LEFT(M44, 4), "") | P44: =IF(I44="", O44, I44) -> 1895 | Q44: =IF(L44="", O44, L44) -> 1896
A45: http://www.wikidata.org/entity/Q110039191 | B45: Alfons Dassonville | C45: http://www.wikidata.org/entity/Q336977 | D45: Guido Gezelle | E45: Correspondent (Zender) → Guido (Ontvanger) | F45: correspondent | H45: =IFERROR(LEFT(G45, 4), "") | K45: =IFERROR(LEFT(J45, 4), "") | M45: 1896-01-24T00:00:00Z | N45: =IFERROR(LEFT(M45, 4), "") -> 1896 | O45: 1896 | P45: =IF(I45="", O45, I45) -> 1896 | Q45: =IF(L45="", O45, L45) -> 1896
A46: http://www.wikidata.org/entity/Q2100582 | B46: Alfons De Cock | C46: http://www.wikidata.org/entity/Q336977 | D46: Guido Gezelle | E46: Correspondent (Zender) → Guido (Ontvanger) | F46: correspondent | G46: 1895-04-24T00:00:00Z | H46: =IFERROR(LEFT(G46, 4), "") -> 1895 | I46: 1895 | J46: 1897-07-01T00:00:00Z | K46: =IFERROR(LEFT(J46, 4), "") -> 1897 | L46: 1897 | N46: =IFERROR(LEFT(M46, 4), "") | P46: =IF(I46="", O46, I46) -> 1895 | Q46: =IF(L46="", O46, L46) -> 1897
A47: http://www.wikidata.org/entity/Q2638823 | B47: Alfons Janssens | C47: http://www.wikidata.org/entity/Q113466955 | D47: Cordelia Van de Wiele | E47: Onderlinge Correspondentie (Source → Target) | F47: correspondent | H47: =IFERROR(LEFT(G47, 4), "") | K47: =IFERROR(LEFT(J47, 4), "") | M47: 1888-03-01T00:00:00Z | N47: =IFERROR(LEFT(M47, 4), "") -> 1888 | O47: 1888 | P47: =IF(I47="", O47, I47) -> 1888 | Q47: =IF(L47="", O47, L47) -> 1888
A48: http://www.wikidata.org/entity/Q2638823 | B48: Alfons Janssens | C48: http://www.wikidata.org/entity/Q336977 | D48: Guido Gezelle | E48: Correspondent (Zender) → Guido (Ontvanger) | F48: correspondent | G48: 1885-09-01T00:00:00Z | H48: =IFERROR(LEFT(G48, 4), "") -> 1885 | I48: 1885 | J48: 1892-04-01T00:00:00Z | K48: =IFERROR(LEFT(J48, 4), "") -> 1892 | L48: 1892 | N48: =IFERROR(LEFT(M48, 4), "") | P48: =IF(I48="", O48, I48) -> 1885 | Q48: =IF(L48="", O48, L48) -> 1892
A49: http://www.wikidata.org/entity/Q56036059 | B49: Alfons Maria Napoleon Prayon-van Zuylen van Nyevelt | C49: http://www.wikidata.org/entity/Q336977 | D49: Guido Gezelle | E49: Correspondent (Zender) → Guido (Ontvanger) | F49: correspondent | H49: =IFERROR(LEFT(G49, 4), "") | K49: =IFERROR(LEFT(J49, 4), "") | M49: 1888-12-21T00:00:00Z | N49: =IFERROR(LEFT(M49, 4), "") -> 1888 | O49: 1888 | P49: =IF(I49="", O49, I49) -> 1888 | Q49: =IF(L49="", O49, L49) -> 1888
A50: http://www.wikidata.org/entity/Q2539969 | B50: Alfons Siffer | C50: http://www.wikidata.org/entity/Q336977 | D50: Guido Gezelle | E50: Correspondent (Zender) → Guido (Ontvanger) | F50: correspondent | H50: =IFERROR(LEFT(G50, 4), "") | K50: =IFERROR(LEFT(J50, 4), "") | N50: =IFERROR(LEFT(M50, 4), "") | P50: =IF(I50="", O50, I50) | Q50: =IF(L50="", O50, L50)
A51: http://www.wikidata.org/entity/Q119621396 | B51: Alfons Steinmetz | C51: http://www.wikidata.org/entity/Q336977 | D51: Guido Gezelle | E51: Correspondent (Zender) → Guido (Ontvanger) | F51: vriend | H51: =IFERROR(LEFT(G51, 4), "") | K51: =IFERROR(LEFT(J51, 4), "") | N51: =IFERROR(LEFT(M51, 4), "") | P51: =IF(I51="", O51, I51) | Q51: =IF(L51="", O51, L51)
A52: http://www.wikidata.org/entity/Q2050293 | B52: Alfons Van Hee | C52: http://www.wikidata.org/entity/Q4722117 | D52: Adolf Lootens | E52: Onderlinge Correspondentie (Source → Target) | F52: correspondent | H52: =IFERROR(LEFT(G52, 4), "") | K52: =IFERROR(LEFT(J52, 4), "") | M52: 1876-01-01T00:00:00Z | N52: =IFERROR(LEFT(M52, 4), "") -> 1876 | O52: 1876 | P52: =IF(I52="", O52, I52) -> 1876 | Q52: =IF(L52="", O52, L52) -> 1876
A53: http://www.wikidata.org/entity/Q2050293 | B53: Alfons Van Hee | C53: http://www.wikidata.org/entity/Q336977 | D53: Guido Gezelle | E53: Correspondent (Zender) → Guido (Ontvanger) | F53: correspondent | G53: 1878-11-09T00:00:00Z | H53: =IFERROR(LEFT(G53, 4), "") -> 1878 | I53: 1878 | J53: 1898-03-27T00:00:00Z | K53: =IFERROR(LEFT(J53, 4), "") -> 1898 | L53: 1898 | N53: =IFERROR(LEFT(M53, 4), "") | P53: =IF(I53="", O53, I53) -> 1878 | Q53: =IF(L53="", O53, L53) -> 1898
A54: http://www.wikidata.org/entity/Q2050293 | B54: Alfons Van Hee | C54: http://www.wikidata.org/entity/Q110039178 | D54: Pieter Baes | E54: Onderlinge Correspondentie (Source → Target) | F54: correspondent | G54: 1886-10-10T00:00:00Z | H54: =IFERROR(LEFT(G54, 4), "") -> 1886 | I54: 1886 | K54: =IFERROR(LEFT(J54, 4), "") | N54: =IFERROR(LEFT(M54, 4), "") | P54: =IF(I54="", O54, I54) -> 1886 | Q54: =IF(L54="", O54, L54)
A55: http://www.wikidata.org/entity/Q2050293 | B55: Alfons Van Hee | C55: http://www.wikidata.org/entity/Q136759863 | D55: Carolus Philippus Joannes Marie Josephus de Patin de Langemarck | E55: Onderlinge Correspondentie (Source → Target) | F55: bekende | H55: =IFERROR(LEFT(G55, 4), "") | K55: =IFERROR(LEFT(J55, 4), "") | N55: =IFERROR(LEFT(M55, 4), "") | P55: =IF(I55="", O55, I55) | Q55: =IF(L55="", O55, L55)
A56: http://www.wikidata.org/entity/Q26845752 | B56: Alfred Guichon de Grandpont | C56: http://www.wikidata.org/entity/Q336977 | D56: Guido Gezelle | E56: Correspondent (Zender) → Guido (Ontvanger) | F56: correspondent | H56: =IFERROR(LEFT(G56, 4), "") | K56: =IFERROR(LEFT(J56, 4), "") | M56: 1896-02-02T00:00:00Z | N56: =IFERROR(LEFT(M56, 4), "") -> 1896 | O56: 1896 | P56: =IF(I56="", O56, I56) -> 1896 | Q56: =IF(L56="", O56, L56) -> 1896
A57: http://www.wikidata.org/entity/Q115979418 | B57: Aloysius Vandemaele | C57: http://www.wikidata.org/entity/Q336977 | D57: Guido Gezelle | E57: Correspondent (Zender) → Guido (Ontvanger) | F57: correspondent | G57: 1850-12-15T00:00:00Z | H57: =IFERROR(LEFT(G57, 4), "") -> 1850 | I57: 1850 | J57: 1890-06-09T00:00:00Z | K57: =IFERROR(LEFT(J57, 4), "") -> 1890 | L57: 1890 | N57: =IFERROR(LEFT(M57, 4), "") | P57: =IF(I57="", O57, I57) -> 1850 | Q57: =IF(L57="", O57, L57) -> 1890
A58: http://www.wikidata.org/entity/Q2580620 | B58: Aloïs Nelis | C58: http://www.wikidata.org/entity/Q336977 | D58: Guido Gezelle | E58: Correspondent (Zender) → Guido (Ontvanger) | F58: correspondent | H58: =IFERROR(LEFT(G58, 4), "") | K58: =IFERROR(LEFT(J58, 4), "") | M58: 1889-03-01T00:00:00Z | N58: =IFERROR(LEFT(M58, 4), "") -> 1889 | O58: 1889 | P58: =IF(I58="", O58, I58) -> 1889 | Q58: =IF(L58="", O58, L58) -> 1889
A59: http://www.wikidata.org/entity/Q2580620 | B59: Aloïs Nelis | C59: http://www.wikidata.org/entity/Q2683882 | D59: Charles August Verschelde | E59: Onderlinge Correspondentie (Source → Target) | F59: vriend | H59: =IFERROR(LEFT(G59, 4), "") | K59: =IFERROR(LEFT(J59, 4), "") | N59: =IFERROR(LEFT(M59, 4), "") | P59: =IF(I59="", O59, I59) | Q59: =IF(L59="", O59, L59)
A60: http://www.wikidata.org/entity/Q2580620 | B60: Aloïs Nelis | C60: http://www.wikidata.org/entity/Q2524668 | D60: Adolf Duclos | E60: Onderlinge Correspondentie (Source → Target) | F60: vriend | H60: =IFERROR(LEFT(G60, 4), "") | K60: =IFERROR(LEFT(J60, 4), "") | N60: =IFERROR(LEFT(M60, 4), "") | P60: =IF(I60="", O60, I60) | Q60: =IF(L60="", O60, L60)
A61: http://www.wikidata.org/entity/Q2580620 | B61: Aloïs Nelis | C61: http://www.wikidata.org/entity/Q2134167 | D61: Louis Gilliodts | E61: Onderlinge Correspondentie (Source → Target) | F61: vriend | H61: =IFERROR(LEFT(G61, 4), "") | K61: =IFERROR(LEFT(J61, 4), "") | N61: =IFERROR(LEFT(M61, 4), "") | P61: =IF(I61="", O61, I61) | Q61: =IF(L61="", O61, L61)
A62: http://www.wikidata.org/entity/Q2580620 | B62: Aloïs Nelis | C62: http://www.wikidata.org/entity/Q2360914 | D62: Edward Gailliard | E62: Onderlinge Correspondentie (Source → Target) | F62: vriend | H62: =IFERROR(LEFT(G62, 4), "") | K62: =IFERROR(LEFT(J62, 4), "") | N62: =IFERROR(LEFT(M62, 4), "") | P62: =IF(I62="", O62, I62) | Q62: =IF(L62="", O62, L62)
A63: http://www.wikidata.org/entity/Q2298746 | B63: Aloïs Walgrave | C63: http://www.wikidata.org/entity/Q764378 | D63: August Vermeylen | E63: Onderlinge Correspondentie (Source → Target) | F63: correspondent | G63: 1927-11-23T00:00:00Z | H63: =IFERROR(LEFT(G63, 4), "") -> 1927 | I63: 1927 | J63: 1929-03-17T00:00:00Z | K63: =IFERROR(LEFT(J63, 4), "") -> 1929 | L63: 1929 | N63: =IFERROR(LEFT(M63, 4), "") | P63: =IF(I63="", O63, I63) -> 1927 | Q63: =IF(L63="", O63, L63) -> 1929
A64: http://www.wikidata.org/entity/Q2298746 | B64: Aloïs Walgrave | C64: http://www.wikidata.org/entity/Q336977 | D64: Guido Gezelle | E64: Correspondent (Zender) → Guido (Ontvanger) | F64: correspondent | G64: 1898-12-23T00:00:00Z | H64: =IFERROR(LEFT(G64, 4), "") -> 1898 | I64: 1898 | J64: 1899-01-01T00:00:00Z | K64: =IFERROR(LEFT(J64, 4), "") -> 1899 | L64: 1899 | N64: =IFERROR(LEFT(M64, 4), "") | P64: =IF(I64="", O64, I64) -> 1898 | Q64: =IF(L64="", O64, L64) -> 1899
A65: http://www.wikidata.org/entity/Q2298746 | B65: Aloïs Walgrave | C65: http://www.wikidata.org/entity/Q2546317 | D65: Eugeen van Oye | E65: Onderlinge Correspondentie (Source → Target) | F65: correspondent | H65: =IFERROR(LEFT(G65, 4), "") | K65: =IFERROR(LEFT(J65, 4), "") | M65: 1922-07-29T00:00:00Z | N65: =IFERROR(LEFT(M65, 4), "") -> 1922 | O65: 1922 | P65: =IF(I65="", O65, I65) -> 1922 | Q65: =IF(L65="", O65, L65) -> 1922
A66: http://www.wikidata.org/entity/Q2298746 | B66: Aloïs Walgrave | C66: http://www.wikidata.org/entity/Q981444 | D66: Hugo Verriest | E66: Onderlinge Correspondentie (Source → Target) | F66: correspondent | H66: =IFERROR(LEFT(G66, 4), "") | K66: =IFERROR(LEFT(J66, 4), "") | M66: 1911-01-01T00:00:00Z | N66: =IFERROR(LEFT(M66, 4), "") -> 1911 | O66: 1911 | P66: =IF(I66="", O66, I66) -> 1911 | Q66: =IF(L66="", O66, L66) -> 1911
A67: http://www.wikidata.org/entity/Q2298746 | B67: Aloïs Walgrave | C67: http://www.wikidata.org/entity/Q2677198 | D67: Jules Lagae | E67: Onderlinge Correspondentie (Source → Target) | F67: correspondent | H67: =IFERROR(LEFT(G67, 4), "") | K67: =IFERROR(LEFT(J67, 4), "") | N67: =IFERROR(LEFT(M67, 4), "") | P67: =IF(I67="", O67, I67) | Q67: =IF(L67="", O67, L67)
A68: http://www.wikidata.org/entity/Q2298746 | B68: Aloïs Walgrave | C68: http://www.wikidata.org/entity/Q113627806 | D68: Hendrik Karel Van Doorne | E68: Onderlinge Correspondentie (Source → Target) | F68: correspondent | G68: 1912-01-19T00:00:00Z | H68: =IFERROR(LEFT(G68, 4), "") -> 1912 | I68: 1912 | J68: 1912-09-09T00:00:00Z | K68: =IFERROR(LEFT(J68, 4), "") -> 1912 | L68: 1912 | N68: =IFERROR(LEFT(M68, 4), "") | P68: =IF(I68="", O68, I68) -> 1912 | Q68: =IF(L68="", O68, L68) -> 1912
A69: http://www.wikidata.org/entity/Q2298746 | B69: Aloïs Walgrave | C69: http://www.wikidata.org/entity/Q115806479 | D69: Jules Joye | E69: Onderlinge Correspondentie (Source → Target) | F69: correspondent | H69: =IFERROR(LEFT(G69, 4), "") | K69: =IFERROR(LEFT(J69, 4), "") | N69: =IFERROR(LEFT(M69, 4), "") | P69: =IF(I69="", O69, I69) | Q69: =IF(L69="", O69, L69)
A70: http://www.wikidata.org/entity/Q2298746 | B70: Aloïs Walgrave | C70: http://www.wikidata.org/entity/Q115814290 | D70: Aimé Erneste Marie Dierick | E70: Onderlinge Correspondentie (Source → Target) | F70: correspondent | H70: =IFERROR(LEFT(G70, 4), "") | K70: =IFERROR(LEFT(J70, 4), "") | M70: 1930-06-01T00:00:00Z | N70: =IFERROR(LEFT(M70, 4), "") -> 1930 | O70: 1930 | P70: =IF(I70="", O70, I70) -> 1930 | Q70: =IF(L70="", O70, L70) -> 1930
A71: http://www.wikidata.org/entity/Q2450554 | B71: Alphonse De Leyn | C71: http://www.wikidata.org/entity/Q336977 | D71: Guido Gezelle | E71: Correspondent (Zender) → Guido (Ontvanger) | F71: correspondent | G71: 1890-07-17T00:00:00Z | H71: =IFERROR(LEFT(G71, 4), "") -> 1890 | I71: 1890 | J71: 1895-10-07T00:00:00Z | K71: =IFERROR(LEFT(J71, 4), "") -> 1895 | L71: 1895 | N71: =IFERROR(LEFT(M71, 4), "") | P71: =IF(I71="", O71, I71) -> 1890 | Q71: =IF(L71="", O71, L71) -> 1895
A72: http://www.wikidata.org/entity/Q2099446 | B72: Amaat Joos | C72: http://www.wikidata.org/entity/Q336977 | D72: Guido Gezelle | E72: Correspondent (Zender) → Guido (Ontvanger) | F72: correspondent | G72: 1897-05-27T00:00:00Z | H72: =IFERROR(LEFT(G72, 4), "") -> 1897 | I72: 1897 | J72: 1897-08-26T00:00:00Z | K72: =IFERROR(LEFT(J72, 4), "") -> 1897 | L72: 1897 | N72: =IFERROR(LEFT(M72, 4), "") | P72: =IF(I72="", O72, I72) -> 1897 | Q72: =IF(L72="", O72, L72) -> 1897
A73: http://www.wikidata.org/entity/Q3421496 | B73: Amaat Vyncke | C73: http://www.wikidata.org/entity/Q336977 | D73: Guido Gezelle | E73: Correspondent (Zender) → Guido (Ontvanger) | F73: correspondent | G73: 1880-05-14T00:00:00Z | H73: =IFERROR(LEFT(G73, 4), "") -> 1880 | I73: 1880 | J73: 1883-01-01T00:00:00Z | K73: =IFERROR(LEFT(J73, 4), "") -> 1883 | L73: 1883 | N73: =IFERROR(LEFT(M73, 4), "") | P73: =IF(I73="", O73, I73) -> 1880 | Q73: =IF(L73="", O73, L73) -> 1883
A74: http://www.wikidata.org/entity/Q3421496 | B74: Amaat Vyncke | C74: http://www.wikidata.org/entity/Q981444 | D74: Hugo Verriest | E74: Onderlinge Correspondentie (Source → Target) | F74: vriend | H74: =IFERROR(LEFT(G74, 4), "") | K74: =IFERROR(LEFT(J74, 4), "") | N74: =IFERROR(LEFT(M74, 4), "") | P74: =IF(I74="", O74, I74) | Q74: =IF(L74="", O74, L74)
A75: http://www.wikidata.org/entity/Q970036 | B75: Amand Neut | C75: http://www.wikidata.org/entity/Q336977 | D75: Guido Gezelle | E75: Correspondent (Zender) → Guido (Ontvanger) | F75: correspondent | H75: =IFERROR(LEFT(G75, 4), "") | K75: =IFERROR(LEFT(J75, 4), "") | M75: 1892-08-12T00:00:00Z | N75: =IFERROR(LEFT(M75, 4), "") -> 1892 | O75: 1892 | P75: =IF(I75="", O75, I75) -> 1892 | Q75: =IF(L75="", O75, L75) -> 1892
A76: http://www.wikidata.org/entity/Q2481707 | B76: Amand de Vos | C76: http://www.wikidata.org/entity/Q336977 | D76: Guido Gezelle | E76: Correspondent (Zender) → Guido (Ontvanger) | F76: correspondent | G76: 1886-12-03T00:00:00Z | H76: =IFERROR(LEFT(G76, 4), "") -> 1886 | I76: 1886 | J76: 1889-12-23T00:00:00Z | K76: =IFERROR(LEFT(J76, 4), "") -> 1889 | L76: 1889 | N76: =IFERROR(LEFT(M76, 4), "") | P76: =IF(I76="", O76, I76) -> 1886 | Q76: =IF(L76="", O76, L76) -> 1889
A77: http://www.wikidata.org/entity/Q124619468 | B77: Amelia Vander Stichele | C77: http://www.wikidata.org/entity/Q336977 | D77: Guido Gezelle | E77: Correspondent (Zender) → Guido (Ontvanger) | F77: correspondent | H77: =IFERROR(LEFT(G77, 4), "") | K77: =IFERROR(LEFT(J77, 4), "") | N77: =IFERROR(LEFT(M77, 4), "") | P77: =IF(I77="", O77, I77) | Q77: =IF(L77="", O77, L77)
A78: http://www.wikidata.org/entity/Q1280942 | B78: Amédée Visart de Bocarmé | C78: http://www.wikidata.org/entity/Q2580620 | D78: Aloïs Nelis | E78: Onderlinge Correspondentie (Source → Target) | F78: correspondent | H78: =IFERROR(LEFT(G78, 4), "") | K78: =IFERROR(LEFT(J78, 4), "") | M78: 1886-11-11T00:00:00Z | N78: =IFERROR(LEFT(M78, 4), "") -> 1886 | O78: 1886 | P78: =IF(I78="", O78, I78) -> 1886 | Q78: =IF(L78="", O78, L78) -> 1886
A79: http://www.wikidata.org/entity/Q1280942 | B79: Amédée Visart de Bocarmé | C79: http://www.wikidata.org/entity/Q2360914 | D79: Edward Gailliard | E79: Onderlinge Correspondentie (Source → Target) | F79: correspondent | H79: =IFERROR(LEFT(G79, 4), "") | K79: =IFERROR(LEFT(J79, 4), "") | M79: 1886-11-11T00:00:00Z | N79: =IFERROR(LEFT(M79, 4), "") -> 1886 | O79: 1886 | P79: =IF(I79="", O79, I79) -> 1886 | Q79: =IF(L79="", O79, L79) -> 1886
A80: http://www.wikidata.org/entity/Q1280942 | B80: Amédée Visart de Bocarmé | C80: http://www.wikidata.org/entity/Q57197744 | D80: Eugeen-Karel Van Steenkiste | E80: Onderlinge Correspondentie (Source → Target) | F80: correspondent | H80: =IFERROR(LEFT(G80, 4), "") | K80: =IFERROR(LEFT(J80, 4), "") | M80: 1886-11-11T00:00:00Z | N80: =IFERROR(LEFT(M80, 4), "") -> 1886 | O80: 1886 | P80: =IF(I80="", O80, I80) -> 1886 | Q80: =IF(L80="", O80, L80) -> 1886
A81: http://www.wikidata.org/entity/Q1280942 | B81: Amédée Visart de Bocarmé | C81: http://www.wikidata.org/entity/Q336977 | D81: Guido Gezelle | E81: Correspondent (Zender) → Guido (Ontvanger) | F81: correspondent | G81: 1886-10-15T00:00:00Z | H81: =IFERROR(LEFT(G81, 4), "") -> 1886 | I81: 1886 | J81: 1899-05-25T00:00:00Z | K81: =IFERROR(LEFT(J81, 4), "") -> 1899 | L81: 1899 | N81: =IFERROR(LEFT(M81, 4), "") | P81: =IF(I81="", O81, I81) -> 1886 | Q81: =IF(L81="", O81, L81) -> 1899
A82: http://www.wikidata.org/entity/Q119039774 | B82: Andries J. Winkler | C82: http://www.wikidata.org/entity/Q336977 | D82: Guido Gezelle | E82: Correspondent (Zender) → Guido (Ontvanger) | F82: correspondent | H82: =IFERROR(LEFT(G82, 4), "") | K82: =IFERROR(LEFT(J82, 4), "") | M82: 1898-10-10T00:00:00Z | N82: =IFERROR(LEFT(M82, 4), "") -> 1898 | O82: 1898 | P82: =IF(I82="", O82, I82) -> 1898 | Q82: =IF(L82="", O82, L82) -> 1898
A83: http://www.wikidata.org/entity/Q13429634 | B83: Angelus August Eugeen Angillis | C83: http://www.wikidata.org/entity/Q336977 | D83: Guido Gezelle | E83: Correspondent (Zender) → Guido (Ontvanger) | F83: klasgenoot | H83: =IFERROR(LEFT(G83, 4), "") | K83: =IFERROR(LEFT(J83, 4), "") | N83: =IFERROR(LEFT(M83, 4), "") | P83: =IF(I83="", O83, I83) | Q83: =IF(L83="", O83, L83)
A84: http://www.wikidata.org/entity/Q129255433 | B84: Ann Mary Eyre | C84: http://www.wikidata.org/entity/Q336977 | D84: Guido Gezelle | E84: Correspondent (Zender) → Guido (Ontvanger) | F84: bekende | H84: =IFERROR(LEFT(G84, 4), "") | K84: =IFERROR(LEFT(J84, 4), "") | N84: =IFERROR(LEFT(M84, 4), "") | P84: =IF(I84="", O84, I84) | Q84: =IF(L84="", O84, L84)
A85: http://www.wikidata.org/entity/Q116656531 | B85: Anna Demets | C85: http://www.wikidata.org/entity/Q336977 | D85: Guido Gezelle | E85: Correspondent (Zender) → Guido (Ontvanger) | F85: correspondent | H85: =IFERROR(LEFT(G85, 4), "") | K85: =IFERROR(LEFT(J85, 4), "") | N85: =IFERROR(LEFT(M85, 4), "") | P85: =IF(I85="", O85, I85) | Q85: =IF(L85="", O85, L85)
A86: http://www.wikidata.org/entity/Q116508558 | B86: Anne Hill | C86: http://www.wikidata.org/entity/Q118725738 | D86: Georges William Gadd | E86: Onderlinge Correspondentie (Source → Target) | F86: correspondent | H86: =IFERROR(LEFT(G86, 4), "") | K86: =IFERROR(LEFT(J86, 4), "") | N86: =IFERROR(LEFT(M86, 4), "") | P86: =IF(I86="", O86, I86) | Q86: =IF(L86="", O86, L86)
A87: http://www.wikidata.org/entity/Q116508558 | B87: Anne Hill | C87: http://www.wikidata.org/entity/Q336977 | D87: Guido Gezelle | E87: Correspondent (Zender) → Guido (Ontvanger) | F87: correspondent | G87: 1857-06-15T00:00:00Z | H87: =IFERROR(LEFT(G87, 4), "") -> 1857 | I87: 1857 | J87: 1863-11-30T00:00:00Z | K87: =IFERROR(LEFT(J87, 4), "") -> 1863 | L87: 1863 | N87: =IFERROR(LEFT(M87, 4), "") | P87: =IF(I87="", O87, I87) -> 1857 | Q87: =IF(L87="", O87, L87) -> 1863
A88: http://www.wikidata.org/entity/Q115830433 | B88: Antoine Wemaer | C88: http://www.wikidata.org/entity/Q336977 | D88: Guido Gezelle | E88: Correspondent (Zender) → Guido (Ontvanger) | F88: correspondent | G88: 1856-01-10T00:00:00Z | H88: =IFERROR(LEFT(G88, 4), "") -> 1856 | I88: 1856 | J88: 1874-03-28T00:00:00Z | K88: =IFERROR(LEFT(J88, 4), "") -> 1874 | L88: 1874 | N88: =IFERROR(LEFT(M88, 4), "") | P88: =IF(I88="", O88, I88) -> 1856 | Q88: =IF(L88="", O88, L88) -> 1874
A89: http://www.wikidata.org/entity/Q115830433 | B89: Antoine Wemaer | C89: http://www.wikidata.org/entity/Q2619202 | D89: Leopold Slosse | E89: Onderlinge Correspondentie (Source → Target) | F89: correspondent | H89: =IFERROR(LEFT(G89, 4), "") | K89: =IFERROR(LEFT(J89, 4), "") | N89: =IFERROR(LEFT(M89, 4), "") | P89: =IF(I89="", O89, I89) | Q89: =IF(L89="", O89, L89)
A90: http://www.wikidata.org/entity/Q2360599 | B90: Antoon Jozef Witteryck | C90: http://www.wikidata.org/entity/Q336977 | D90: Guido Gezelle | E90: Correspondent (Zender) → Guido (Ontvanger) | F90: correspondent | H90: =IFERROR(LEFT(G90, 4), "") | K90: =IFERROR(LEFT(J90, 4), "") | M90: 1885-12-24T00:00:00Z | N90: =IFERROR(LEFT(M90, 4), "") -> 1885 | O90: 1885 | P90: =IF(I90="", O90, I90) -> 1885 | Q90: =IF(L90="", O90, L90) -> 1885
A91: http://www.wikidata.org/entity/Q115979140 | B91: Arsenius Dehulster | C91: http://www.wikidata.org/entity/Q336977 | D91: Guido Gezelle | E91: Correspondent (Zender) → Guido (Ontvanger) | F91: correspondent | G91: 1883-01-16T00:00:00Z | H91: =IFERROR(LEFT(G91, 4), "") -> 1883 | I91: 1883 | J91: 1886-09-23T00:00:00Z | K91: =IFERROR(LEFT(J91, 4), "") -> 1886 | L91: 1886 | N91: =IFERROR(LEFT(M91, 4), "") | P91: =IF(I91="", O91, I91) -> 1883 | Q91: =IF(L91="", O91, L91) -> 1886
A92: http://www.wikidata.org/entity/Q3450211 | B92: Arthur De Schrevel | C92: http://www.wikidata.org/entity/Q336977 | D92: Guido Gezelle | E92: Correspondent (Zender) → Guido (Ontvanger) | F92: correspondent | G92: 1891-02-05T00:00:00Z | H92: =IFERROR(LEFT(G92, 4), "") -> 1891 | I92: 1891 | J92: 1896-09-30T00:00:00Z | K92: =IFERROR(LEFT(J92, 4), "") -> 1896 | L92: 1896 | N92: =IFERROR(LEFT(M92, 4), "") | P92: =IF(I92="", O92, I92) -> 1891 | Q92: =IF(L92="", O92, L92) -> 1896
A93: http://www.wikidata.org/entity/Q115818861 | B93: Arthur Lewylle | C93: http://www.wikidata.org/entity/Q336977 | D93: Guido Gezelle | E93: Correspondent (Zender) → Guido (Ontvanger) | F93: correspondent | G93: 1884-12-10T00:00:00Z | H93: =IFERROR(LEFT(G93, 4), "") -> 1884 | I93: 1884 | J93: 1885-01-01T00:00:00Z | K93: =IFERROR(LEFT(J93, 4), "") -> 1885 | L93: 1885 | N93: =IFERROR(LEFT(M93, 4), "") | P93: =IF(I93="", O93, I93) -> 1884 | Q93: =IF(L93="", O93, L93) -> 1885
A94: http://www.wikidata.org/entity/Q2215154 | B94: August Cuppens | C94: http://www.wikidata.org/entity/Q336977 | D94: Guido Gezelle | E94: Correspondent (Zender) → Guido (Ontvanger) | F94: correspondent | G94: 1883-01-01T00:00:00Z | H94: =IFERROR(LEFT(G94, 4), "") -> 1883 | I94: 1883 | J94: 1886-01-01T00:00:00Z | K94: =IFERROR(LEFT(J94, 4), "") -> 1886 | L94: 1886 | N94: =IFERROR(LEFT(M94, 4), "") | P94: =IF(I94="", O94, I94) -> 1883 | Q94: =IF(L94="", O94, L94) -> 1886
A95: http://www.wikidata.org/entity/Q2215154 | B95: August Cuppens | C95: http://www.wikidata.org/entity/Q981444 | D95: Hugo Verriest | E95: Onderlinge Correspondentie (Source → Target) | F95: vriend | H95: =IFERROR(LEFT(G95, 4), "") | K95: =IFERROR(LEFT(J95, 4), "") | N95: =IFERROR(LEFT(M95, 4), "") | P95: =IF(I95="", O95, I95) | Q95: =IF(L95="", O95, L95)
A96: http://www.wikidata.org/entity/Q115818168 | B96: August Hoflack | C96: http://www.wikidata.org/entity/Q336977 | D96: Guido Gezelle | E96: Correspondent (Zender) → Guido (Ontvanger) | F96: correspondent | G96: 1891-03-04T00:00:00Z | H96: =IFERROR(LEFT(G96, 4), "") -> 1891 | I96: 1891 | J96: 1897-03-03T00:00:00Z | K96: =IFERROR(LEFT(J96, 4), "") -> 1897 | L96: 1897 | N96: =IFERROR(LEFT(M96, 4), "") | P96: =IF(I96="", O96, I96) -> 1891 | Q96: =IF(L96="", O96, L96) -> 1897
A97: http://www.wikidata.org/entity/Q115839088 | B97: August Laporta | C97: http://www.wikidata.org/entity/Q336977 | D97: Guido Gezelle | E97: Correspondent (Zender) → Guido (Ontvanger) | F97: correspondent | G97: 1884-10-22T00:00:00Z | H97: =IFERROR(LEFT(G97, 4), "") -> 1884 | I97: 1884 | J97: 1886-12-01T00:00:00Z | K97: =IFERROR(LEFT(J97, 4), "") -> 1886 | L97: 1886 | N97: =IFERROR(LEFT(M97, 4), "") | P97: =IF(I97="", O97, I97) -> 1884 | Q97: =IF(L97="", O97, L97) -> 1886
A98: http://www.wikidata.org/entity/Q764378 | B98: August Vermeylen | C98: http://www.wikidata.org/entity/Q336977 | D98: Guido Gezelle | E98: Correspondent (Zender) → Guido (Ontvanger) | F98: correspondent | G98: 1896-03-30T00:00:00Z | H98: =IFERROR(LEFT(G98, 4), "") -> 1896 | I98: 1896 | J98: 1897-06-03T00:00:00Z | K98: =IFERROR(LEFT(J98, 4), "") -> 1897 | L98: 1897 | N98: =IFERROR(LEFT(M98, 4), "") | P98: =IF(I98="", O98, I98) -> 1896 | Q98: =IF(L98="", O98, L98) -> 1897
A99: http://www.wikidata.org/entity/Q125535110 | B99: August William McDonogh | C99: http://www.wikidata.org/entity/Q336977 | D99: Guido Gezelle | E99: Correspondent (Zender) → Guido (Ontvanger) | F99: correspondent | H99: =IFERROR(LEFT(G99, 4), "") | K99: =IFERROR(LEFT(J99, 4), "") | M99: 1856-01-01T00:00:00Z | N99: =IFERROR(LEFT(M99, 4), "") -> 1856 | O99: 1856 | P99: =IF(I99="", O99, I99) -> 1856 | Q99: =IF(L99="", O99, L99) -> 1856
A100: http://www.wikidata.org/entity/Q2059291 | B100: Auguste Reyns | C100: http://www.wikidata.org/entity/Q336977 | D100: Guido Gezelle | E100: Correspondent (Zender) → Guido (Ontvanger) | F100: correspondent | H100: =IFERROR(LEFT(G100, 4), "") | K100: =IFERROR(LEFT(J100, 4), "") | M100: 1896-07-17T00:00:00Z | N100: =IFERROR(LEFT(M100, 4), "") -> 1896 | O100: 1896 | P100: =IF(I100="", O100, I100) -> 1896 | Q100: =IF(L100="", O100, L100) -> 1896
...

Sheet V5Q2
A1: person | B1: personLabel | C1: relatieLabel | D1: value | E1: valueLabel | F1: start | G1: eind | H1: punt
A2: http://www.wikidata.org/entity/Q100534520 | B2: Adolf Verriest | C2: Beroep | D2: http://www.wikidata.org/entity/Q36834 | E2: componist
A3: http://www.wikidata.org/entity/Q100534520 | B3: Adolf Verriest | C3: Beroep | D3: http://www.wikidata.org/entity/Q40348 | E3: advocaat
A4: http://www.wikidata.org/entity/Q100534520 | B4: Adolf Verriest | C4: Beroep | D4: http://www.wikidata.org/entity/Q82955 | E4: politicus
A5: http://www.wikidata.org/entity/Q100534520 | B5: Adolf Verriest | C5: Beroep | D5: http://www.wikidata.org/entity/Q49757 | E5: dichter
A6: http://www.wikidata.org/entity/Q100534520 | B6: Adolf Verriest | C6: Werklocatie | D6: http://www.wikidata.org/entity/Q12995 | E6: Kortrijk
A7: http://www.wikidata.org/entity/Q101627274 | B7: Juliaan Claerhout | C7: Beroep | D7: http://www.wikidata.org/entity/Q3621491 | E7: archeoloog
A8: http://www.wikidata.org/entity/Q101627274 | B8: Juliaan Claerhout | C8: Beroep | D8: http://www.wikidata.org/entity/Q1753370 | E8: parochievicaris | F8: 1889-09-23T00:00:00Z
A9: http://www.wikidata.org/entity/Q101627274 | B9: Juliaan Claerhout | C9: Beroep | D9: http://www.wikidata.org/entity/Q1469535 | E9: rooms-katholiek priester | F9: 1883-12-22T00:00:00Z
A10: http://www.wikidata.org/entity/Q101627274 | B10: Juliaan Claerhout | C10: Beroep | D10: http://www.wikidata.org/entity/Q2251335 | E10: leerkracht | F10: 1884-09-18T00:00:00Z
A11: http://www.wikidata.org/entity/Q101627274 | B11: Juliaan Claerhout | C11: Beroep | D11: http://www.wikidata.org/entity/Q1056391 | E11: rector
A12: http://www.wikidata.org/entity/Q101627274 | B12: Juliaan Claerhout | C12: Beroep | D12: http://www.wikidata.org/entity/Q955464 | E12: pastoor
A13: http://www.wikidata.org/entity/Q101627274 | B13: Juliaan Claerhout | C13: Werkgever | D13: http://www.wikidata.org/entity/Q119853947 | E13: Normaalschool Torhout | F13: 1887-09-10T00:00:00Z
A14: http://www.wikidata.org/entity/Q101627274 | B14: Juliaan Claerhout | C14: Werkgever | D14: http://www.wikidata.org/entity/Q118369334 | E14: Sint-Jozefscollege Tielt | F14: 1884-09-18T00:00:00Z
A15: http://www.wikidata.org/entity/Q101627274 | B15: Juliaan Claerhout | C15: Werklocatie | D15: http://www.wikidata.org/entity/Q651724 | E15: Pittem | F15: 1894-11-24T00:00:00Z
A16: http://www.wikidata.org/entity/Q101627274 | B16: Juliaan Claerhout | C16: Werklocatie | D16: http://www.wikidata.org/entity/Q651811 | E16: Tielt | F16: 1884-09-18T00:00:00Z
A17: http://www.wikidata.org/entity/Q101627274 | B17: Juliaan Claerhout | C17: Werklocatie | D17: http://www.wikidata.org/entity/Q705020 | E17: Kaster | F17: 1911-02-17T00:00:00Z
A18: http://www.wikidata.org/entity/Q101627274 | B18: Juliaan Claerhout | C18: Werklocatie | D18: http://www.wikidata.org/entity/Q270633 | E18: Torhout | F18: 1887-09-10T00:00:00Z
A19: http://www.wikidata.org/entity/Q101627274 | B19: Juliaan Claerhout | C19: Werklocatie | D19: http://www.wikidata.org/entity/Q2354846 | E19: Sint-Denijs | F19: 1889-09-23T00:00:00Z
A20: http://www.wikidata.org/entity/Q110039159 | B20: Jan Craeynest | C20: Beroep | D20: http://www.wikidata.org/entity/Q1657500 | E20: aalmoezenier | F20: 1900-01-01T00:00:00Z
A21: http://www.wikidata.org/entity/Q110039159 | B21: Jan Craeynest | C21: Beroep | D21: http://www.wikidata.org/entity/Q955464 | E21: pastoor | F21: 1904-01-01T00:00:00Z
A22: http://www.wikidata.org/entity/Q110039159 | B22: Jan Craeynest | C22: Beroep | D22: http://www.wikidata.org/entity/Q42603 | E22: priester | F22: 1882-01-01T00:00:00Z
A23: http://www.wikidata.org/entity/Q110039159 | B23: Jan Craeynest | C23: Beroep | D23: http://www.wikidata.org/entity/Q36180 | E23: schrijver
A24: http://www.wikidata.org/entity/Q110039159 | B24: Jan Craeynest | C24: Beroep | D24: http://www.wikidata.org/entity/Q2251335 | E24: leerkracht | F24: 1883-09-01T00:00:00Z | G24: 1892-08-12T00:00:00Z
A25: http://www.wikidata.org/entity/Q110039159 | B25: Jan Craeynest | C25: Werkgever | D25: http://www.wikidata.org/entity/Q2663876 | E25: Sint-Lodewijkscollege | F25: 1883-09-01T00:00:00Z | G25: 1892-08-12T00:00:00Z
A26: http://www.wikidata.org/entity/Q110039159 | B26: Jan Craeynest | C26: Werklocatie | D26: http://www.wikidata.org/entity/Q12994 | E26: Brugge | F26: 1883-09-01T00:00:00Z
A27: http://www.wikidata.org/entity/Q110039170 | B27: Leonardus Nuttin | C27: Beroep | D27: http://www.wikidata.org/entity/Q250867 | E27: katholiek priester | F27: 1849-03-03T00:00:00Z
A28: http://www.wikidata.org/entity/Q110039170 | B28: Leonardus Nuttin | C28: Beroep | D28: http://www.wikidata.org/entity/Q1753370 | E28: parochievicaris
A29: http://www.wikidata.org/entity/Q110039170 | B29: Leonardus Nuttin | C29: Beroep | D29: http://www.wikidata.org/entity/Q11977377 | E29: inspecteur
A30: http://www.wikidata.org/entity/Q110039170 | B30: Leonardus Nuttin | C30: Beroep | D30: http://www.wikidata.org/entity/Q955464 | E30: pastoor | F30: 1870-06-22T00:00:00Z
A31: http://www.wikidata.org/entity/Q110039170 | B31: Leonardus Nuttin | C31: Beroep | D31: http://www.wikidata.org/entity/Q2251335 | E31: leerkracht | F31: 1850-01-01T00:00:00Z
A32: http://www.wikidata.org/entity/Q110039170 | B32: Leonardus Nuttin | C32: Werkgever | D32: http://www.wikidata.org/entity/Q2663876 | E32: Sint-Lodewijkscollege | F32: 1850-01-01T00:00:00Z
A33: http://www.wikidata.org/entity/Q110039170 | B33: Leonardus Nuttin | C33: Werkgever | D33: http://www.wikidata.org/entity/Q15882061 | E33: Sint-Vincentiuscollege (Ieper) | F33: 1852-01-01T00:00:00Z | G33: 1863-01-01T00:00:00Z
A34: http://www.wikidata.org/entity/Q110039170 | B34: Leonardus Nuttin | C34: Werkgever | D34: http://www.wikidata.org/entity/Q118369334 | E34: Sint-Jozefscollege Tielt | F34: 1851-01-01T00:00:00Z
A35: http://www.wikidata.org/entity/Q110039170 | B35: Leonardus Nuttin | C35: Werklocatie | D35: http://www.wikidata.org/entity/Q2316093 | E35: Zarren | F35: 1876-09-14T00:00:00Z
A36: http://www.wikidata.org/entity/Q110039170 | B36: Leonardus Nuttin | C36: Werklocatie | D36: http://www.wikidata.org/entity/Q102728 | E36: Ieper | F36: 1852-01-01T00:00:00Z | G36: 1863-01-01T00:00:00Z
A37: http://www.wikidata.org/entity/Q110039170 | B37: Leonardus Nuttin | C37: Werklocatie | D37: http://www.wikidata.org/entity/Q12994 | E37: Brugge | F37: 1850-01-01T00:00:00Z
A38: http://www.wikidata.org/entity/Q110039170 | B38: Leonardus Nuttin | C38: Werklocatie | D38: http://www.wikidata.org/entity/Q215244 | E38: Diksmuide
A39: http://www.wikidata.org/entity/Q110039170 | B39: Leonardus Nuttin | C39: Werklocatie | D39: http://www.wikidata.org/entity/Q651811 | E39: Tielt | F39: 1851-01-01T00:00:00Z
A40: http://www.wikidata.org/entity/Q110039170 | B40: Leonardus Nuttin | C40: Werklocatie | D40: http://www.wikidata.org/entity/Q1021461 | E40: Bossuit | F40: 1870-06-22T00:00:00Z
A41: http://www.wikidata.org/entity/Q110039178 | B41: Pieter Baes | C41: Beroep | D41: http://www.wikidata.org/entity/Q250867 | E41: katholiek priester | F41: 1872-12-21T00:00:00Z
A42: http://www.wikidata.org/entity/Q110039178 | B42: Pieter Baes | C42: Beroep | D42: http://www.wikidata.org/entity/Q1622272 | E42: academisch docent | F42: 1879-04-23T00:00:00Z
A43: http://www.wikidata.org/entity/Q110039178 | B43: Pieter Baes | C43: Beroep | D43: http://www.wikidata.org/entity/Q2251335 | E43: leerkracht | F43: 1872-09-01T00:00:00Z
A44: http://www.wikidata.org/entity/Q110039178 | B44: Pieter Baes | C44: Beroep | D44: http://www.wikidata.org/entity/Q11977377 | E44: inspecteur | F44: 1895-01-01T00:00:00Z
A45: http://www.wikidata.org/entity/Q110039178 | B45: Pieter Baes | C45: Beroep | D45: http://www.wikidata.org/entity/Q1162163 | E45: directeur
A46: http://www.wikidata.org/entity/Q110039178 | B46: Pieter Baes | C46: Beroep | D46: http://www.wikidata.org/entity/Q1056391 | E46: rector | F46: 1879-09-17T00:00:00Z
A47: http://www.wikidata.org/entity/Q110039178 | B47: Pieter Baes | C47: Werkgever | D47: http://www.wikidata.org/entity/Q2663876 | E47: Sint-Lodewijkscollege | F47: 1872-09-01T00:00:00Z
A48: http://www.wikidata.org/entity/Q110039178 | B48: Pieter Baes | C48: Werkgever | D48: http://www.wikidata.org/entity/Q118370108 | E48: Staatsnormaalschool voor jongens Brugge | F48: 1879-04-23T00:00:00Z
A49: http://www.wikidata.org/entity/Q110039178 | B49: Pieter Baes | C49: Werklocatie | D49: http://www.wikidata.org/entity/Q12994 | E49: Brugge | F49: 1872-09-01T00:00:00Z
A50: http://www.wikidata.org/entity/Q110039178 | B50: Pieter Baes | C50: Werklocatie | D50: http://www.wikidata.org/entity/Q392337 | E50: Izegem | F50: 1879-09-17T00:00:00Z
A51: http://www.wikidata.org/entity/Q110039180 | B51: Placidus Haghebaert | C51: Beroep | D51: http://www.wikidata.org/entity/Q1753370 | E51: parochievicaris | F51: 1876-12-14T00:00:00Z | G51: 1888-04-30T00:00:00Z
A52: http://www.wikidata.org/entity/Q110039180 | B52: Placidus Haghebaert | C52: Beroep | D52: http://www.wikidata.org/entity/Q1072363 | E52: bestuurder | F52: 1897-01-01T00:00:00Z | G52: 1901-01-01T00:00:00Z
A53: http://www.wikidata.org/entity/Q110039180 | B53: Placidus Haghebaert | C53: Beroep | D53: http://www.wikidata.org/entity/Q333634 | E53: vertaler
A54: http://www.wikidata.org/entity/Q110039180 | B54: Placidus Haghebaert | C54: Beroep | D54: http://www.wikidata.org/entity/Q1553123 | E54: lector | F54: 1892-06-01T00:00:00Z
A55: http://www.wikidata.org/entity/Q110039180 | B55: Placidus Haghebaert | C55: Beroep | D55: http://www.wikidata.org/entity/Q435940 | E55: pater | F55: 1892-05-11T00:00:00Z | G55: 1905-04-02T00:00:00Z
A56: http://www.wikidata.org/entity/Q110039180 | B56: Placidus Haghebaert | C56: Beroep | D56: http://www.wikidata.org/entity/Q42603 | E56: priester | F56: 1874-12-19T00:00:00Z
A57: http://www.wikidata.org/entity/Q110039180 | B57: Placidus Haghebaert | C57: Werklocatie | D57: http://www.wikidata.org/entity/Q214154 | E57: Zonnebeke | F57: 1876-12-14T00:00:00Z | G57: 1888-07-28T00:00:00Z
A58: http://www.wikidata.org/entity/Q110039180 | B58: Placidus Haghebaert | C58: Werklocatie | D58: http://www.wikidata.org/entity/Q822795 | E58: Koekelare | F58: 1880-07-28T00:00:00Z | G58: 1888-04-30T00:00:00Z
A59: http://www.wikidata.org/entity/Q110039180 | B59: Placidus Haghebaert | C59: Werklocatie | D59: http://www.wikidata.org/entity/Q118958 | E59: Leuven
A60: http://www.wikidata.org/entity/Q110039191 | B60: Alfons Dassonville | C60: Beroep | D60: http://www.wikidata.org/entity/Q1657500 | E60: aalmoezenier | F60: 1907-01-01T00:00:00Z
A61: http://www.wikidata.org/entity/Q110039191 | B61: Alfons Dassonville | C61: Beroep | D61: http://www.wikidata.org/entity/Q955464 | E61: pastoor | F61: 1912-01-01T00:00:00Z
A62: http://www.wikidata.org/entity/Q110039191 | B62: Alfons Dassonville | C62: Beroep | D62: http://www.wikidata.org/entity/Q250867 | E62: katholiek priester | F62: 1884-12-19T00:00:00Z
A63: http://www.wikidata.org/entity/Q110039191 | B63: Alfons Dassonville | C63: Beroep | D63: http://www.wikidata.org/entity/Q1162163 | E63: directeur | F63: 1900-01-01T00:00:00Z
A64: http://www.wikidata.org/entity/Q110039191 | B64: Alfons Dassonville | C64: Beroep | D64: http://www.wikidata.org/entity/Q2251335 | E64: leerkracht | F64: 1885-09-10T00:00:00Z
A65: http://www.wikidata.org/entity/Q110039191 | B65: Alfons Dassonville | C65: Werkgever | D65: http://www.wikidata.org/entity/Q2185331 | E65: Sint-Janscollege | F65: 1887-09-10T00:00:00Z
A66: http://www.wikidata.org/entity/Q110039191 | B66: Alfons Dassonville | C66: Werkgever | D66: http://www.wikidata.org/entity/Q2139232 | E66: Onze-Lieve-Vrouwehospitaal | F66: 1907-01-01T00:00:00Z
A67: http://www.wikidata.org/entity/Q110039191 | B67: Alfons Dassonville | C67: Werkgever | D67: http://www.wikidata.org/entity/Q2480833 | E67: Onze-Lieve-Vrouwecollege | F67: 1885-09-10T00:00:00Z
A68: http://www.wikidata.org/entity/Q110039191 | B68: Alfons Dassonville | C68: Werkgever | D68: http://www.wikidata.org/entity/Q231768 | E68: Zwarte Zusters van de H. Augustinus | F68: 1900-01-01T00:00:00Z
A69: http://www.wikidata.org/entity/Q110039191 | B69: Alfons Dassonville | C69: Werkgever | D69: http://www.wikidata.org/entity/Q2018402 | E69: Sint-Amandscollege | F69: 1896-09-20T00:00:00Z
A70: http://www.wikidata.org/entity/Q110039191 | B70: Alfons Dassonville | C70: Werkgever | D70: http://www.wikidata.org/entity/Q2663876 | E70: Sint-Lodewijkscollege | F70: 1886-09-15T00:00:00Z
A71: http://www.wikidata.org/entity/Q110039191 | B71: Alfons Dassonville | C71: Werklocatie | D71: http://www.wikidata.org/entity/Q499588 | E71: Poperinge | F71: 1887-09-10T00:00:00Z
... A79: http://www.wikidata.org/entity/Q110039191 | B79: Alfons Dassonville | C79: Werklocatie | D79: http://www.wikidata.org/entity/Q12995 | E79: Kortrijk | F79: 1906-01-01T00:00:00Z
A80: http://www.wikidata.org/entity/Q110039219 | B80: Edward Verschelde | C80: Beroep | D80: http://www.wikidata.org/entity/Q955464 | E80: pastoor | F80: 1894-05-09T00:00:00Z | G80: 1919-09-13T00:00:00Z
A81: http://www.wikidata.org/entity/Q110039219 | B81: Edward Verschelde | C81: Beroep | D81: http://www.wikidata.org/entity/Q114371470 | E81: coadjutor | F81: 1870-08-26T00:00:00Z
A82: http://www.wikidata.org/entity/Q110039219 | B82: Edward Verschelde | C82: Beroep | D82: http://www.wikidata.org/entity/Q250867 | E82: katholiek priester | F82: 1870-07-31T00:00:00Z | G82: 1928-10-23T00:00:00Z
A83: http://www.wikidata.org/entity/Q110039219 | B83: Edward Verschelde | C83: Beroep | D83: http://www.wikidata.org/entity/Q1753370 | E83: parochievicaris | F83: 1876-10-18T00:00:00Z | G83: 1894-05-09T00:00:00Z
A84: http://www.wikidata.org/entity/Q110039219 | B84: Edward Verschelde | C84: Werklocatie | D84: http://www.wikidata.org/entity/Q2963326 | E84: Reninge | F84: 1900-10-26T00:00:00Z | G84: 1919-09-13T00:00:00Z
A85: http://www.wikidata.org/entity/Q110039219 | B85: Edward Verschelde | C85: Werklocatie | D85: http://www.wikidata.org/entity/Q2568071 | E85: Schore | F85: 1894-05-09T00:00:00Z | G85: 1900-10-26T00:00:00Z
A86: http://www.wikidata.org/entity/Q110039219 | B86: Edward Verschelde | C86: Werklocatie | D86: http://www.wikidata.org/entity/Q2107664 | E86: Westkapelle | F86: 1870-08-26T00:00:00Z
A87: http://www.wikidata.org/entity/Q110039219 | B87: Edward Verschelde | C87: Werklocatie | D87: http://www.wikidata.org/entity/Q1963590 | E87: Geluwe | F87: 1876-10-18T00:00:00Z | G87: 1894-05-09T00:00:00Z
A88: http://www.wikidata.org/entity/Q110039252 | B88: Henri Delbar | C88: Beroep | D88: http://www.wikidata.org/entity/Q1162163 | E88: directeur | F88: 1874-01-01T00:00:00Z | G88: 1884-01-01T00:00:00Z
A89: http://www.wikidata.org/entity/Q110039252 | B89: Henri Delbar | C89: Beroep | D89: http://www.wikidata.org/entity/Q2251335 | E89: leerkracht | F89: 1857-12-22T00:00:00Z | G89: 1869-07-02T00:00:00Z
A90: http://www.wikidata.org/entity/Q110039252 | B90: Henri Delbar | C90: Beroep | D90: http://www.wikidata.org/entity/Q115705951 | E90: pastoor-deken | F90: 1889-04-29T00:00:00Z | G90: 1894-11-24T00:00:00Z
A91: http://www.wikidata.org/entity/Q110039252 | B91: Henri Delbar | C91: Beroep | D91: http://www.wikidata.org/entity/Q1056391 | E91: rector | F91: 1869-07-02T00:00:00Z | G91: 1884-11-22T00:00:00Z
A92: http://www.wikidata.org/entity/Q110039252 | B92: Henri Delbar | C92: Beroep | D92: http://www.wikidata.org/entity/Q250867 | E92: katholiek priester | F92: 1857-12-19T00:00:00Z | G92: 1894-11-24T00:00:00Z
A93: http://www.wikidata.org/entity/Q110039252 | B93: Henri Delbar | C93: Werkgever | D93: http://www.wikidata.org/entity/Q120650189 | E93: Congregatie van de Grauwzusters Franciscanessen (Roeselare) | F93: 1874-01-01T00:00:00Z | G93: 1884-01-01T00:00:00Z
A94: http://www.wikidata.org/entity/Q110039252 | B94: Henri Delbar | C94: Werkgever | D94: http://www.wikidata.org/entity/Q1867263 | E94: Klein Seminarie Roeselare | F94: 1857-12-22T00:00:00Z | G94: 1884-11-22T00:00:00Z
A95: http://www.wikidata.org/entity/Q110039252 | B95: Henri Delbar | C95: Werkgever | D95: http://www.wikidata.org/entity/Q2479554 | E95: Grootseminarie van Brugge | F95: 1884-11-22T00:00:00Z | G95: 1889-04-29T00:00:00Z
A96: http://www.wikidata.org/entity/Q110039252 | B96: Henri Delbar | C96: Werklocatie | D96: http://www.wikidata.org/entity/Q211037 | E96: Roeselare | F96: 1857-12-22T00:00:00Z | G96: 1884-11-22T00:00:00Z
A97: http://www.wikidata.org/entity/Q110039252 | B97: Henri Delbar | C97: Werklocatie | D97: http://www.wikidata.org/entity/Q12994 | E97: Brugge | F97: 1884-11-22T00:00:00Z | G97: 1889-04-29T00:00:00Z
A98: http://www.wikidata.org/entity/Q110039252 | B98: Henri Delbar | C98: Werklocatie | D98: http://www.wikidata.org/entity/Q213224 | E98: Menen | F98: 1889-04-29T00:00:00Z | G98: 1894-11-24T00:00:00Z
A99: http://www.wikidata.org/entity/Q110039260 | B99: Jacob Lenaerts | C99: Beroep | D99: http://www.wikidata.org/entity/Q1753370 | E99: parochievicaris
A100: http://www.wikidata.org/entity/Q110039260 | B100: Jacob Lenaerts | C100: Beroep | D100: http://www.wikidata.org/entity/Q115705951 | E100: pastoor-deken | F100: 1904-01-01T00:00:00Z | G100: 1913-01-01T00:00:00Z
A101: http://www.wikidata.org/entity/Q110039260 | B101: Jacob Lenaerts | C101: Beroep | D101: http://www.wikidata.org/entity/Q49757 | E101: dichter
A102: http://www.wikidata.org/entity/Q110039260 | B102: Jacob Lenaerts | C102: Beroep | D102: http://www.wikidata.org/entity/Q208762 | E102: kapelaan
A103: http://www.wikidata.org/entity/Q110039260 | B103: Jacob Lenaerts | C103: Beroep | D103: http://www.wikidata.org/entity/Q955464 | E103: pastoor | F103: 1898-01-01T00:00:00Z
A104: http://www.wikidata.org/entity/Q110039260 | B104: Jacob Lenaerts | C104: Beroep | D104: http://www.wikidata.org/entity/Q250867 | E104: katholiek priester | F104: 1886-04-10T00:00:00Z
A105: http://www.wikidata.org/entity/Q110039260 | B105: Jacob Lenaerts | C105: Werklocatie | D105: http://www.wikidata.org/entity/Q194037 | E105: Seraing
A106: http://www.wikidata.org/entity/Q110039260 | B106: Jacob Lenaerts | C106: Werklocatie | D106: http://www.wikidata.org/entity/Q2794293 | E106: Membruggen | F106: 1901-01-01T00:00:00Z
A107: http://www.wikidata.org/entity/Q110039260 | B107: Jacob Lenaerts | C107: Werklocatie | D107: http://www.wikidata.org/entity/Q2371714 | E107: Bevingen | F107: 1898-01-01T00:00:00Z | G107: 1901-01-01T00:00:00Z
...

Sheet Kopie van V5Q2
A1: person | B1: personLabel | C1: relatieLabel | D1: value | E1: valueLabel | F1: start | G1: StartYear | H1: eind | I1: EndYear | J1: punt | K1: PointYear | L1: FinalStartYear | M1: FinalEndYear
A2: http://www.wikidata.org/entity/Q100534520 | B2: Adolf Verriest | C2: Beroep | D2: http://www.wikidata.org/entity/Q36834 | E2: componist | G2: =IFERROR(LEFT(F2, 4), "") | I2: =IFERROR(LEFT(H2, 4), "") | K2: =IFERROR(LEFT(H2, 4), "") | L2: =IF(G2="", K2, G2) | M2: =IF(I2="", K2, I2)
A3: http://www.wikidata.org/entity/Q100534520 | B3: Adolf Verriest | C3: Beroep | D3: http://www.wikidata.org/entity/Q40348 | E3: advocaat | G3: =IFERROR(LEFT(F3, 4), "") | I3: =IFERROR(LEFT(H3, 4), "") | K3: =IFERROR(LEFT(H3, 4), "") | L3: =IF(G3="", K3, G3) | M3: =IF(I3="", K3, I3)
A4: http://www.wikidata.org/entity/Q100534520 | B4: Adolf Verriest | C4: Beroep | D4: http://www.wikidata.org/entity/Q82955 | E4: politicus | G4: =IFERROR(LEFT(F4, 4), "") | I4: =IFERROR(LEFT(H4, 4), "") | K4: =IFERROR(LEFT(H4, 4), "") | L4: =IF(G4="", K4, G4) | M4: =IF(I4="", K4, I4)
A5: http://www.wikidata.org/entity/Q100534520 | B5: Adolf Verriest | C5: Beroep | D5: http://www.wikidata.org/entity/Q49757 | E5: dichter | G5: =IFERROR(LEFT(F5, 4), "") | I5: =IFERROR(LEFT(H5, 4), "") | K5: =IFERROR(LEFT(H5, 4), "") | L5: =IF(G5="", K5, G5) | M5: =IF(I5="", K5, I5)
A6: http://www.wikidata.org/entity/Q100534520 | B6: Adolf Verriest | C6: Werklocatie | D6: http://www.wikidata.org/entity/Q12995 | E6: Kortrijk | G6: =IFERROR(LEFT(F6, 4), "") | I6: =IFERROR(LEFT(H6, 4), "") | K6: =IFERROR(LEFT(H6, 4), "") | L6: =IF(G6="", K6, G6) | M6: =IF(I6="", K6, I6)
A7: http://www.wikidata.org/entity/Q101627274 | B7: Juliaan Claerhout | C7: Beroep | D7: http://www.wikidata.org/entity/Q3621491 | E7: archeoloog | G7: =IFERROR(LEFT(F7, 4), "") | I7: =IFERROR(LEFT(H7, 4), "") | K7: =IFERROR(LEFT(H7, 4), "") | L7: =IF(G7="", K7, G7) | M7: =IF(I7="", K7, I7)
A8: http://www.wikidata.org/entity/Q101627274 | B8: Juliaan Claerhout | C8: Beroep | D8: http://www.wikidata.org/entity/Q1753370 | E8: parochievicaris | F8: 1889-09-23T00:00:00Z | G8: =IFERROR(LEFT(F8, 4), "") -> 1889 | I8: =IFERROR(LEFT(H8, 4), "") | K8: =IFERROR(LEFT(H8, 4), "") | L8: =IF(G8="", K8, G8) -> 1889 | M8: =IF(I8="", K8, I8)
A9: http://www.wikidata.org/entity/Q101627274 | B9: Juliaan Claerhout | C9: Beroep | D9: http://www.wikidata.org/entity/Q1469535 | E9: rooms-katholiek priester | F9: 1883-12-22T00:00:00Z | G9: =IFERROR(LEFT(F9, 4), "") -> 1883 | I9: =IFERROR(LEFT(H9, 4), "") | K9: =IFERROR(LEFT(H9, 4), "") | L9: =IF(G9="", K9, G9) -> 1883 | M9: =IF(I9="", K9, I9)
A10: http://www.wikidata.org/entity/Q101627274 | B10: Juliaan Claerhout | C10: Beroep | D10: http://www.wikidata.org/entity/Q2251335 | E10: leerkracht | F10: 1884-09-18T00:00:00Z | G10: =IFERROR(LEFT(F10, 4), "") -> 1884 | I10: =IFERROR(LEFT(H10, 4), "") | K10: =IFERROR(LEFT(H10, 4), "") | L10: =IF(G10="", K10, G10) -> 1884 | M10: =IF(I10="", K10, I10)
A11: http://www.wikidata.org/entity/Q101627274 | B11: Juliaan Claerhout | C11: Beroep | D11: http://www.wikidata.org/entity/Q1056391 | E11: rector | G11: =IFERROR(LEFT(F11, 4), "") | I11: =IFERROR(LEFT(H11, 4), "") | K11: =IFERROR(LEFT(H11, 4), "") | L11: =IF(G11="", K11, G11) | M11: =IF(I11="", K11, I11)
A12: http://www.wikidata.org/entity/Q101627274 | B12: Juliaan Claerhout | C12: Beroep | D12: http://www.wikidata.org/entity/Q955464 | E12: pastoor | G12: =IFERROR(LEFT(F12, 4), "") | I12: =IFERROR(LEFT(H12, 4), "") | K12: =IFERROR(LEFT(H12, 4), "") | L12: =IF(G12="", K12, G12) | M12: =IF(I12="", K12, I12)
A13: http://www.wikidata.org/entity/Q101627274 | B13: Juliaan Claerhout | C13: Werkgever | D13: http://www.wikidata.org/entity/Q119853947 | E13: Normaalschool Torhout | F13: 1887-09-10T00:00:00Z | G13: =IFERROR(LEFT(F13, 4), "") -> 1887 | I13: =IFERROR(LEFT(H13, 4), "") | K13: =IFERROR(LEFT(H13, 4), "") | L13: =IF(G13="", K13, G13) -> 1887 | M13: =IF(I13="", K13, I13)
A14: http://www.wikidata.org/entity/Q101627274 | B14: Juliaan Claerhout | C14: Werkgever | D14: http://www.wikidata.org/entity/Q118369334 | E14: Sint-Jozefscollege Tielt | F14: 1884-09-18T00:00:00Z | G14: =IFERROR(LEFT(F14, 4), "") -> 1884 | I14: =IFERROR(LEFT(H14, 4), "") | K14: =IFERROR(LEFT(H14, 4), "") | L14: =IF(G14="", K14, G14) -> 1884 | M14: =IF(I14="", K14, I14)
A15: http://www.wikidata.org/entity/Q101627274 | B15: Juliaan Claerhout | C15: Werklocatie | D15: http://www.wikidata.org/entity/Q651724 | E15: Pittem | F15: 1894-11-24T00:00:00Z | G15: =IFERROR(LEFT(F15, 4), "") -> 1894 | I15: =IFERROR(LEFT(H15, 4), "") | K15: =IFERROR(LEFT(H15, 4), "") | L15: =IF(G15="", K15, G15) -> 1894 | M15: =IF(I15="", K15, I15)
A16: http://www.wikidata.org/entity/Q101627274 | B16: Juliaan Claerhout | C16: Werklocatie | D16: http://www.wikidata.org/entity/Q651811 | E16: Tielt | F16: 1884-09-18T00:00:00Z | G16: =IFERROR(LEFT(F16, 4), "") -> 1884 | I16: =IFERROR(LEFT(H16, 4), "") | K16: =IFERROR(LEFT(H16, 4), "") | L16: =IF(G16="", K16, G16) -> 1884 | M16: =IF(I16="", K16, I16)
A17: http://www.wikidata.org/entity/Q101627274 | B17: Juliaan Claerhout | C17: Werklocatie | D17: http://www.wikidata.org/entity/Q705020 | E17: Kaster | F17: 1911-02-17T00:00:00Z | G17: =IFERROR(LEFT(F17, 4), "") -> 1911 | I17: =IFERROR(LEFT(H17, 4), "") | K17: =IFERROR(LEFT(H17, 4), "") | L17: =IF(G17="", K17, G17) -> 1911 | M17: =IF(I17="", K17, I17)
A18: http://www.wikidata.org/entity/Q101627274 | B18: Juliaan Claerhout | C18: Werklocatie | D18: http://www.wikidata.org/entity/Q270633 | E18: Torhout | F18: 1887-09-10T00:00:00Z | G18: =IFERROR(LEFT(F18, 4), "") -> 1887 | I18: =IFERROR(LEFT(H18, 4), "") | K18: =IFERROR(LEFT(H18, 4), "") | L18: =IF(G18="", K18, G18) -> 1887 | M18: =IF(I18="", K18, I18)
A19: http://www.wikidata.org/entity/Q101627274 | B19: Juliaan Claerhout | C19: Werklocatie | D19: http://www.wikidata.org/entity/Q2354846 | E19: Sint-Denijs | F19: 1889-09-23T00:00:00Z | G19: =IFERROR(LEFT(F19, 4), "") -> 1889 | I19: =IFERROR(LEFT(H19, 4), "") | K19: =IFERROR(LEFT(H19, 4), "") | L19: =IF(G19="", K19, G19) -> 1889 | M19: =IF(I19="", K19, I19)
A20: http://www.wikidata.org/entity/Q110039159 | B20: Jan Craeynest | C20: Beroep | D20: http://www.wikidata.org/entity/Q1657500 | E20: aalmoezenier | F20: 1900-01-01T00:00:00Z | G20: =IFERROR(LEFT(F20, 4), "") -> 1900 | I20: =IFERROR(LEFT(H20, 4), "") | K20: =IFERROR(LEFT(H20, 4), "") | L20: =IF(G20="", K20, G20) -> 1900 | M20: =IF(I20="", K20, I20)
A21: http://www.wikidata.org/entity/Q110039159 | B21: Jan Craeynest | C21: Beroep | D21: http://www.wikidata.org/entity/Q955464 | E21: pastoor | F21: 1904-01-01T00:00:00Z | G21: =IFERROR(LEFT(F21, 4), "") -> 1904 | I21: =IFERROR(LEFT(H21, 4), "") | K21: =IFERROR(LEFT(H21, 4), "") | L21: =IF(G21="", K21, G21) -> 1904 | M21: =IF(I21="", K21, I21)
A22: http://www.wikidata.org/entity/Q110039159 | B22: Jan Craeynest | C22: Beroep | D22: http://www.wikidata.org/entity/Q42603 | E22: priester | F22: 1882-01-01T00:00:00Z | G22: =IFERROR(LEFT(F22, 4), "") -> 1882 | I22: =IFERROR(LEFT(H22, 4), "") | K22: =IFERROR(LEFT(H22, 4), "") | L22: =IF(G22="", K22, G22) -> 1882 | M22: =IF(I22="", K22, I22)
A23: http://www.wikidata.org/entity/Q110039159 | B23: Jan Craeynest | C23: Beroep | D23: http://www.wikidata.org/entity/Q36180 | E23: schrijver | G23: =IFERROR(LEFT(F23, 4), "") | I23: =IFERROR(LEFT(H23, 4), "") | K23: =IFERROR(LEFT(H23, 4), "") | L23: =IF(G23="", K23, G23) | M23: =IF(I23="", K23, I23)
A24: http://www.wikidata.org/entity/Q110039159 | B24: Jan Craeynest | C24: Beroep | D24: http://www.wikidata.org/entity/Q2251335 | E24: leerkracht | F24: 1883-09-01T00:00:00Z | G24: =IFERROR(LEFT(F24, 4), "") -> 1883 | H24: 1892-08-12T00:00:00Z | I24: =IFERROR(LEFT(H24, 4), "") -> 1892 | K24: =IFERROR(LEFT(H24, 4), "") -> 1892 | L24: =IF(G24="", K24, G24) -> 1883 | M24: =IF(I24="", K24, I24) -> 1892
A25: http://www.wikidata.org/entity/Q110039159 | B25: Jan Craeynest | C25: Werkgever | D25: http://www.wikidata.org/entity/Q2663876 | E25: Sint-Lodewijkscollege | F25: 1883-09-01T00:00:00Z | G25: =IFERROR(LEFT(F25, 4), "") -> 1883 | H25: 1892-08-12T00:00:00Z | I25: =IFERROR(LEFT(H25, 4), "") -> 1892 | K25: =IFERROR(LEFT(H25, 4), "") -> 1892 | L25: =IF(G25="", K25, G25) -> 1883 | M25: =IF(I25="", K25, I25) -> 1892
A26: http://www.wikidata.org/entity/Q110039159 | B26: Jan Craeynest | C26: Werklocatie | D26: http://www.wikidata.org/entity/Q12994 | E26: Brugge | F26: 1883-09-01T00:00:00Z | G26: =IFERROR(LEFT(F26, 4), "") -> 1883 | I26: =IFERROR(LEFT(H26, 4), "") | K26: =IFERROR(LEFT(H26, 4), "") | L26: =IF(G26="", K26, G26) -> 1883 | M26: =IF(I26="", K26, I26)
A27: http://www.wikidata.org/entity/Q110039170 | B27: Leonardus Nuttin | C27: Beroep | D27: http://www.wikidata.org/entity/Q250867 | E27: katholiek priester | F27: 1849-03-03T00:00:00Z | G27: =IFERROR(LEFT(F27, 4), "") -> 1849 | I27: =IFERROR(LEFT(H27, 4), "") | K27: =IFERROR(LEFT(H27, 4), "") | L27: =IF(G27="", K27, G27) -> 1849 | M27: =IF(I27="", K27, I27)
A28: http://www.wikidata.org/entity/Q110039170 | B28: Leonardus Nuttin | C28: Beroep | D28: http://www.wikidata.org/entity/Q1753370 | E28: parochievicaris | G28: =IFERROR(LEFT(F28, 4), "") | I28: =IFERROR(LEFT(H28, 4), "") | K28: =IFERROR(LEFT(H28, 4), "") | L28: =IF(G28="", K28, G28) | M28: =IF(I28="", K28, I28)
A29: http://www.wikidata.org/entity/Q110039170 | B29: Leonardus Nuttin | C29: Beroep | D29: http://www.wikidata.org/entity/Q11977377 | E29: inspecteur | G29: =IFERROR(LEFT(F29, 4), "") | I29: =IFERROR(LEFT(H29, 4), "") | K29: =IFERROR(LEFT(H29, 4), "") | L29: =IF(G29="", K29, G29) | M29: =IF(I29="", K29, I29)
A30: http://www.wikidata.org/entity/Q110039170 | B30: Leonardus Nuttin | C30: Beroep | D30: http://www.wikidata.org/entity/Q955464 | E30: pastoor | F30: 1870-06-22T00:00:00Z | G30: =IFERROR(LEFT(F30, 4), "") -> 1870 | I30: =IFERROR(LEFT(H30, 4), "") | K30: =IFERROR(LEFT(H30, 4), "") | L30: =IF(G30="", K30, G30) -> 1870 | M30: =IF(I30="", K30, I30)
A31: http://www.wikidata.org/entity/Q110039170 | B31: Leonardus Nuttin | C31: Beroep | D31: http://www.wikidata.org/entity/Q2251335 | E31: leerkracht | F31: 1850-01-01T00:00:00Z | G31: =IFERROR(LEFT(F31, 4), "") -> 1850 | I31: =IFERROR(LEFT(H31, 4), "") | K31: =IFERROR(LEFT(H31, 4), "") | L31: =IF(G31="", K31, G31) -> 1850 | M31: =IF(I31="", K31, I31)
A32: http://www.wikidata.org/entity/Q110039170 | B32: Leonardus Nuttin | C32: Werkgever | D32: http://www.wikidata.org/entity/Q2663876 | E32: Sint-Lodewijkscollege | F32: 1850-01-01T00:00:00Z | G32: =IFERROR(LEFT(F32, 4), "") -> 1850 | I32: =IFERROR(LEFT(H32, 4), "") | K32: =IFERROR(LEFT(H32, 4), "") | L32: =IF(G32="", K32, G32) -> 1850 | M32: =IF(I32="", K32, I32)
A33: http://www.wikidata.org/entity/Q110039170 | B33: Leonardus Nuttin | C33: Werkgever | D33: http://www.wikidata.org/entity/Q15882061 | E33: Sint-Vincentiuscollege (Ieper) | F33: 1852-01-01T00:00:00Z | G33: =IFERROR(LEFT(F33, 4), "") -> 1852 | H33: 1863-01-01T00:00:00Z | I33: =IFERROR(LEFT(H33, 4), "") -> 1863 | K33: =IFERROR(LEFT(H33, 4), "") -> 1863 | L33: =IF(G33="", K33, G33) -> 1852 | M33: =IF(I33="", K33, I33) -> 1863
A34: http://www.wikidata.org/entity/Q110039170 | B34: Leonardus Nuttin | C34: Werkgever | D34: http://www.wikidata.org/entity/Q118369334 | E34: Sint-Jozefscollege Tielt | F34: 1851-01-01T00:00:00Z | G34: =IFERROR(LEFT(F34, 4), "") -> 1851 | I34: =IFERROR(LEFT(H34, 4), "") | K34: =IFERROR(LEFT(H34, 4), "") | L34: =IF(G34="", K34, G34) -> 1851 | M34: =IF(I34="", K34, I34)
A35: http://www.wikidata.org/entity/Q110039170 | B35: Leonardus Nuttin | C35: Werklocatie | D35: http://www.wikidata.org/entity/Q2316093 | E35: Zarren | F35: 1876-09-14T00:00:00Z | G35: =IFERROR(LEFT(F35, 4), "") -> 1876 | I35: =IFERROR(LEFT(H35, 4), "") | K35: =IFERROR(LEFT(H35, 4), "") | L35: =IF(G35="", K35, G35) -> 1876 | M35: =IF(I35="", K35, I35)
A36: http://www.wikidata.org/entity/Q110039170 | B36: Leonardus Nuttin | C36: Werklocatie | D36: http://www.wikidata.org/entity/Q102728 | E36: Ieper | F36: 1852-01-01T00:00:00Z | G36: =IFERROR(LEFT(F36, 4), "") -> 1852 | H36: 1863-01-01T00:00:00Z | I36: =IFERROR(LEFT(H36, 4), "") -> 1863 | K36: =IFERROR(LEFT(H36, 4), "") -> 1863 | L36: =IF(G36="", K36, G36) -> 1852 | M36: =IF(I36="", K36, I36) -> 1863
A37: http://www.wikidata.org/entity/Q110039170 | B37: Leonardus Nuttin | C37: Werklocatie | D37: http://www.wikidata.org/entity/Q12994 | E37: Brugge | F37: 1850-01-01T00:00:00Z | G37: =IFERROR(LEFT(F37, 4), "") -> 1850 | I37: =IFERROR(LEFT(H37, 4), "") | K37: =IFERROR(LEFT(H37, 4), "") | L37: =IF(G37="", K37, G37) -> 1850 | M37: =IF(I37="", K37, I37)
A38: http://www.wikidata.org/entity/Q110039170 | B38: Leonardus Nuttin | C38: Werklocatie | D38: http://www.wikidata.org/entity/Q215244 | E38: Diksmuide | G38: =IFERROR(LEFT(F38, 4), "") | I38: =IFERROR(LEFT(H38, 4), "") | K38: =IFERROR(LEFT(H38, 4), "") | L38: =IF(G38="", K38, G38) | M38: =IF(I38="", K38, I38)
A39: http://www.wikidata.org/entity/Q110039170 | B39: Leonardus Nuttin | C39: Werklocatie | D39: http://www.wikidata.org/entity/Q651811 | E39: Tielt | F39: 1851-01-01T00:00:00Z | G39: =IFERROR(LEFT(F39, 4), "") -> 1851 | I39: =IFERROR(LEFT(H39, 4), "") | K39: =IFERROR(LEFT(H39, 4), "") | L39: =IF(G39="", K39, G39) -> 1851 | M39: =IF(I39="", K39, I39)
A40: http://www.wikidata.org/entity/Q110039170 | B40: Leonardus Nuttin | C40: Werklocatie | D40: http://www.wikidata.org/entity/Q1021461 | E40: Bossuit | F40: 1870-06-22T00:00:00Z | G40: =IFERROR(LEFT(F40, 4), "") -> 1870 | I40: =IFERROR(LEFT(H40, 4), "") | K40: =IFERROR(LEFT(H40, 4), "") | L40: =IF(G40="", K40, G40) -> 1870 | M40: =IF(I40="", K40, I40)
A41: http://www.wikidata.org/entity/Q110039178 | B41: Pieter Baes | C41: Beroep | D41: http://www.wikidata.org/entity/Q250867 | E41: katholiek priester | F41: 1872-12-21T00:00:00Z | G41: =IFERROR(LEFT(F41, 4), "") -> 1872 | I41: =IFERROR(LEFT(H41, 4), "") | K41: =IFERROR(LEFT(H41, 4), "") | L41: =IF(G41="", K41, G41) -> 1872 | M41: =IF(I41="", K41, I41)
A42: http://www.wikidata.org/entity/Q110039178 | B42: Pieter Baes | C42: Beroep | D42: http://www.wikidata.org/entity/Q1622272 | E42: academisch docent | F42: 1879-04-23T00:00:00Z | G42: =IFERROR(LEFT(F42, 4), "") -> 1879 | I42: =IFERROR(LEFT(H42, 4), "") | K42: =IFERROR(LEFT(H42, 4), "") | L42: =IF(G42="", K42, G42) -> 1879 | M42: =IF(I42="", K42, I42)
A43: http://www.wikidata.org/entity/Q110039178 | B43: Pieter Baes | C43: Beroep | D43: http://www.wikidata.org/entity/Q2251335 | E43: leerkracht | F43: 1872-09-01T00:00:00Z | G43: =IFERROR(LEFT(F43, 4), "") -> 1872 | I43: =IFERROR(LEFT(H43, 4), "") | K43: =IFERROR(LEFT(H43, 4), "") | L43: =IF(G43="", K43, G43) -> 1872 | M43: =IF(I43="", K43, I43)
A44: http://www.wikidata.org/entity/Q110039178 | B44: Pieter Baes | C44: Beroep | D44: http://www.wikidata.org/entity/Q11977377 | E44: inspecteur | F44: 1895-01-01T00:00:00Z | G44: =IFERROR(LEFT(F44, 4), "") -> 1895 | I44: =IFERROR(LEFT(H44, 4), "") | K44: =IFERROR(LEFT(H44, 4), "") | L44: =IF(G44="", K44, G44) -> 1895 | M44: =IF(I44="", K44, I44)
A45: http://www.wikidata.org/entity/Q110039178 | B45: Pieter Baes | C45: Beroep | D45: http://www.wikidata.org/entity/Q1162163 | E45: directeur | G45: =IFERROR(LEFT(F45, 4), "") | I45: =IFERROR(LEFT(H45, 4), "") | K45: =IFERROR(LEFT(H45, 4), "") | L45: =IF(G45="", K45, G45) | M45: =IF(I45="", K45, I45)
A46: http://www.wikidata.org/entity/Q110039178 | B46: Pieter Baes | C46: Beroep | D46: http://www.wikidata.org/entity/Q1056391 | E46: rector | F46: 1879-09-17T00:00:00Z | G46: =IFERROR(LEFT(F46, 4), "") -> 1879 | I46: =IFERROR(LEFT(H46, 4), "") | K46: =IFERROR(LEFT(H46, 4), "") | L46: =IF(G46="", K46, G46) -> 1879 | M46: =IF(I46="", K46, I46)
A47: http://www.wikidata.org/entity/Q110039178 | B47: Pieter Baes | C47: Werkgever | D47: http://www.wikidata.org/entity/Q2663876 | E47: Sint-Lodewijkscollege | F47: 1872-09-01T00:00:00Z | G47: =IFERROR(LEFT(F47, 4), "") -> 1872 | I47: =IFERROR(LEFT(H47, 4), "") | K47: =IFERROR(LEFT(H47, 4), "") | L47: =IF(G47="", K47, G47) -> 1872 | M47: =IF(I47="", K47, I47)
A48: http://www.wikidata.org/entity/Q110039178 | B48: Pieter Baes | C48: Werkgever | D48: http://www.wikidata.org/entity/Q118370108 | E48: Staatsnormaalschool voor jongens Brugge | F48: 1879-04-23T00:00:00Z | G48: =IFERROR(LEFT(F48, 4), "") -> 1879 | I48: =IFERROR(LEFT(H48, 4), "") | K48: =IFERROR(LEFT(H48, 4), "") | L48: =IF(G48="", K48, G48) -> 1879 | M48: =IF(I48="", K48, I48)
A49: http://www.wikidata.org/entity/Q110039178 | B49: Pieter Baes | C49: Werklocatie | D49: http://www.wikidata.org/entity/Q12994 | E49: Brugge | F49: 1872-09-01T00:00:00Z | G49: =IFERROR(LEFT(F49, 4), "") -> 1872 | I49: =IFERROR(LEFT(H49, 4), "") | K49: =IFERROR(LEFT(H49, 4), "") | L49: =IF(G49="", K49, G49) -> 1872 | M49: =IF(I49="", K49, I49)
A50: http://www.wikidata.org/entity/Q110039178 | B50: Pieter Baes | C50: Werklocatie | D50: http://www.wikidata.org/entity/Q392337 | E50: Izegem | F50: 1879-09-17T00:00:00Z | G50: =IFERROR(LEFT(F50, 4), "") -> 1879 | I50: =IFERROR(LEFT(H50, 4), "") | K50: =IFERROR(LEFT(H50, 4), "") | L50: =IF(G50="", K50, G50) -> 1879 | M50: =IF(I50="", K50, I50)
A51: http://www.wikidata.org/entity/Q110039180 | B51: Placidus Haghebaert | C51: Beroep | D51: http://www.wikidata.org/entity/Q1753370 | E51: parochievicaris | F51: 1876-12-14T00:00:00Z | G51: =IFERROR(LEFT(F51, 4), "") -> 1876 | H51: 1888-04-30T00:00:00Z | I51: =IFERROR(LEFT(H51, 4), "") -> 1888 | K51: =IFERROR(LEFT(H51, 4), "") -> 1888 | L51: =IF(G51="", K51, G51) -> 1876 | M51: =IF(I51="", K51, I51) -> 1888
A52: http://www.wikidata.org/entity/Q110039180 | B52: Placidus Haghebaert | C52: Beroep | D52: http://www.wikidata.org/entity/Q1072363 | E52: bestuurder | F52: 1897-01-01T00:00:00Z | G52: =IFERROR(LEFT(F52, 4), "") -> 1897 | H52: 1901-01-01T00:00:00Z | I52: =IFERROR(LEFT(H52, 4), "") -> 1901 | K52: =IFERROR(LEFT(H52, 4), "") -> 1901 | L52: =IF(G52="", K52, G52) -> 1897 | M52: =IF(I52="", K52, I52) -> 1901
A53: http://www.wikidata.org/entity/Q110039180 | B53: Placidus Haghebaert | C53: Beroep | D53: http://www.wikidata.org/entity/Q333634 | E53: vertaler | G53: =IFERROR(LEFT(F53, 4), "") | I53: =IFERROR(LEFT(H53, 4), "") | K53: =IFERROR(LEFT(H53, 4), "") | L53: =IF(G53="", K53, G53) | M53: =IF(I53="", K53, I53)
A54: http://www.wikidata.org/entity/Q110039180 | B54: Placidus Haghebaert | C54: Beroep | D54: http://www.wikidata.org/entity/Q1553123 | E54: lector | F54: 1892-06-01T00:00:00Z | G54: =IFERROR(LEFT(F54, 4), "") -> 1892 | I54: =IFERROR(LEFT(H54, 4), "") | K54: =IFERROR(LEFT(H54, 4), "") | L54: =IF(G54="", K54, G54) -> 1892 | M54: =IF(I54="", K54, I54)
A55: http://www.wikidata.org/entity/Q110039180 | B55: Placidus Haghebaert | C55: Beroep | D55: http://www.wikidata.org/entity/Q435940 | E55: pater | F55: 1892-05-11T00:00:00Z | G55: =IFERROR(LEFT(F55, 4), "") -> 1892 | H55: 1905-04-02T00:00:00Z | I55: =IFERROR(LEFT(H55, 4), "") -> 1905 | K55: =IFERROR(LEFT(H55, 4), "") -> 1905 | L55: =IF(G55="", K55, G55) -> 1892 | M55: =IF(I55="", K55, I55) -> 1905
A56: http://www.wikidata.org/entity/Q110039180 | B56: Placidus Haghebaert | C56: Beroep | D56: http://www.wikidata.org/entity/Q42603 | E56: priester | F56: 1874-12-19T00:00:00Z | G56: =IFERROR(LEFT(F56, 4), "") -> 1874 | I56: =IFERROR(LEFT(H56, 4), "") | K56: =IFERROR(LEFT(H56, 4), "") | L56: =IF(G56="", K56, G56) -> 1874 | M56: =IF(I56="", K56, I56)
A57: http://www.wikidata.org/entity/Q110039180 | B57: Placidus Haghebaert | C57: Werklocatie | D57: http://www.wikidata.org/entity/Q214154 | E57: Zonnebeke | F57: 1876-12-14T00:00:00Z | G57: =IFERROR(LEFT(F57, 4), "") -> 1876 | H57: 1888-07-28T00:00:00Z | I57: =IFERROR(LEFT(H57, 4), "") -> 1888 | K57: =IFERROR(LEFT(H57, 4), "") -> 1888 | L57: =IF(G57="", K57, G57) -> 1876 | M57: =IF(I57="", K57, I57) -> 1888
A58: http://www.wikidata.org/entity/Q110039180 | B58: Placidus Haghebaert | C58: Werklocatie | D58: http://www.wikidata.org/entity/Q822795 | E58: Koekelare | F58: 1880-07-28T00:00:00Z | G58: =IFERROR(LEFT(F58, 4), "") -> 1880 | H58: 1888-04-30T00:00:00Z | I58: =IFERROR(LEFT(H58, 4), "") -> 1888 | K58: =IFERROR(LEFT(H58, 4), "") -> 1888 | L58: =IF(G58="", K58, G58) -> 1880 | M58: =IF(I58="", K58, I58) -> 1888
A59: http://www.wikidata.org/entity/Q110039180 | B59: Placidus Haghebaert | C59: Werklocatie | D59: http://www.wikidata.org/entity/Q118958 | E59: Leuven | G59: =IFERROR(LEFT(F59, 4), "") | I59: =IFERROR(LEFT(H59, 4), "") | K59: =IFERROR(LEFT(H59, 4), "") | L59: =IF(G59="", K59, G59) | M59: =IF(I59="", K59, I59)
A60: http://www.wikidata.org/entity/Q110039191 | B60: Alfons Dassonville | C60: Beroep | D60: http://www.wikidata.org/entity/Q1657500 | E60: aalmoezenier | F60: 1907-01-01T00:00:00Z | G60: =IFERROR(LEFT(F60, 4), "") -> 1907 | I60: =IFERROR(LEFT(H60, 4), "") | K60: =IFERROR(LEFT(H60, 4), "") | L60: =IF(G60="", K60, G60) -> 1907 | M60: =IF(I60="", K60, I60)
A61: http://www.wikidata.org/entity/Q110039191 | B61: Alfons Dassonville | C61: Beroep | D61: http://www.wikidata.org/entity/Q955464 | E61: pastoor | F61: 1912-01-01T00:00:00Z | G61: =IFERROR(LEFT(F61, 4), "") -> 1912 | I61: =IFERROR(LEFT(H61, 4), "") | K61: =IFERROR(LEFT(H61, 4), "") | L61: =IF(G61="", K61, G61) -> 1912 | M61: =IF(I61="", K61, I61)
A62: http://www.wikidata.org/entity/Q110039191 | B62: Alfons Dassonville | C62: Beroep | D62: http://www.wikidata.org/entity/Q250867 | E62: katholiek priester | F62: 1884-12-19T00:00:00Z | G62: =IFERROR(LEFT(F62, 4), "") -> 1884 | I62: =IFERROR(LEFT(H62, 4), "") | K62: =IFERROR(LEFT(H62, 4), "") | L62: =IF(G62="", K62, G62) -> 1884 | M62: =IF(I62="", K62, I62)
A63: http://www.wikidata.org/entity/Q110039191 | B63: Alfons Dassonville | C63: Beroep | D63: http://www.wikidata.org/entity/Q1162163 | E63: directeur | F63: 1900-01-01T00:00:00Z | G63: =IFERROR(LEFT(F63, 4), "") -> 1900 | I63: =IFERROR(LEFT(H63, 4), "") | K63: =IFERROR(LEFT(H63, 4), "") | L63: =IF(G63="", K63, G63) -> 1900 | M63: =IF(I63="", K63, I63)
A64: http://www.wikidata.org/entity/Q110039191 | B64: Alfons Dassonville | C64: Beroep | D64: http://www.wikidata.org/entity/Q2251335 | E64: leerkracht | F64: 1885-09-10T00:00:00Z | G64: =IFERROR(LEFT(F64, 4), "") -> 1885 | I64: =IFERROR(LEFT(H64, 4), "") | K64: =IFERROR(LEFT(H64, 4), "") | L64: =IF(G64="", K64, G64) -> 1885 | M64: =IF(I64="", K64, I64)
A65: http://www.wikidata.org/entity/Q110039191 | B65: Alfons Dassonville | C65: Werkgever | D65: http://www.wikidata.org/entity/Q2185331 | E65: Sint-Janscollege | F65: 1887-09-10T00:00:00Z | G65: =IFERROR(LEFT(F65, 4), "") -> 1887 | I65: =IFERROR(LEFT(H65, 4), "") | K65: =IFERROR(LEFT(H65, 4), "") | L65: =IF(G65="", K65, G65) -> 1887 | M65: =IF(I65="", K65, I65)
A66: http://www.wikidata.org/entity/Q110039191 | B66: Alfons Dassonville | C66: Werkgever | D66: http://www.wikidata.org/entity/Q2139232 | E66: Onze-Lieve-Vrouwehospitaal | F66: 1907-01-01T00:00:00Z | G66: =IFERROR(LEFT(F66, 4), "") -> 1907 | I66: =IFERROR(LEFT(H66, 4), "") | K66: =IFERROR(LEFT(H66, 4), "") | L66: =IF(G66="", K66, G66) -> 1907 | M66: =IF(I66="", K66, I66)
A67: http://www.wikidata.org/entity/Q110039191 | B67: Alfons Dassonville | C67: Werkgever | D67: http://www.wikidata.org/entity/Q2480833 | E67: Onze-Lieve-Vrouwecollege | F67: 1885-09-10T00:00:00Z | G67: =IFERROR(LEFT(F67, 4), "") -> 1885 | I67: =IFERROR(LEFT(H67, 4), "") | K67: =IFERROR(LEFT(H67, 4), "") | L67: =IF(G67="", K67, G67) -> 1885 | M67: =IF(I67="", K67, I67)
A68: http://www.wikidata.org/entity/Q110039191 | B68: Alfons Dassonville | C68: Werkgever | D68: http://www.wikidata.org/entity/Q231768 | E68: Zwarte Zusters van de H. Augustinus | F68: 1900-01-01T00:00:00Z | G68: =IFERROR(LEFT(F68, 4), "") -> 1900 | I68: =IFERROR(LEFT(H68, 4), "") | K68: =IFERROR(LEFT(H68, 4), "") | L68: =IF(G68="", K68, G68) -> 1900 | M68: =IF(I68="", K68, I68)
A69: http://www.wikidata.org/entity/Q110039191 | B69: Alfons Dassonville | C69: Werkgever | D69: http://www.wikidata.org/entity/Q2018402 | E69: Sint-Amandscollege | F69: 1896-09-20T00:00:00Z | G69: =IFERROR(LEFT(F69, 4), "") -> 1896 | I69: =IFERROR(LEFT(H69, 4), "") | K69: =IFERROR(LEFT(H69, 4), "") | L69: =IF(G69="", K69, G69) -> 1896 | M69: =IF(I69="", K69, I69)
A70: http://www.wikidata.org/entity/Q110039191 | B70: Alfons Dassonville | C70: Werkgever | D70: http://www.wikidata.org/entity/Q2663876 | E70: Sint-Lodewijkscollege | F70: 1886-09-15T00:00:00Z | G70: =IFERROR(LEFT(F70, 4), "") -> 1886 | I70: =IFERROR(LEFT(H70, 4), "") | K70: =IFERROR(LEFT(H70, 4), "") | L70: =IF(G70="", K70, G70) -> 1886 | M70: =IF(I70="", K70, I70)
A71: http://www.wikidata.org/entity/Q110039191 | B71: Alfons Dassonville | C71: Werklocatie | D71: http://www.wikidata.org/entity/Q499588 | E71: Poperinge | F71: 1887-09-10T00:00:00Z | G71: =IFERROR(LEFT(F71, 4), "") -> 1887 | I71: =IFERROR(LEFT(H71, 4), "") | K71: =IFERROR(LEFT(H71, 4), "") | L71: =IF(G71="", K71, G71) -> 1887 | M71: =IF(I71="", K71, I71)
... A79: http://www.wikidata.org/entity/Q110039191 | B79: Alfons Dassonville | C79: Werklocatie | D79: http://www.wikidata.org/entity/Q12995 | E79: Kortrijk | F79: 1906-01-01T00:00:00Z | G79: =IFERROR(LEFT(F79, 4), "") -> 1906 | I79: =IFERROR(LEFT(H79, 4), "") | K79: =IFERROR(LEFT(H79, 4), "") | L79: =IF(G79="", K79, G79) -> 1906 | M79: =IF(I79="", K79, I79)
A80: http://www.wikidata.org/entity/Q110039219 | B80: Edward Verschelde | C80: Beroep | D80: http://www.wikidata.org/entity/Q955464 | E80: pastoor | F80: 1894-05-09T00:00:00Z | G80: =IFERROR(LEFT(F80, 4), "") -> 1894 | H80: 1919-09-13T00:00:00Z | I80: =IFERROR(LEFT(H80, 4), "") -> 1919 | K80: =IFERROR(LEFT(H80, 4), "") -> 1919 | L80: =IF(G80="", K80, G80) -> 1894 | M80: =IF(I80="", K80, I80) -> 1919
A81: http://www.wikidata.org/entity/Q110039219 | B81: Edward Verschelde | C81: Beroep | D81: http://www.wikidata.org/entity/Q114371470 | E81: coadjutor | F81: 1870-08-26T00:00:00Z | G81: =IFERROR(LEFT(F81, 4), "") -> 1870 | I81: =IFERROR(LEFT(H81, 4), "") | K81: =IFERROR(LEFT(H81, 4), "") | L81: =IF(G81="", K81, G81) -> 1870 | M81: =IF(I81="", K81, I81)
A82: http://www.wikidata.org/entity/Q110039219 | B82: Edward Verschelde | C82: Beroep | D82: http://www.wikidata.org/entity/Q250867 | E82: katholiek priester | F82: 1870-07-31T00:00:00Z | G82: =IFERROR(LEFT(F82, 4), "") -> 1870 | H82: 1928-10-23T00:00:00Z | I82: =IFERROR(LEFT(H82, 4), "") -> 1928 | K82: =IFERROR(LEFT(H82, 4), "") -> 1928 | L82: =IF(G82="", K82, G82) -> 1870 | M82: =IF(I82="", K82, I82) -> 1928
A83: http://www.wikidata.org/entity/Q110039219 | B83: Edward Verschelde | C83: Beroep | D83: http://www.wikidata.org/entity/Q1753370 | E83: parochievicaris | F83: 1876-10-18T00:00:00Z | G83: =IFERROR(LEFT(F83, 4), "") -> 1876 | H83: 1894-05-09T00:00:00Z | I83: =IFERROR(LEFT(H83, 4), "") -> 1894 | K83: =IFERROR(LEFT(H83, 4), "") -> 1894 | L83: =IF(G83="", K83, G83) -> 1876 | M83: =IF(I83="", K83, I83) -> 1894
A84: http://www.wikidata.org/entity/Q110039219 | B84: Edward Verschelde | C84: Werklocatie | D84: http://www.wikidata.org/entity/Q2963326 | E84: Reninge | F84: 1900-10-26T00:00:00Z | G84: =IFERROR(LEFT(F84, 4), "") -> 1900 | H84: 1919-09-13T00:00:00Z | I84: =IFERROR(LEFT(H84, 4), "") -> 1919 | K84: =IFERROR(LEFT(H84, 4), "") -> 1919 | L84: =IF(G84="", K84, G84) -> 1900 | M84: =IF(I84="", K84, I84) -> 1919
A85: http://www.wikidata.org/entity/Q110039219 | B85: Edward Verschelde | C85: Werklocatie | D85: http://www.wikidata.org/entity/Q2568071 | E85: Schore | F85: 1894-05-09T00:00:00Z | G85: =IFERROR(LEFT(F85, 4), "") -> 1894 | H85: 1900-10-26T00:00:00Z | I85: =IFERROR(LEFT(H85, 4), "") -> 1900 | K85: =IFERROR(LEFT(H85, 4), "") -> 1900 | L85: =IF(G85="", K85, G85) -> 1894 | M85: =IF(I85="", K85, I85) -> 1900
A86: http://www.wikidata.org/entity/Q110039219 | B86: Edward Verschelde | C86: Werklocatie | D86: http://www.wikidata.org/entity/Q2107664 | E86: Westkapelle | F86: 1870-08-26T00:00:00Z | G86: =IFERROR(LEFT(F86, 4), "") -> 1870 | I86: =IFERROR(LEFT(H86, 4), "") | K86: =IFERROR(LEFT(H86, 4), "") | L86: =IF(G86="", K86, G86) -> 1870 | M86: =IF(I86="", K86, I86)
A87: http://www.wikidata.org/entity/Q110039219 | B87: Edward Verschelde | C87: Werklocatie | D87: http://www.wikidata.org/entity/Q1963590 | E87: Geluwe | F87: 1876-10-18T00:00:00Z | G87: =IFERROR(LEFT(F87, 4), "") -> 1876 | H87: 1894-05-09T00:00:00Z | I87: =IFERROR(LEFT(H87, 4), "") -> 1894 | K87: =IFERROR(LEFT(H87, 4), "") -> 1894 | L87: =IF(G87="", K87, G87) -> 1876 | M87: =IF(I87="", K87, I87) -> 1894
A88: http://www.wikidata.org/entity/Q110039252 | B88: Henri Delbar | C88: Beroep | D88: http://www.wikidata.org/entity/Q1162163 | E88: directeur | F88: 1874-01-01T00:00:00Z | G88: =IFERROR(LEFT(F88, 4), "") -> 1874 | H88: 1884-01-01T00:00:00Z | I88: =IFERROR(LEFT(H88, 4), "") -> 1884 | K88: =IFERROR(LEFT(H88, 4), "") -> 1884 | L88: =IF(G88="", K88, G88) -> 1874 | M88: =IF(I88="", K88, I88) -> 1884
A89: http://www.wikidata.org/entity/Q110039252 | B89: Henri Delbar | C89: Beroep | D89: http://www.wikidata.org/entity/Q2251335 | E89: leerkracht | F89: 1857-12-22T00:00:00Z | G89: =IFERROR(LEFT(F89, 4), "") -> 1857 | H89: 1869-07-02T00:00:00Z | I89: =IFERROR(LEFT(H89, 4), "") -> 1869 | K89: =IFERROR(LEFT(H89, 4), "") -> 1869 | L89: =IF(G89="", K89, G89) -> 1857 | M89: =IF(I89="", K89, I89) -> 1869
A90: http://www.wikidata.org/entity/Q110039252 | B90: Henri Delbar | C90: Beroep | D90: http://www.wikidata.org/entity/Q115705951 | E90: pastoor-deken | F90: 1889-04-29T00:00:00Z | G90: =IFERROR(LEFT(F90, 4), "") -> 1889 | H90: 1894-11-24T00:00:00Z | I90: =IFERROR(LEFT(H90, 4), "") -> 1894 | K90: =IFERROR(LEFT(H90, 4), "") -> 1894 | L90: =IF(G90="", K90, G90) -> 1889 | M90: =IF(I90="", K90, I90) -> 1894
A91: http://www.wikidata.org/entity/Q110039252 | B91: Henri Delbar | C91: Beroep | D91: http://www.wikidata.org/entity/Q1056391 | E91: rector | F91: 1869-07-02T00:00:00Z | G91: =IFERROR(LEFT(F91, 4), "") -> 1869 | H91: 1884-11-22T00:00:00Z | I91: =IFERROR(LEFT(H91, 4), "") -> 1884 | K91: =IFERROR(LEFT(H91, 4), "") -> 1884 | L91: =IF(G91="", K91, G91) -> 1869 | M91: =IF(I91="", K91, I91) -> 1884
A92: http://www.wikidata.org/entity/Q110039252 | B92: Henri Delbar | C92: Beroep | D92: http://www.wikidata.org/entity/Q250867 | E92: katholiek priester | F92: 1857-12-19T00:00:00Z | G92: =IFERROR(LEFT(F92, 4), "") -> 1857 | H92: 1894-11-24T00:00:00Z | I92: =IFERROR(LEFT(H92, 4), "") -> 1894 | K92: =IFERROR(LEFT(H92, 4), "") -> 1894 | L92: =IF(G92="", K92, G92) -> 1857 | M92: =IF(I92="", K92, I92) -> 1894
A93: http://www.wikidata.org/entity/Q110039252 | B93: Henri Delbar | C93: Werkgever | D93: http://www.wikidata.org/entity/Q120650189 | E93: Congregatie van de Grauwzusters Franciscanessen (Roeselare) | F93: 1874-01-01T00:00:00Z | G93: =IFERROR(LEFT(F93, 4), "") -> 1874 | H93: 1884-01-01T00:00:00Z | I93: =IFERROR(LEFT(H93, 4), "") -> 1884 | K93: =IFERROR(LEFT(H93, 4), "") -> 1884 | L93: =IF(G93="", K93, G93) -> 1874 | M93: =IF(I93="", K93, I93) -> 1884
A94: http://www.wikidata.org/entity/Q110039252 | B94: Henri Delbar | C94: Werkgever | D94: http://www.wikidata.org/entity/Q1867263 | E94: Klein Seminarie Roeselare | F94: 1857-12-22T00:00:00Z | G94: =IFERROR(LEFT(F94, 4), "") -> 1857 | H94: 1884-11-22T00:00:00Z | I94: =IFERROR(LEFT(H94, 4), "") -> 1884 | K94: =IFERROR(LEFT(H94, 4), "") -> 1884 | L94: =IF(G94="", K94, G94) -> 1857 | M94: =IF(I94="", K94, I94) -> 1884
A95: http://www.wikidata.org/entity/Q110039252 | B95: Henri Delbar | C95: Werkgever | D95: http://www.wikidata.org/entity/Q2479554 | E95: Grootseminarie van Brugge | F95: 1884-11-22T00:00:00Z | G95: =IFERROR(LEFT(F95, 4), "") -> 1884 | H95: 1889-04-29T00:00:00Z | I95: =IFERROR(LEFT(H95, 4), "") -> 1889 | K95: =IFERROR(LEFT(H95, 4), "") -> 1889 | L95: =IF(G95="", K95, G95) -> 1884 | M95: =IF(I95="", K95, I95) -> 1889
A96: http://www.wikidata.org/entity/Q110039252 | B96: Henri Delbar | C96: Werklocatie | D96: http://www.wikidata.org/entity/Q211037 | E96: Roeselare | F96: 1857-12-22T00:00:00Z | G96: =IFERROR(LEFT(F96, 4), "") -> 1857 | H96: 1884-11-22T00:00:00Z | I96: =IFERROR(LEFT(H96, 4), "") -> 1884 | K96: =IFERROR(LEFT(H96, 4), "") -> 1884 | L96: =IF(G96="", K96, G96) -> 1857 | M96: =IF(I96="", K96, I96) -> 1884
A97: http://www.wikidata.org/entity/Q110039252 | B97: Henri Delbar | C97: Werklocatie | D97: http://www.wikidata.org/entity/Q12994 | E97: Brugge | F97: 1884-11-22T00:00:00Z | G97: =IFERROR(LEFT(F97, 4), "") -> 1884 | H97: 1889-04-29T00:00:00Z | I97: =IFERROR(LEFT(H97, 4), "") -> 1889 | K97: =IFERROR(LEFT(H97, 4), "") -> 1889 | L97: =IF(G97="", K97, G97) -> 1884 | M97: =IF(I97="", K97, I97) -> 1889
A98: http://www.wikidata.org/entity/Q110039252 | B98: Henri Delbar | C98: Werklocatie | D98: http://www.wikidata.org/entity/Q213224 | E98: Menen | F98: 1889-04-29T00:00:00Z | G98: =IFERROR(LEFT(F98, 4), "") -> 1889 | H98: 1894-11-24T00:00:00Z | I98: =IFERROR(LEFT(H98, 4), "") -> 1894 | K98: =IFERROR(LEFT(H98, 4), "") -> 1894 | L98: =IF(G98="", K98, G98) -> 1889 | M98: =IF(I98="", K98, I98) -> 1894
A99: http://www.wikidata.org/entity/Q110039260 | B99: Jacob Lenaerts | C99: Beroep | D99: http://www.wikidata.org/entity/Q1753370 | E99: parochievicaris | G99: =IFERROR(LEFT(F99, 4), "") | I99: =IFERROR(LEFT(H99, 4), "") | K99: =IFERROR(LEFT(H99, 4), "") | L99: =IF(G99="", K99, G99) | M99: =IF(I99="", K99, I99)
A100: http://www.wikidata.org/entity/Q110039260 | B100: Jacob Lenaerts | C100: Beroep | D100: http://www.wikidata.org/entity/Q115705951 | E100: pastoor-deken | F100: 1904-01-01T00:00:00Z | G100: =IFERROR(LEFT(F100, 4), "") -> 1904 | H100: 1913-01-01T00:00:00Z | I100: =IFERROR(LEFT(H100, 4), "") -> 1913 | K100: =IFERROR(LEFT(H100, 4), "") -> 1913 | L100: =IF(G100="", K100, G100) -> 1904 | M100: =IF(I100="", K100, I100) -> 1913
A101: http://www.wikidata.org/entity/Q110039260 | B101: Jacob Lenaerts | C101: Beroep | D101: http://www.wikidata.org/entity/Q49757 | E101: dichter | G101: =IFERROR(LEFT(F101, 4), "") | I101: =IFERROR(LEFT(H101, 4), "") | K101: =IFERROR(LEFT(H101, 4), "") | L101: =IF(G101="", K101, G101) | M101: =IF(I101="", K101, I101)
A102: http://www.wikidata.org/entity/Q110039260 | B102: Jacob Lenaerts | C102: Beroep | D102: http://www.wikidata.org/entity/Q208762 | E102: kapelaan | G102: =IFERROR(LEFT(F102, 4), "") | I102: =IFERROR(LEFT(H102, 4), "") | K102: =IFERROR(LEFT(H102, 4), "") | L102: =IF(G102="", K102, G102) | M102: =IF(I102="", K102, I102)
A103: http://www.wikidata.org/entity/Q110039260 | B103: Jacob Lenaerts | C103: Beroep | D103: http://www.wikidata.org/entity/Q955464 | E103: pastoor | F103: 1898-01-01T00:00:00Z | G103: =IFERROR(LEFT(F103, 4), "") -> 1898 | I103: =IFERROR(LEFT(H103, 4), "") | K103: =IFERROR(LEFT(H103, 4), "") | L103: =IF(G103="", K103, G103) -> 1898 | M103: =IF(I103="", K103, I103)
A104: http://www.wikidata.org/entity/Q110039260 | B104: Jacob Lenaerts | C104: Beroep | D104: http://www.wikidata.org/entity/Q250867 | E104: katholiek priester | F104: 1886-04-10T00:00:00Z | G104: =IFERROR(LEFT(F104, 4), "") -> 1886 | I104: =IFERROR(LEFT(H104, 4), "") | K104: =IFERROR(LEFT(H104, 4), "") | L104: =IF(G104="", K104, G104) -> 1886 | M104: =IF(I104="", K104, I104)
A105: http://www.wikidata.org/entity/Q110039260 | B105: Jacob Lenaerts | C105: Werklocatie | D105: http://www.wikidata.org/entity/Q194037 | E105: Seraing | G105: =IFERROR(LEFT(F105, 4), "") | I105: =IFERROR(LEFT(H105, 4), "") | K105: =IFERROR(LEFT(H105, 4), "") | L105: =IF(G105="", K105, G105) | M105: =IF(I105="", K105, I105)
A106: http://www.wikidata.org/entity/Q110039260 | B106: Jacob Lenaerts | C106: Werklocatie | D106: http://www.wikidata.org/entity/Q2794293 | E106: Membruggen | F106: 1901-01-01T00:00:00Z | G106: =IFERROR(LEFT(F106, 4), "") -> 1901 | I106: =IFERROR(LEFT(H106, 4), "") | K106: =IFERROR(LEFT(H106, 4), "") | L106: =IF(G106="", K106, G106) -> 1901 | M106: =IF(I106="", K106, I106)
A107: http://www.wikidata.org/entity/Q110039260 | B107: Jacob Lenaerts | C107: Werklocatie | D107: http://www.wikidata.org/entity/Q2371714 | E107: Bevingen | F107: 1898-01-01T00:00:00Z | G107: =IFERROR(LEFT(F107, 4), "") -> 1898 | H107: 1901-01-01T00:00:00Z | I107: =IFERROR(LEFT(H107, 4), "") -> 1901 | K107: =IFERROR(LEFT(H107, 4), "") -> 1901 | L107: =IF(G107="", K107, G107) -> 1898 | M107: =IF(I107="", K107, I107) -> 1901
...

Sheet Nodes
A1: ID | B1: Label | C1: Category | D1: Geboorteplaats | E1: Afbeelding
A2: http://www.wikidata.org/entity/Q119454376 | B2: t Daghet in den Oosten | C2: Person
A3: http://www.wikidata.org/entity/Q115818424 | B3: Achiel Piepers | C3: Person
A4: http://www.wikidata.org/entity/Q119013873 | B4: Achiel Van de Putte | C4: Person
A5: http://www.wikidata.org/entity/Q119217729 | B5: Achille Croquison | C5: Person
A6: http://www.wikidata.org/entity/Q113754119 | B6: Adolf De Wolf | C6: Person
A7: http://www.wikidata.org/entity/Q2524668 | B7: Adolf Duclos | C7: Person
A8: http://www.wikidata.org/entity/Q2524668 | B8: Adolf Duclos | C8: Person
A9: http://www.wikidata.org/entity/Q2524668 | B9: Adolf Duclos | C9: Person
A10: http://www.wikidata.org/entity/Q2524668 | B10: Adolf Duclos | C10: Person
A11: http://www.wikidata.org/entity/Q2524668 | B11: Adolf Duclos | C11: Person
A12: http://www.wikidata.org/entity/Q2524668 | B12: Adolf Duclos | C12: Person
A13: http://www.wikidata.org/entity/Q2524668 | B13: Adolf Duclos | C13: Person
... A6509: http://www.wikidata.org/entity/Q2079 | B6509: Leipzig | C6509: Werklocatie

Sheet NodesNoDup
B1: Label | C1: Category | D1: Startyearcor | E1: StartyearcorFIX | F1: Startyearcorfixvalue | G1: EndYearcor
A2: Q119454376 | B2: t Daghet in den Oosten | C2: Person | D2: 1700 | E2: =IF(D2=1700,G2,D2) -> 1710 | F2: 1710 | G2: 1710
A3: Q115818424 | B3: Achiel Piepers | C3: Person | D3: 1889 | E3: =IF(D3=1700,G3,D3) -> 1889 | F3: 1889 | G3: 1889
A4: Q119013873 | B4: Achiel Van de Putte | C4: Person | D4: 1892 | E4: =IF(D4=1700,G4,D4) -> 1892 | F4: 1892 | G4: 1892
A5: Q119217729 | B5: Achille Croquison | C5: Person | D5: 1893 | E5: =IF(D5=1700,G5,D5) -> 1893 | F5: 1893 | G5: 1893
A6: Q113754119 | B6: Adolf De Wolf | C6: Person | D6: 1886 | E6: =IF(D6=1700,G6,D6) -> 1886 | F6: 1886 | G6: 1898
A7: Q2524668 | B7: Adolf Duclos | C7: Person | D7: 1700 | E7: =IF(D7=1700,G7,D7) -> 1710 | F7: 1710 | G7: 1710
A8: Q43140929 | B8: Adolf Pauwels | C8: Person | D8: 1884 | E8: =IF(D8=1700,G8,D8) -> 1884 | F8: 1884 | G8: 1884
A9: Q100534520 | B9: Adolf Verriest | C9: Person | D9: 1700 | E9: =IF(D9=1700,G9,D9) -> 1872 | F9: 1872 | G9: 1872
A10: Q136793932 | B10: Adèle Serweytens | C10: Person | D10: 1700 | E10: =IF(D10=1700,G10,D10) -> 1710 | F10: 1710 | G10: 1710
A11: Q116687284 | B11: Agnes Mary Christophers | C11: Person | D11: 1857 | E11: =IF(D11=1700,G11,D11) -> 1857 | F11: 1857 | G11: 1857
A12: Q118772822 | B12: Albert Aimé Marie Vandewalle | C12: Person | D12: 1895 | E12: =IF(D12=1700,G12,D12) -> 1895 | F12: 1895 | G12: 1895
A13: Q586323 | B13: Albert Verwey | C13: Person | D13: 1700 | E13: =IF(D13=1700,G13,D13) -> 1710 | F13: 1710 | G13: 1710
A14: Q2832059 | B14: Albéric Emmanuel Henri Marie Ghislain Ruzette | C14: Person | D14: 1700 | E14: =IF(D14=1700,G14,D14) -> 1710 | F14: 1710 | G14: 1710
A15: Q115811921 | B15: Alexandre Berghman | C15: Person | D15: 1700 | E15: =IF(D15=1700,G15,D15) -> 1710 | F15: 1710 | G15: 1710
A16: Q56036018 | B16: Alexandre Bonvarlet | C16: Person | D16: 1885 | E16: =IF(D16=1700,G16,D16) -> 1885 | F16: 1885 | G16: 1891
A17: Q118142378 | B17: Alfons Bouckaert | C17: Person | D17: 1895 | E17: =IF(D17=1700,G17,D17) -> 1895 | F17: 1895 | G17: 1896
A18: Q110039191 | B18: Alfons Dassonville | C18: Person | D18: 1896 | E18: =IF(D18=1700,G18,D18) -> 1896 | F18: 1896 | G18: 1896
A19: Q2100582 | B19: Alfons De Cock | C19: Person | D19: 1895 | E19: =IF(D19=1700,G19,D19) -> 1895 | F19: 1895 | G19: 1897
A20: Q2638823 | B20: Alfons Janssens | C20: Person | D20: 1888 | E20: =IF(D20=1700,G20,D20) -> 1888 | F20: 1888 | G20: 1888
A21: Q56036059 | B21: Alfons Maria Napoleon Prayon-van Zuylen van Nyevelt | C21: Person | D21: 1888 | E21: =IF(D21=1700,G21,D21) -> 1888 | F21: 1888 | G21: 1888
A22: Q2539969 | B22: Alfons Siffer | C22: Person | D22: 1700 | E22: =IF(D22=1700,G22,D22) -> 1710 | F22: 1710 | G22: 1710
A23: Q119621396 | B23: Alfons Steinmetz | C23: Person | D23: 1700 | E23: =IF(D23=1700,G23,D23) -> 1710 | F23: 1710 | G23: 1710
A24: Q2050293 | B24: Alfons Van Hee | C24: Person | D24: 1876 | E24: =IF(D24=1700,G24,D24) -> 1876 | F24: 1876 | G24: 1876
A25: Q26845752 | B25: Alfred Guichon de Grandpont | C25: Person | D25: 1896 | E25: =IF(D25=1700,G25,D25) -> 1896 | F25: 1896 | G25: 1896
A26: Q115979418 | B26: Aloysius Vandemaele | C26: Person | D26: 1850 | E26: =IF(D26=1700,G26,D26) -> 1850 | F26: 1850 | G26: 1890
A27: Q2580620 | B27: Aloïs Nelis | C27: Person | D27: 1889 | E27: =IF(D27=1700,G27,D27) -> 1889 | F27: 1889 | G27: 1889
A28: Q2298746 | B28: Aloïs Walgrave | C28: Person | D28: 1927 | E28: =IF(D28=1700,G28,D28) -> 1927 | F28: 1927 | G28: 1929
A29: Q2450554 | B29: Alphonse De Leyn | C29: Person | D29: 1890 | E29: =IF(D29=1700,G29,D29) -> 1890 | F29: 1890 | G29: 1895
A30: Q2099446 | B30: Amaat Joos | C30: Person | D30: 1897 | E30: =IF(D30=1700,G30,D30) -> 1897 | F30: 1897 | G30: 1897
A31: Q3421496 | B31: Amaat Vyncke | C31: Person | D31: 1880 | E31: =IF(D31=1700,G31,D31) -> 1880 | F31: 1880 | G31: 1883
A32: Q970036 | B32: Amand Neut | C32: Person | D32: 1892 | E32: =IF(D32=1700,G32,D32) -> 1892 | F32: 1892 | G32: 1892
A33: Q2481707 | B33: Amand de Vos | C33: Person | D33: 1886 | E33: =IF(D33=1700,G33,D33) -> 1886 | F33: 1886 | G33: 1889
A34: Q124619468 | B34: Amelia Vander Stichele | C34: Person | D34: 1700 | E34: =IF(D34=1700,G34,D34) -> 1710 | F34: 1710 | G34: 1710
A35: Q1280942 | B35: Amédée Visart de Bocarmé | C35: Person | D35: 1886 | E35: =IF(D35=1700,G35,D35) -> 1886 | F35: 1886 | G35: 1886
A36: Q119039774 | B36: Andries J. Winkler | C36: Person | D36: 1898 | E36: =IF(D36=1700,G36,D36) -> 1898 | F36: 1898 | G36: 1898
A37: Q13429634 | B37: Angelus August Eugeen Angillis | C37: Person | D37: 1700 | E37: =IF(D37=1700,G37,D37) -> 1710 | F37: 1710 | G37: 1710
A38: Q129255433 | B38: Ann Mary Eyre | C38: Person | D38: 1700 | E38: =IF(D38=1700,G38,D38) -> 1710 | F38: 1710 | G38: 1710
A39: Q116656531 | B39: Anna Demets | C39: Person | D39: 1700 | E39: =IF(D39=1700,G39,D39) -> 1710 | F39: 1710 | G39: 1710
A40: Q116508558 | B40: Anne Hill | C40: Person | D40: 1700 | E40: =IF(D40=1700,G40,D40) -> 1710 | F40: 1710 | G40: 1710
A41: Q115830433 | B41: Antoine Wemaer | C41: Person | D41: 1856 | E41: =IF(D41=1700,G41,D41) -> 1856 | F41: 1856 | G41: 1874
A42: Q2360599 | B42: Antoon Jozef Witteryck | C42: Person | D42: 1885 | E42: =IF(D42=1700,G42,D42) -> 1885 | F42: 1885 | G42: 1885
A43: Q115979140 | B43: Arsenius Dehulster | C43: Person | D43: 1883 | E43: =IF(D43=1700,G43,D43) -> 1883 | F43: 1883 | G43: 1886
A44: Q3450211 | B44: Arthur De Schrevel | C44: Person | D44: 1891 | E44: =IF(D44=1700,G44,D44) -> 1891 | F44: 1891 | G44: 1896
A45: Q115818861 | B45: Arthur Lewylle | C45: Person | D45: 1884 | E45: =IF(D45=1700,G45,D45) -> 1884 | F45: 1884 | G45: 1885
A46: Q2215154 | B46: August Cuppens | C46: Person | D46: 1883 | E46: =IF(D46=1700,G46,D46) -> 1883 | F46: 1883 | G46: 1886
A47: Q115818168 | B47: August Hoflack | C47: Person | D47: 1891 | E47: =IF(D47=1700,G47,D47) -> 1891 | F47: 1891 | G47: 1897
A48: Q115839088 | B48: August Laporta | C48: Person | D48: 1884 | E48: =IF(D48=1700,G48,D48) -> 1884 | F48: 1884 | G48: 1886
A49: Q764378 | B49: August Vermeylen | C49: Person | D49: 1896 | E49: =IF(D49=1700,G49,D49) -> 1896 | F49: 1896 | G49: 1897
A50: Q125535110 | B50: August William McDonogh | C50: Person | D50: 1856 | E50: =IF(D50=1700,G50,D50) -> 1856 | F50: 1856 | G50: 1856
A51: Q2059291 | B51: Auguste Reyns | C51: Person | D51: 1896 | E51: =IF(D51=1700,G51,D51) -> 1896 | F51: 1896 | G51: 1896
A52: Q120999304 | B52: Augustijn Van Heuverswyn | C52: Person | D52: 1889 | E52: =IF(D52=1700,G52,D52) -> 1889 | F52: 1889 | G52: 1889
... A57: Q115836783 | B57: Bruno Joseph Jean Vandale | C57: Person | D57: 1859 | E57: =IF(D57=1700,G57,D57) -> 1859 | F57: 1859 | G57: 1859
A58: Q115839360 | B58: Bruno Van Hove | C58: Person | D58: 1700 | E58: =IF(D58=1700,G58,D58) -> 1710 | F58: 1710 | G58: 1710
A59: Q115308515 | B59: Bruno Vander Stichele | C59: Person | D59: 1883 | E59: =IF(D59=1700,G59,D59) -> 1883 | F59: 1883 | G59: 1888
A60: Q2154331 | B60: Caesar Gezelle | C60: Person | D60: 1891 | E60: =IF(D60=1700,G60,D60) -> 1891 | F60: 1891 | G60: 1897
A61: Q115840234 | B61: Camiel Roelandts | C61: Person | D61: 1863 | E61: =IF(D61=1700,G61,D61) -> 1863 | F61: 1863 | G61: 1883
A62: Q117409336 | B62: Camille Lateur | C62: Person | D62: 1894 | E62: =IF(D62=1700,G62,D62) -> 1894 | F62: 1894 | G62: 1894
A63: Q117263671 | B63: Caroline Janssens | C63: Person | D63: 1700 | E63: =IF(D63=1700,G63,D63) -> 1710 | F63: 1710 | G63: 1710
A64: Q136759863 | B64: Carolus Philippus Joannes Marie Josephus de Patin de Langemarck | C64: Person | D64: 1700 | E64: =IF(D64=1700,G64,D64) -> 1710 | F64: 1710 | G64: 1710
A65: Q116621487 | B65: Catharine Macdaniel | C65: Person | D65: 1862 | E65: =IF(D65=1700,G65,D65) -> 1862 | F65: 1862 | G65: 1862
A66: Q116620739 | B66: Catherine de Kyvere | C66: Person | D66: 1865 | E66: =IF(D66=1700,G66,D66) -> 1865 | F66: 1865 | G66: 1865
A67: Q118189670 | B67: Cecilia Sarah De Lisle | C67: Person | D67: 1868 | E67: =IF(D67=1700,G67,D67) -> 1868 | F67: 1868 | G67: 1868
A68: Q2683882 | B68: Charles August Verschelde | C68: Person | D68: 1880 | E68: =IF(D68=1700,G68,D68) -> 1880 | F68: 1880 | G68: 1880
A69: Q1877721 | B69: Charles Carton | C69: Person | D69: 1857 | E69: =IF(D69=1700,G69,D69) -> 1857 | F69: 1857 | G69: 1858
A70: Q132321532 | B70: Charles De Zitter | C70: Person | D70: 1700 | E70: =IF(D70=1700,G70,D70) -> 1710 | F70: 1710 | G70: 1710
A71: Q2715338 | B71: Charles Delcour | C71: Person | D71: 1700 | E71: =IF(D71=1700,G71,D71) -> 1710 | F71: 1710 | G71: 1710
A72: Q136805616 | B72: Charles François Joseph Soudan | C72: Person | D72: 1700 | E72: =IF(D72=1700,G72,D72) -> 1710 | F72: 1710 | G72: 1710
A73: Q125472556 | B73: Charles Grant Edmonstone | C73: Person | D73: 1857 | E73: =IF(D73=1700,G73,D73) -> 1857 | F73: 1857 | G73: 1859
A74: Q122974430 | B74: Charles Joseph Pagliano | C74: Person | D74: 1857 | E74: =IF(D74=1700,G74,D74) -> 1857 | F74: 1857 | G74: 1857
A75: Q3538623 | B75: Charles van Caloen | C75: Person | D75: 1870 | E75: =IF(D75=1700,G75,D75) -> 1870 | F75: 1870 | G75: 1870
A76: Q1149378 | B76: Charlotte Fitzalan-Howard, Duchess of Norfolk | C76: Person | D76: 1863 | E76: =IF(D76=1700,G76,D76) -> 1863 | F76: 1863 | G76: 1863
A77: Q122974373 | B77: Clara Andrews | C77: Person | D77: 1864 | E77: =IF(D77=1700,G77,D77) -> 1864 | F77: 1864 | G77: 1864
A78: Q116510419 | B78: Colette Virginie Parvost | C78: Person | D78: 1892 | E78: =IF(D78=1700,G78,D78) -> 1892 | F78: 1892 | G78: 1892
A79: Q123425604 | B79: Comité des Dames Zélatrices de l'oeuvre des Missions du Pôle Nord | C79: Person | D79: 1700 | E79: =IF(D79=1700,G79,D79) -> 1710 | F79: 1710 | G79: 1710
A80: Q123413231 | B80: Congrégation du Très Saint Nom de Marie | C80: Person | D80: 1700 | E80: =IF(D80=1700,G80,D80) -> 1710 | F80: 1710 | G80: 1710
A81: Q2457997 | B81: Constant Hansen | C81: Person | D81: 1886 | E81: =IF(D81=1700,G81,D81) -> 1886 | F81: 1886 | G81: 1896
A82: Q115837342 | B82: Constantinus Roelandts | C82: Person | D82: 1863 | E82: =IF(D82=1700,G82,D82) -> 1863 | F82: 1863 | G82: 1863
A83: Q113466955 | B83: Cordelia Van de Wiele | C83: Person | D83: 1903 | E83: =IF(D83=1700,G83,D83) -> 1903 | F83: 1903 | G83: 1903
A84: Q98322098 | B84: Cyriel Delaere | C84: Person | D84: 1899 | E84: =IF(D84=1700,G84,D84) -> 1899 | F84: 1899 | G84: 1899
A85: Q118998471 | B85: Denis Auguste Julien Roger | C85: Person | D85: 1879 | E85: =IF(D85=1700,G85,D85) -> 1879 | F85: 1879 | G85: 1884
A86: Q115834834 | B86: Desideer Meersseman | C86: Person | D86: 1700 | E86: =IF(D86=1700,G86,D86) -> 1710 | F86: 1710 | G86: 1710
A87: Q118733026 | B87: Domenico Macry Correale | C87: Person | D87: 1889 | E87: =IF(D87=1700,G87,D87) -> 1889 | F87: 1889 | G87: 1897
A88: Q55911879 | B88: Désiré Claes | C88: Person | D88: 1886 | E88: =IF(D88=1700,G88,D88) -> 1886 | F88: 1886 | G88: 1886
A89: Q377071 | B89: Edgar Tinel | C89: Person | D89: 1885 | E89: =IF(D89=1700,G89,D89) -> 1885 | F89: 1885 | G89: 1710
A90: Q118120867 | B90: Edmond De Plancke | C90: Person | D90: 1891 | E90: =IF(D90=1700,G90,D90) -> 1891 | F90: 1891 | G90: 1892
A91: Q13575367 | B91: Edmond Denys | C91: Person | D91: 1893 | E91: =IF(D91=1700,G91,D91) -> 1893 | F91: 1893 | G91: 1899
A92: Q118792556 | B92: Edmund Benedict Hicks | C92: Person | D92: 1863 | E92: =IF(D92=1700,G92,D92) -> 1863 | F92: 1863 | G92: 1863
A93: Q2360914 | B93: Edward Gailliard | C93: Person | D93: 1700 | E93: =IF(D93=1700,G93,D93) -> 1710 | F93: 1710 | G93: 1710
A94: Q13575404 | B94: Edward Van Even | C94: Person | D94: 1888 | E94: =IF(D94=1700,G94,D94) -> 1888 | F94: 1888 | G94: 1888
A95: Q113925472 | B95: Edward Van Robays | C95: Person | D95: 1700 | E95: =IF(D95=1700,G95,D95) -> 1889 | F95: 1889 | G95: 1889
A96: Q119217748 | B96: Edward Vlietinck | C96: Person | D96: 1887 | E96: =IF(D96=1700,G96,D96) -> 1887 | F96: 1887 | G96: 1892
A97: Q116621171 | B97: Elisa Robinson | C97: Person | D97: 1700 | E97: =IF(D97=1700,G97,D97) -> 1710 | F97: 1710 | G97: 1710
A98: Q121078322 | B98: Elisabeth Josèphe Thérèse van den Broeck | C98: Person | D98: 1880 | E98: =IF(D98=1700,G98,D98) -> 1880 | F98: 1880 | G98: 1710
A99: Q116689485 | B99: Elisabeth Latham | C99: Person | D99: 1899 | E99: =IF(D99=1700,G99,D99) -> 1899 | F99: 1899 | G99: 1899
A100: Q13576607 | B100: Emiel Demonie | C100: Person | D100: 1888 | E100: =IF(D100=1700,G100,D100) -> 1888 | F100: 1888 | G100: 1888
A101: Q2183646 | B101: Emiel Lauwers | C101: Person | D101: 1878 | E101: =IF(D101=1700,G101,D101) -> 1878 | F101: 1878 | G101: 1884
A102: Q115811038 | B102: Emile Dambre | C102: Person | D102: 1888 | E102: =IF(D102=1700,G102,D102) -> 1888 | F102: 1888 | G102: 1888
A103: Q113486838 | B103: Emilie van Outryve d'Ydewalle | C103: Person | D103: 1862 | E103: =IF(D103=1700,G103,D103) -> 1862 | F103: 1862 | G103: 1862
A104: Q117226377 | B104: Emma Crombet | C104: Person | D104: 1700 | E104: =IF(D104=1700,G104,D104) -> 1710 | F104: 1710 | G104: 1710
...

Sheet CleanNodes
A1: ID | B1: Label | C1: Category | D1: Startyear | E1: EndYear | F1: rol van persoon
A2: Q119454376 | B2: t Daghet in den Oosten | C2: Person | D2: 1710 | E2: 1710 | F2: =VLOOKUP(B2,V5Q1!B:F,5,0) -> medewerker
A3: Q115818424 | B3: Achiel Piepers | C3: Person | D3: 1889 | E3: 1889 | F3: =VLOOKUP(B3,V5Q1!B:F,5,0) -> correspondent
A4: Q119013873 | B4: Achiel Van de Putte | C4: Person | D4: 1892 | E4: 1892 | F4: =VLOOKUP(B4,V5Q1!B:F,5,0) -> correspondent
A5: Q119217729 | B5: Achille Croquison | C5: Person | D5: 1893 | E5: 1893 | F5: =VLOOKUP(B5,V5Q1!B:F,5,0) -> correspondent
A6: Q113754119 | B6: Adolf De Wolf | C6: Person | D6: 1886 | E6: 1898 | F6: =VLOOKUP(B6,V5Q1!B:F,5,0) -> correspondent
A7: Q2524668 | B7: Adolf Duclos | C7: Person | D7: 1710 | E7: 1710 | F7: =VLOOKUP(B7,V5Q1!B:F,5,0) -> correspondent
A8: Q43140929 | B8: Adolf Pauwels | C8: Person | D8: 1884 | E8: 1884 | F8: =VLOOKUP(B8,V5Q1!B:F,5,0) -> correspondent
A9: Q100534520 | B9: Adolf Verriest | C9: Person | D9: 1872 | E9: 1872 | F9: =VLOOKUP(B9,V5Q1!B:F,5,0) -> correspondent
A10: Q136793932 | B10: Adèle Serweytens | C10: Person | D10: 1710 | E10: 1710 | F10: =VLOOKUP(B10,V5Q1!B:F,5,0) -> bekende
A11: Q116687284 | B11: Agnes Mary Christophers | C11: Person | D11: 1857 | E11: 1857 | F11: =VLOOKUP(B11,V5Q1!B:F,5,0) -> correspondent
A12: Q118772822 | B12: Albert Aimé Marie Vandewalle | C12: Person | D12: 1895 | E12: 1895 | F12: =VLOOKUP(B12,V5Q1!B:F,5,0) -> correspondent
A13: Q586323 | B13: Albert Verwey | C13: Person | D13: 1710 | E13: 1710 | F13: =VLOOKUP(B13,V5Q1!B:F,5,0) -> correspondent
A14: Q2832059 | B14: Albéric Emmanuel Henri Marie Ghislain Ruzette | C14: Person | D14: 1710 | E14: 1710 | F14: =VLOOKUP(B14,V5Q1!B:F,5,0) -> correspondent
A15: Q115811921 | B15: Alexandre Berghman | C15: Person | D15: 1710 | E15: 1710 | F15: =VLOOKUP(B15,V5Q1!B:F,5,0) -> bekende
A16: Q56036018 | B16: Alexandre Bonvarlet | C16: Person | D16: 1885 | E16: 1891 | F16: =VLOOKUP(B16,V5Q1!B:F,5,0) -> correspondent
A17: Q118142378 | B17: Alfons Bouckaert | C17: Person | D17: 1895 | E17: 1896 | F17: =VLOOKUP(B17,V5Q1!B:F,5,0) -> correspondent
A18: Q110039191 | B18: Alfons Dassonville | C18: Person | D18: 1896 | E18: 1896 | F18: =VLOOKUP(B18,V5Q1!B:F,5,0) -> correspondent
A19: Q2100582 | B19: Alfons De Cock | C19: Person | D19: 1895 | E19: 1897 | F19: =VLOOKUP(B19,V5Q1!B:F,5,0) -> correspondent
A20: Q2638823 | B20: Alfons Janssens | C20: Person | D20: 1888 | E20: 1888 | F20: =VLOOKUP(B20,V5Q1!B:F,5,0) -> correspondent
A21: Q56036059 | B21: Alfons Maria Napoleon Prayon-van Zuylen van Nyevelt | C21: Person | D21: 1888 | E21: 1888 | F21: =VLOOKUP(B21,V5Q1!B:F,5,0) -> correspondent
A22: Q2539969 | B22: Alfons Siffer | C22: Person | D22: 1710 | E22: 1710 | F22: =VLOOKUP(B22,V5Q1!B:F,5,0) -> correspondent
A23: Q119621396 | B23: Alfons Steinmetz | C23: Person | D23: 1710 | E23: 1710 | F23: =VLOOKUP(B23,V5Q1!B:F,5,0) -> vriend
A24: Q2050293 | B24: Alfons Van Hee | C24: Person | D24: 1876 | E24: 1876 | F24: =VLOOKUP(B24,V5Q1!B:F,5,0) -> correspondent
A25: Q26845752 | B25: Alfred Guichon de Grandpont | C25: Person | D25: 1896 | E25: 1896 | F25: =VLOOKUP(B25,V5Q1!B:F,5,0) -> correspondent
A26: Q115979418 | B26: Aloysius Vandemaele | C26: Person | D26: 1850 | E26: 1890 | F26: =VLOOKUP(B26,V5Q1!B:F,5,0) -> correspondent
A27: Q2580620 | B27: Aloïs Nelis | C27: Person | D27: 1889 | E27: 1889 | F27: =VLOOKUP(B27,V5Q1!B:F,5,0) -> correspondent
A28: Q2298746 | B28: Aloïs Walgrave | C28: Person | D28: 1927 | E28: 1929 | F28: =VLOOKUP(B28,V5Q1!B:F,5,0) -> correspondent
A29: Q2450554 | B29: Alphonse De Leyn | C29: Person | D29: 1890 | E29: 1895 | F29: =VLOOKUP(B29,V5Q1!B:F,5,0) -> correspondent
A30: Q2099446 | B30: Amaat Joos | C30: Person | D30: 1897 | E30: 1897 | F30: =VLOOKUP(B30,V5Q1!B:F,5,0) -> correspondent
A31: Q3421496 | B31: Amaat Vyncke | C31: Person | D31: 1880 | E31: 1883 | F31: =VLOOKUP(B31,V5Q1!B:F,5,0) -> correspondent
A32: Q970036 | B32: Amand Neut | C32: Person | D32: 1892 | E32: 1892 | F32: =VLOOKUP(B32,V5Q1!B:F,5,0) -> correspondent
A33: Q2481707 | B33: Amand de Vos | C33: Person | D33: 1886 | E33: 1889 | F33: =VLOOKUP(B33,V5Q1!B:F,5,0) -> correspondent
A34: Q124619468 | B34: Amelia Vander Stichele | C34: Person | D34: 1710 | E34: 1710 | F34: =VLOOKUP(B34,V5Q1!B:F,5,0) -> correspondent
A35: Q1280942 | B35: Amédée Visart de Bocarmé | C35: Person | D35: 1886 | E35: 1886 | F35: =VLOOKUP(B35,V5Q1!B:F,5,0) -> correspondent
A36: Q119039774 | B36: Andries J. Winkler | C36: Person | D36: 1898 | E36: 1898 | F36: =VLOOKUP(B36,V5Q1!B:F,5,0) -> correspondent
A37: Q13429634 | B37: Angelus August Eugeen Angillis | C37: Person | D37: 1710 | E37: 1710 | F37: =VLOOKUP(B37,V5Q1!B:F,5,0) -> klasgenoot
A38: Q129255433 | B38: Ann Mary Eyre | C38: Person | D38: 1710 | E38: 1710 | F38: =VLOOKUP(B38,V5Q1!B:F,5,0) -> bekende
A39: Q116656531 | B39: Anna Demets | C39: Person | D39: 1710 | E39: 1710 | F39: =VLOOKUP(B39,V5Q1!B:F,5,0) -> correspondent
A40: Q116508558 | B40: Anne Hill | C40: Person | D40: 1710 | E40: 1710 | F40: =VLOOKUP(B40,V5Q1!B:F,5,0) -> correspondent
A41: Q115830433 | B41: Antoine Wemaer | C41: Person | D41: 1856 | E41: 1874 | F41: =VLOOKUP(B41,V5Q1!B:F,5,0) -> correspondent
A42: Q2360599 | B42: Antoon Jozef Witteryck | C42: Person | D42: 1885 | E42: 1885 | F42: =VLOOKUP(B42,V5Q1!B:F,5,0) -> correspondent
A43: Q115979140 | B43: Arsenius Dehulster | C43: Person | D43: 1883 | E43: 1886 | F43: =VLOOKUP(B43,V5Q1!B:F,5,0) -> correspondent
A44: Q3450211 | B44: Arthur De Schrevel | C44: Person | D44: 1891 | E44: 1896 | F44: =VLOOKUP(B44,V5Q1!B:F,5,0) -> correspondent
A45: Q115818861 | B45: Arthur Lewylle | C45: Person | D45: 1884 | E45: 1885 | F45: =VLOOKUP(B45,V5Q1!B:F,5,0) -> correspondent
A46: Q2215154 | B46: August Cuppens | C46: Person | D46: 1883 | E46: 1886 | F46: =VLOOKUP(B46,V5Q1!B:F,5,0) -> correspondent
A47: Q115818168 | B47: August Hoflack | C47: Person | D47: 1891 | E47: 1897 | F47: =VLOOKUP(B47,V5Q1!B:F,5,0) -> correspondent
A48: Q115839088 | B48: August Laporta | C48: Person | D48: 1884 | E48: 1886 | F48: =VLOOKUP(B48,V5Q1!B:F,5,0) -> correspondent
A49: Q764378 | B49: August Vermeylen | C49: Person | D49: 1896 | E49: 1897 | F49: =VLOOKUP(B49,V5Q1!B:F,5,0) -> correspondent
A50: Q125535110 | B50: August William McDonogh | C50: Person | D50: 1856 | E50: 1856 | F50: =VLOOKUP(B50,V5Q1!B:F,5,0) -> correspondent
A51: Q2059291 | B51: Auguste Reyns | C51: Person | D51: 1896 | E51: 1896 | F51: =VLOOKUP(B51,V5Q1!B:F,5,0) -> correspondent
A52: Q120999304 | B52: Augustijn Van Heuverswyn | C52: Person | D52: 1889 | E52: 1889 | F52: =VLOOKUP(B52,V5Q1!B:F,5,0) -> correspondent
... A57: Q115836783 | B57: Bruno Joseph Jean Vandale | C57: Person | D57: 1859 | E57: 1859 | F57: =VLOOKUP(B57,V5Q1!B:F,5,0) -> correspondent
A58: Q115839360 | B58: Bruno Van Hove | C58: Person | D58: 1710 | E58: 1710 | F58: =VLOOKUP(B58,V5Q1!B:F,5,0) -> correspondent
A59: Q115308515 | B59: Bruno Vander Stichele | C59: Person | D59: 1883 | E59: 1888 | F59: =VLOOKUP(B59,V5Q1!B:F,5,0) -> correspondent
A60: Q2154331 | B60: Caesar Gezelle | C60: Person | D60: 1891 | E60: 1897 | F60: =VLOOKUP(B60,V5Q1!B:F,5,0) -> correspondent
A61: Q115840234 | B61: Camiel Roelandts | C61: Person | D61: 1863 | E61: 1883 | F61: =VLOOKUP(B61,V5Q1!B:F,5,0) -> correspondent
A62: Q117409336 | B62: Camille Lateur | C62: Person | D62: 1894 | E62: 1894 | F62: =VLOOKUP(B62,V5Q1!B:F,5,0) -> correspondent
A63: Q117263671 | B63: Caroline Janssens | C63: Person | D63: 1710 | E63: 1710 | F63: =VLOOKUP(B63,V5Q1!B:F,5,0) -> bekende
A64: Q136759863 | B64: Carolus Philippus Joannes Marie Josephus de Patin de Langemarck | C64: Person | D64: 1710 | E64: 1710 | F64: =VLOOKUP(B64,V5Q1!B:F,5,0) -> bekende
A65: Q116621487 | B65: Catharine Macdaniel | C65: Person | D65: 1862 | E65: 1862 | F65: =VLOOKUP(B65,V5Q1!B:F,5,0) -> correspondent
A66: Q116620739 | B66: Catherine de Kyvere | C66: Person | D66: 1865 | E66: 1865 | F66: =VLOOKUP(B66,V5Q1!B:F,5,0) -> correspondent
A67: Q118189670 | B67: Cecilia Sarah De Lisle | C67: Person | D67: 1868 | E67: 1868 | F67: =VLOOKUP(B67,V5Q1!B:F,5,0) -> correspondent
A68: Q2683882 | B68: Charles August Verschelde | C68: Person | D68: 1880 | E68: 1880 | F68: =VLOOKUP(B68,V5Q1!B:F,5,0)
A69: Q1877721 | B69: Charles Carton | C69: Person | D69: 1857 | E69: 1858 | F69: =VLOOKUP(B69,V5Q1!B:F,5,0) -> correspondent
A70: Q132321532 | B70: Charles De Zitter | C70: Person | D70: 1710 | E70: 1710 | F70: =VLOOKUP(B70,V5Q1!B:F,5,0) -> buur
A71: Q2715338 | B71: Charles Delcour | C71: Person | D71: 1710 | E71: 1710 | F71: =VLOOKUP(B71,V5Q1!B:F,5,0) -> correspondent
A72: Q136805616 | B72: Charles François Joseph Soudan | C72: Person | D72: 1710 | E72: 1710 | F72: =VLOOKUP(B72,V5Q1!B:F,5,0) -> bekende
A73: Q125472556 | B73: Charles Grant Edmonstone | C73: Person | D73: 1857 | E73: 1859 | F73: =VLOOKUP(B73,V5Q1!B:F,5,0) -> correspondent
A74: Q122974430 | B74: Charles Joseph Pagliano | C74: Person | D74: 1857 | E74: 1857 | F74: =VLOOKUP(B74,V5Q1!B:F,5,0) -> correspondent
A75: Q3538623 | B75: Charles van Caloen | C75: Person | D75: 1870 | E75: 1870 | F75: =VLOOKUP(B75,V5Q1!B:F,5,0) -> correspondent
A76: Q1149378 | B76: Charlotte Fitzalan-Howard, Duchess of Norfolk | C76: Person | D76: 1863 | E76: 1863 | F76: =VLOOKUP(B76,V5Q1!B:F,5,0) -> correspondent
A77: Q122974373 | B77: Clara Andrews | C77: Person | D77: 1864 | E77: 1864 | F77: =VLOOKUP(B77,V5Q1!B:F,5,0) -> correspondent
A78: Q116510419 | B78: Colette Virginie Parvost | C78: Person | D78: 1892 | E78: 1892 | F78: =VLOOKUP(B78,V5Q1!B:F,5,0) -> correspondent
A79: Q123425604 | B79: Comité des Dames Zélatrices de l'oeuvre des Missions du Pôle Nord | C79: Person | D79: 1710 | E79: 1710 | F79: =VLOOKUP(B79,V5Q1!B:F,5,0) -> geestelijk leidsman
A80: Q123413231 | B80: Congrégation du Très Saint Nom de Marie | C80: Person | D80: 1710 | E80: 1710 | F80: =VLOOKUP(B80,V5Q1!B:F,5,0) -> geestelijk leidsman
A81: Q2457997 | B81: Constant Hansen | C81: Person | D81: 1886 | E81: 1896 | F81: =VLOOKUP(B81,V5Q1!B:F,5,0) -> correspondent
A82: Q115837342 | B82: Constantinus Roelandts | C82: Person | D82: 1863 | E82: 1863 | F82: =VLOOKUP(B82,V5Q1!B:F,5,0) -> correspondent
A83: Q113466955 | B83: Cordelia Van de Wiele | C83: Person | D83: 1903 | E83: 1903 | F83: =VLOOKUP(B83,V5Q1!B:F,5,0) -> correspondent
A84: Q98322098 | B84: Cyriel Delaere | C84: Person | D84: 1899 | E84: 1899 | F84: =VLOOKUP(B84,V5Q1!B:F,5,0) -> correspondent
A85: Q118998471 | B85: Denis Auguste Julien Roger | C85: Person | D85: 1879 | E85: 1884 | F85: =VLOOKUP(B85,V5Q1!B:F,5,0) -> correspondent
A86: Q115834834 | B86: Desideer Meersseman | C86: Person | D86: 1710 | E86: 1710 | F86: =VLOOKUP(B86,V5Q1!B:F,5,0) -> correspondent
A87: Q118733026 | B87: Domenico Macry Correale | C87: Person | D87: 1889 | E87: 1897 | F87: =VLOOKUP(B87,V5Q1!B:F,5,0) -> correspondent
A88: Q55911879 | B88: Désiré Claes | C88: Person | D88: 1886 | E88: 1886 | F88: =VLOOKUP(B88,V5Q1!B:F,5,0) -> correspondent
A89: Q377071 | B89: Edgar Tinel | C89: Person | D89: 1885 | E89: 1710 | F89: =VLOOKUP(B89,V5Q1!B:F,5,0) -> correspondent
A90: Q118120867 | B90: Edmond De Plancke | C90: Person | D90: 1891 | E90: 1892 | F90: =VLOOKUP(B90,V5Q1!B:F,5,0) -> correspondent
A91: Q13575367 | B91: Edmond Denys | C91: Person | D91: 1893 | E91: 1899 | F91: =VLOOKUP(B91,V5Q1!B:F,5,0) -> correspondent
A92: Q118792556 | B92: Edmund Benedict Hicks | C92: Person | D92: 1863 | E92: 1863 | F92: =VLOOKUP(B92,V5Q1!B:F,5,0) -> correspondent
A93: Q2360914 | B93: Edward Gailliard | C93: Person | D93: 1710 | E93: 1710 | F93: =VLOOKUP(B93,V5Q1!B:F,5,0) -> correspondent
A94: Q13575404 | B94: Edward Van Even | C94: Person | D94: 1888 | E94: 1888 | F94: =VLOOKUP(B94,V5Q1!B:F,5,0) -> correspondent
A95: Q113925472 | B95: Edward Van Robays | C95: Person | D95: 1889 | E95: 1889 | F95: =VLOOKUP(B95,V5Q1!B:F,5,0) -> correspondent
A96: Q119217748 | B96: Edward Vlietinck | C96: Person | D96: 1887 | E96: 1892 | F96: =VLOOKUP(B96,V5Q1!B:F,5,0) -> correspondent
A97: Q116621171 | B97: Elisa Robinson | C97: Person | D97: 1710 | E97: 1710 | F97: =VLOOKUP(B97,V5Q1!B:F,5,0) -> correspondent
A98: Q121078322 | B98: Elisabeth Josèphe Thérèse van den Broeck | C98: Person | D98: 1880 | E98: 1710 | F98: =VLOOKUP(B98,V5Q1!B:F,5,0) -> correspondent
A99: Q116689485 | B99: Elisabeth Latham | C99: Person | D99: 1899 | E99: 1899 | F99: =VLOOKUP(B99,V5Q1!B:F,5,0) -> correspondent
A100: Q13576607 | B100: Emiel Demonie | C100: Person | D100: 1888 | E100: 1888 | F100: =VLOOKUP(B100,V5Q1!B:F,5,0) -> correspondent
A101: Q2183646 | B101: Emiel Lauwers | C101: Person | D101: 1878 | E101: 1884 | F101: =VLOOKUP(B101,V5Q1!B:F,5,0) -> correspondent
A102: Q115811038 | B102: Emile Dambre | C102: Person | D102: 1888 | E102: 1888 | F102: =VLOOKUP(B102,V5Q1!B:F,5,0) -> correspondent
A103: Q113486838 | B103: Emilie van Outryve d'Ydewalle | C103: Person | D103: 1862 | E103: 1862 | F103: =VLOOKUP(B103,V5Q1!B:F,5,0) -> correspondent
A104: Q117226377 | B104: Emma Crombet | C104: Person | D104: 1710 | E104: 1710 | F104: =VLOOKUP(B104,V5Q1!B:F,5,0) -> correspondent
...

Sheet Edges
A1: Source | B1: Target | C1: Type | D1: Weight | E1: rolLabel | F1: FinalStartyear | G1: FinalEndYear
A2: Q119454376 | B2: Q336977 | C2: Directed | D2: 1 | E2: medewerker | F2: 1800 | G2: 1950
A3: Q115818424 | B3: Q336977 | C3: Directed | D3: 1 | E3: correspondent | F3: 1889 | G3: 1889
A4: Q119013873 | B4: Q336977 | C4: Directed | D4: 1 | E4: correspondent | F4: 1892 | G4: 1892
A5: Q119217729 | B5: Q336977 | C5: Directed | D5: 1 | E5: correspondent | F5: 1893 | G5: 1893
A6: Q113754119 | B6: Q336977 | C6: Directed | D6: 1 | E6: correspondent | F6: 1886 | G6: 1898
A7: Q2524668 | B7: Q2491266 | C7: Directed | D7: 1 | E7: correspondent | F7: 1800 | G7: 1950
A8: Q2524668 | B8: Q120729190 | C8: Directed | D8: 1 | E8: correspondent | F8: 1800 | G8: 1950
A9: Q2524668 | B9: Q115820195 | C9: Directed | D9: 1 | E9: correspondent | F9: 1889 | G9: 1889
A10: Q2524668 | B10: Q110039178 | C10: Directed | D10: 1 | E10: correspondent | F10: 1879 | G10: 1950
A11: Q2524668 | B11: Q2298746 | C11: Directed | D11: 1 | E11: correspondent | F11: 1800 | G11: 1950
A12: Q2524668 | B12: Q2361397 | C12: Directed | D12: 1 | E12: correspondent | F12: 1800 | G12: 1950
A13: Q2524668 | B13: Q120900509 | C13: Directed | D13: 1 | E13: correspondent | F13: 1800 | G13: 1950
A14: Q2524668 | B14: Q120733873 | C14: Directed | D14: 1 | E14: correspondent | F14: 1800 | G14: 1950
A15: Q2524668 | B15: Q115815004 | C15: Directed | D15: 1 | E15: correspondent | F15: 1800 | G15: 1950
A16: Q2524668 | B16: Q2546317 | C16: Directed | D16: 1 | E16: correspondent | F16: 1800 | G16: 1950
A17: Q2524668 | B17: Q336977 | C17: Directed | D17: 1 | E17: correspondent | F17: 1867 | G17: 1885
A18: Q2524668 | B18: Q13575404 | C18: Directed | D18: 1 | E18: correspondent | F18: 1800 | G18: 1950
A19: Q2524668 | B19: Q115811334 | C19: Directed | D19: 1 | E19: correspondent | F19: 1800 | G19: 1950
A20: Q2524668 | B20: Q2542423 | C20: Directed | D20: 1 | E20: correspondent | F20: 1800 | G20: 1950
A21: Q2524668 | B21: Q1978794 | C21: Directed | D21: 1 | E21: correspondent | F21: 1800 | G21: 1950
A22: Q2524668 | B22: Q2099446 | C22: Directed | D22: 1 | E22: correspondent | F22: 1800 | G22: 1950
A23: Q2524668 | B23: Q110039361 | C23: Directed | D23: 1 | E23: correspondent | F23: 1800 | G23: 1950
A24: Q2524668 | B24: Q62080181 | C24: Directed | D24: 1 | E24: correspondent | F24: 1800 | G24: 1950
A25: Q2524668 | B25: Q2617184 | C25: Directed | D25: 1 | E25: correspondent | F25: 1800 | G25: 1950
A26: Q2524668 | B26: Q329468 | C26: Directed | D26: 1 | E26: correspondent | F26: 1884 | G26: 1884
A27: Q2524668 | B27: Q1920135 | C27: Directed | D27: 1 | E27: correspondent | F27: 1800 | G27: 1950
A28: Q2524668 | B28: Q56036067 | C28: Directed | D28: 1 | E28: correspondent | F28: 1800 | G28: 1950
A29: Q2524668 | B29: Q784390 | C29: Directed | D29: 1 | E29: correspondent | F29: 1889 | G29: 1891
A30: Q2524668 | B30: Q2496044 | C30: Directed | D30: 1 | E30: correspondent | F30: 1800 | G30: 1950
A31: Q43140929 | B31: Q336977 | C31: Directed | D31: 1 | E31: correspondent | F31: 1884 | G31: 1884
A32: Q100534520 | B32: Q336977 | C32: Directed | D32: 1 | E32: correspondent | F32: 1800 | G32: 1872
A33: Q100534520 | B33: Q784390 | C33: Directed | D33: 1 | E33: correspondent | F33: 1886 | G33: 1886
A34: Q100534520 | B34: Q336977 | C34: Directed | D34: 1 | E34: vriend | F34: 1800 | G34: 1950
A35: Q136793932 | B35: Q336977 | C35: Directed | D35: 1 | E35: bekende | F35: 1800 | G35: 1950
A36: Q116687284 | B36: Q336977 | C36: Directed | D36: 1 | E36: correspondent | F36: 1857 | G36: 1857
A37: Q118772822 | B37: Q336977 | C37: Directed | D37: 1 | E37: correspondent | F37: 1895 | G37: 1895
A38: Q586323 | B38: Q981444 | C38: Directed | D38: 1 | E38: correspondent | F38: 1800 | G38: 1950
A39: Q586323 | B39: Q336977 | C39: Directed | D39: 1 | E39: correspondent | F39: 1899 | G39: 1899
A40: Q2832059 | B40: Q336977 | C40: Directed | D40: 1 | E40: correspondent | F40: 1800 | G40: 1950
A41: Q115811921 | B41: Q336977 | C41: Directed | D41: 1 | E41: bekende | F41: 1800 | G41: 1950
A42: Q115811921 | B42: Q62080181 | C42: Directed | D42: 1 | E42: bekende | F42: 1800 | G42: 1950
A43: Q56036018 | B43: Q336977 | C43: Directed | D43: 1 | E43: correspondent | F43: 1885 | G43: 1891
A44: Q118142378 | B44: Q336977 | C44: Directed | D44: 1 | E44: correspondent | F44: 1895 | G44: 1896
A45: Q110039191 | B45: Q336977 | C45: Directed | D45: 1 | E45: correspondent | F45: 1896 | G45: 1896
A46: Q2100582 | B46: Q336977 | C46: Directed | D46: 1 | E46: correspondent | F46: 1895 | G46: 1897
A47: Q2638823 | B47: Q113466955 | C47: Directed | D47: 1 | E47: correspondent | F47: 1888 | G47: 1888
A48: Q2638823 | B48: Q336977 | C48: Directed | D48: 1 | E48: correspondent | F48: 1885 | G48: 1892
A49: Q56036059 | B49: Q336977 | C49: Directed | D49: 1 | E49: correspondent | F49: 1888 | G49: 1888
A50: Q2539969 | B50: Q336977 | C50: Directed | D50: 1 | E50: correspondent | F50: 1800 | G50: 1950
A51: Q119621396 | B51: Q336977 | C51: Directed | D51: 1 | E51: vriend | F51: 1800 | G51: 1950
A52: Q2050293 | B52: Q4722117 | C52: Directed | D52: 1 | E52: correspondent | F52: 1876 | G52: 1876
A53: Q2050293 | B53: Q336977 | C53: Directed | D53: 1 | E53: correspondent | F53: 1878 | G53: 1898
A54: Q2050293 | B54: Q110039178 | C54: Directed | D54: 1 | E54: correspondent | F54: 1886 | G54: 1950
A55: Q2050293 | B55: Q136759863 | C55: Directed | D55: 1 | E55: bekende | F55: 1800 | G55: 1950
A56: Q26845752 | B56: Q336977 | C56: Directed | D56: 1 | E56: correspondent | F56: 1896 | G56: 1896
A57: Q115979418 | B57: Q336977 | C57: Directed | D57: 1 | E57: correspondent | F57: 1850 | G57: 1890
A58: Q2580620 | B58: Q336977 | C58: Directed | D58: 1 | E58: correspondent | F58: 1889 | G58: 1889
A59: Q2580620 | B59: Q2683882 | C59: Directed | D59: 1 | E59: vriend | F59: 1800 | G59: 1950
A60: Q2580620 | B60: Q2524668 | C60: Directed | D60: 1 | E60: vriend | F60: 1800 | G60: 1950
A61: Q2580620 | B61: Q2134167 | C61: Directed | D61: 1 | E61: vriend | F61: 1800 | G61: 1950
A62: Q2580620 | B62: Q2360914 | C62: Directed | D62: 1 | E62: vriend | F62: 1800 | G62: 1950
A63: Q2298746 | B63: Q764378 | C63: Directed | D63: 1 | E63: correspondent | F63: 1927 | G63: 1929
A64: Q2298746 | B64: Q336977 | C64: Directed | D64: 1 | E64: correspondent | F64: 1898 | G64: 1899
A65: Q2298746 | B65: Q2546317 | C65: Directed | D65: 1 | E65: correspondent | F65: 1922 | G65: 1922
A66: Q2298746 | B66: Q981444 | C66: Directed | D66: 1 | E66: correspondent | F66: 1911 | G66: 1911
A67: Q2298746 | B67: Q2677198 | C67: Directed | D67: 1 | E67: correspondent | F67: 1800 | G67: 1950
A68: Q2298746 | B68: Q113627806 | C68: Directed | D68: 1 | E68: correspondent | F68: 1912 | G68: 1912
A69: Q2298746 | B69: Q115806479 | C69: Directed | D69: 1 | E69: correspondent | F69: 1800 | G69: 1950
A70: Q2298746 | B70: Q115814290 | C70: Directed | D70: 1 | E70: correspondent | F70: 1930 | G70: 1930
A71: Q2450554 | B71: Q336977 | C71: Directed | D71: 1 | E71: correspondent | F71: 1890 | G71: 1895
A72: Q2099446 | B72: Q336977 | C72: Directed | D72: 1 | E72: correspondent | F72: 1897 | G72: 1897
A73: Q3421496 | B73: Q336977 | C73: Directed | D73: 1 | E73: correspondent | F73: 1880 | G73: 1883
A74: Q3421496 | B74: Q981444 | C74: Directed | D74: 1 | E74: vriend | F74: 1800 | G74: 1950
A75: Q970036 | B75: Q336977 | C75: Directed | D75: 1 | E75: correspondent | F75: 1892 | G75: 1892
A76: Q2481707 | B76: Q336977 | C76: Directed | D76: 1 | E76: correspondent | F76: 1886 | G76: 1889
A77: Q124619468 | B77: Q336977 | C77: Directed | D77: 1 | E77: correspondent | F77: 1800 | G77: 1950
A78: Q1280942 | B78: Q2580620 | C78: Directed | D78: 1 | E78: correspondent | F78: 1886 | G78: 1886
A79: Q1280942 | B79: Q2360914 | C79: Directed | D79: 1 | E79: correspondent | F79: 1886 | G79: 1886
A80: Q1280942 | B80: Q57197744 | C80: Directed | D80: 1 | E80: correspondent | F80: 1886 | G80: 1886
A81: Q1280942 | B81: Q336977 | C81: Directed | D81: 1 | E81: correspondent | F81: 1886 | G81: 1899
A82: Q119039774 | B82: Q336977 | C82: Directed | D82: 1 | E82: correspondent | F82: 1898 | G82: 1898
A83: Q13429634 | B83: Q336977 | C83: Directed | D83: 1 | E83: klasgenoot | F83: 1800 | G83: 1950
A84: Q129255433 | B84: Q336977 | C84: Directed | D84: 1 | E84: bekende | F84: 1800 | G84: 1950
A85: Q116656531 | B85: Q336977 | C85: Directed | D85: 1 | E85: correspondent | F85: 1800 | G85: 1950
A86: Q116508558 | B86: Q118725738 | C86: Directed | D86: 1 | E86: correspondent | F86: 1800 | G86: 1950
A87: Q116508558 | B87: Q336977 | C87: Directed | D87: 1 | E87: correspondent | F87: 1857 | G87: 1863
A88: Q115830433 | B88: Q336977 | C88: Directed | D88: 1 | E88: correspondent | F88: 1856 | G88: 1874
A89: Q115830433 | B89: Q2619202 | C89: Directed | D89: 1 | E89: correspondent | F89: 1800 | G89: 1950
A90: Q2360599 | B90: Q336977 | C90: Directed | D90: 1 | E90: correspondent | F90: 1885 | G90: 1885
A91: Q115979140 | B91: Q336977 | C91: Directed | D91: 1 | E91: correspondent | F91: 1883 | G91: 1886
A92: Q3450211 | B92: Q336977 | C92: Directed | D92: 1 | E92: correspondent | F92: 1891 | G92: 1896
A93: Q115818861 | B93: Q336977 | C93: Directed | D93: 1 | E93: correspondent | F93: 1884 | G93: 1885
A94: Q2215154 | B94: Q336977 | C94: Directed | D94: 1 | E94: correspondent | F94: 1883 | G94: 1886
A95: Q2215154 | B95: Q981444 | C95: Directed | D95: 1 | E95: vriend | F95: 1800 | G95: 1950
A96: Q115818168 | B96: Q336977 | C96: Directed | D96: 1 | E96: correspondent | F96: 1891 | G96: 1897
A97: Q115839088 | B97: Q336977 | C97: Directed | D97: 1 | E97: correspondent | F97: 1884 | G97: 1886
A98: Q764378 | B98: Q336977 | C98: Directed | D98: 1 | E98: correspondent | F98: 1896 | G98: 1897
A99: Q125535110 | B99: Q336977 | C99: Directed | D99: 1 | E99: correspondent | F99: 1856 | G99: 1856
A100: Q2059291 | B100: Q336977 | C100: Directed | D100: 1 | E100: correspondent | F100: 1896 | G100: 1896
...

Sheet Kopie van Edges
A1: source | B1: target | C1: Type | D1: Weight | E1: rolLabel | F1: FinalStartyear | G1: FinalStartYearFIX | H1: FinalStartYearFIX Value | I1: FinalEndYear | J1: FinalEndYearFIX | K1: FinalEndYearFIXVALUE
A2: Q119454376 | B2: Q336977 | C2: Directed | D2: 1 | E2: medewerker | F2: 1700 | G2: =IF(F2 = 1700,I2,F2) -> 1710 | H2: 1710 | I2: 1710 | J2: =IF(H2>I2,H2,I2) -> 1710 | K2: 1710
A3: Q115818424 | B3: Q336977 | C3: Directed | D3: 1 | E3: correspondent | F3: 1889 | G3: =IF(F3 = 1700,I3,F3) -> 1889 | H3: 1889 | I3: 1889 | J3: =IF(H3>I3,H3,I3) -> 1889 | K3: 1889
A4: Q119013873 | B4: Q336977 | C4: Directed | D4: 1 | E4: correspondent | F4: 1892 | G4: =IF(F4 = 1700,I4,F4) -> 1892 | H4: 1892 | I4: 1892 | J4: =IF(H4>I4,H4,I4) -> 1892 | K4: 1892
A5: Q119217729 | B5: Q336977 | C5: Directed | D5: 1 | E5: correspondent | F5: 1893 | G5: =IF(F5 = 1700,I5,F5) -> 1893 | H5: 1893 | I5: 1893 | J5: =IF(H5>I5,H5,I5) -> 1893 | K5: 1893
A6: Q113754119 | B6: Q336977 | C6: Directed | D6: 1 | E6: correspondent | F6: 1886 | G6: =IF(F6 = 1700,I6,F6) -> 1886 | H6: 1886 | I6: 1898 | J6: =IF(H6>I6,H6,I6) -> 1898 | K6: 1898
A7: Q2524668 | B7: Q2491266 | C7: Directed | D7: 1 | E7: correspondent | F7: 1700 | G7: =IF(F7 = 1700,I7,F7) -> 1710 | H7: 1710 | I7: 1710 | J7: =IF(H7>I7,H7,I7) -> 1710 | K7: 1710
A8: Q2524668 | B8: Q120729190 | C8: Directed | D8: 1 | E8: correspondent | F8: 1700 | G8: =IF(F8 = 1700,I8,F8) -> 1710 | H8: 1710 | I8: 1710 | J8: =IF(H8>I8,H8,I8) -> 1710 | K8: 1710
A9: Q2524668 | B9: Q115820195 | C9: Directed | D9: 1 | E9: correspondent | F9: 1889 | G9: =IF(F9 = 1700,I9,F9) -> 1889 | H9: 1889 | I9: 1889 | J9: =IF(H9>I9,H9,I9) -> 1889 | K9: 1889
A10: Q2524668 | B10: Q110039178 | C10: Directed | D10: 1 | E10: correspondent | F10: 1879 | G10: =IF(F10 = 1700,I10,F10) -> 1879 | H10: 1879 | I10: 1710 | J10: =IF(H10>I10,H10,I10) -> 1879 | K10: 1879
A11: Q2524668 | B11: Q2298746 | C11: Directed | D11: 1 | E11: correspondent | F11: 1700 | G11: =IF(F11 = 1700,I11,F11) -> 1710 | H11: 1710 | I11: 1710 | J11: =IF(H11>I11,H11,I11) -> 1710 | K11: 1710
A12: Q2524668 | B12: Q2361397 | C12: Directed | D12: 1 | E12: correspondent | F12: 1700 | G12: =IF(F12 = 1700,I12,F12) -> 1710 | H12: 1710 | I12: 1710 | J12: =IF(H12>I12,H12,I12) -> 1710 | K12: 1710
A13: Q2524668 | B13: Q120900509 | C13: Directed | D13: 1 | E13: correspondent | F13: 1700 | G13: =IF(F13 = 1700,I13,F13) -> 1710 | H13: 1710 | I13: 1710 | J13: =IF(H13>I13,H13,I13) -> 1710 | K13: 1710
A14: Q2524668 | B14: Q120733873 | C14: Directed | D14: 1 | E14: correspondent | F14: 1700 | G14: =IF(F14 = 1700,I14,F14) -> 1710 | H14: 1710 | I14: 1710 | J14: =IF(H14>I14,H14,I14) -> 1710 | K14: 1710
A15: Q2524668 | B15: Q115815004 | C15: Directed | D15: 1 | E15: correspondent | F15: 1700 | G15: =IF(F15 = 1700,I15,F15) -> 1710 | H15: 1710 | I15: 1710 | J15: =IF(H15>I15,H15,I15) -> 1710 | K15: 1710
A16: Q2524668 | B16: Q2546317 | C16: Directed | D16: 1 | E16: correspondent | F16: 1700 | G16: =IF(F16 = 1700,I16,F16) -> 1710 | H16: 1710 | I16: 1710 | J16: =IF(H16>I16,H16,I16) -> 1710 | K16: 1710
A17: Q2524668 | B17: Q336977 | C17: Directed | D17: 1 | E17: correspondent | F17: 1867 | G17: =IF(F17 = 1700,I17,F17) -> 1867 | H17: 1867 | I17: 1885 | J17: =IF(H17>I17,H17,I17) -> 1885 | K17: 1885
A18: Q2524668 | B18: Q13575404 | C18: Directed | D18: 1 | E18: correspondent | F18: 1700 | G18: =IF(F18 = 1700,I18,F18) -> 1710 | H18: 1710 | I18: 1710 | J18: =IF(H18>I18,H18,I18) -> 1710 | K18: 1710
A19: Q2524668 | B19: Q115811334 | C19: Directed | D19: 1 | E19: correspondent | F19: 1700 | G19: =IF(F19 = 1700,I19,F19) -> 1710 | H19: 1710 | I19: 1710 | J19: =IF(H19>I19,H19,I19) -> 1710 | K19: 1710
A20: Q2524668 | B20: Q2542423 | C20: Directed | D20: 1 | E20: correspondent | F20: 1700 | G20: =IF(F20 = 1700,I20,F20) -> 1710 | H20: 1710 | I20: 1710 | J20: =IF(H20>I20,H20,I20) -> 1710 | K20: 1710
A21: Q2524668 | B21: Q1978794 | C21: Directed | D21: 1 | E21: correspondent | F21: 1700 | G21: =IF(F21 = 1700,I21,F21) -> 1710 | H21: 1710 | I21: 1710 | J21: =IF(H21>I21,H21,I21) -> 1710 | K21: 1710
A22: Q2524668 | B22: Q2099446 | C22: Directed | D22: 1 | E22: correspondent | F22: 1700 | G22: =IF(F22 = 1700,I22,F22) -> 1710 | H22: 1710 | I22: 1710 | J22: =IF(H22>I22,H22,I22) -> 1710 | K22: 1710
A23: Q2524668 | B23: Q110039361 | C23: Directed | D23: 1 | E23: correspondent | F23: 1700 | G23: =IF(F23 = 1700,I23,F23) -> 1710 | H23: 1710 | I23: 1710 | J23: =IF(H23>I23,H23,I23) -> 1710 | K23: 1710
A24: Q2524668 | B24: Q62080181 | C24: Directed | D24: 1 | E24: correspondent | F24: 1700 | G24: =IF(F24 = 1700,I24,F24) -> 1710 | H24: 1710 | I24: 1710 | J24: =IF(H24>I24,H24,I24) -> 1710 | K24: 1710
A25: Q2524668 | B25: Q2617184 | C25: Directed | D25: 1 | E25: correspondent | F25: 1700 | G25: =IF(F25 = 1700,I25,F25) -> 1710 | H25: 1710 | I25: 1710 | J25: =IF(H25>I25,H25,I25) -> 1710 | K25: 1710
A26: Q2524668 | B26: Q329468 | C26: Directed | D26: 1 | E26: correspondent | F26: 1884 | G26: =IF(F26 = 1700,I26,F26) -> 1884 | H26: 1884 | I26: 1884 | J26: =IF(H26>I26,H26,I26) -> 1884 | K26: 1884
A27: Q2524668 | B27: Q1920135 | C27: Directed | D27: 1 | E27: correspondent | F27: 1700 | G27: =IF(F27 = 1700,I27,F27) -> 1710 | H27: 1710 | I27: 1710 | J27: =IF(H27>I27,H27,I27) -> 1710 | K27: 1710
A28: Q2524668 | B28: Q56036067 | C28: Directed | D28: 1 | E28: correspondent | F28: 1700 | G28: =IF(F28 = 1700,I28,F28) -> 1710 | H28: 1710 | I28: 1710 | J28: =IF(H28>I28,H28,I28) -> 1710 | K28: 1710
A29: Q2524668 | B29: Q784390 | C29: Directed | D29: 1 | E29: correspondent | F29: 1889 | G29: =IF(F29 = 1700,I29,F29) -> 1889 | H29: 1889 | I29: 1891 | J29: =IF(H29>I29,H29,I29) -> 1891 | K29: 1891
A30: Q2524668 | B30: Q2496044 | C30: Directed | D30: 1 | E30: correspondent | F30: 1700 | G30: =IF(F30 = 1700,I30,F30) -> 1710 | H30: 1710 | I30: 1710 | J30: =IF(H30>I30,H30,I30) -> 1710 | K30: 1710
A31: Q43140929 | B31: Q336977 | C31: Directed | D31: 1 | E31: correspondent | F31: 1884 | G31: =IF(F31 = 1700,I31,F31) -> 1884 | H31: 1884 | I31: 1884 | J31: =IF(H31>I31,H31,I31) -> 1884 | K31: 1884
A32: Q100534520 | B32: Q336977 | C32: Directed | D32: 1 | E32: correspondent | F32: 1700 | G32: =IF(F32 = 1700,I32,F32) -> 1872 | H32: 1872 | I32: 1872 | J32: =IF(H32>I32,H32,I32) -> 1872 | K32: 1872
A33: Q100534520 | B33: Q784390 | C33: Directed | D33: 1 | E33: correspondent | F33: 1886 | G33: =IF(F33 = 1700,I33,F33) -> 1886 | H33: 1886 | I33: 1886 | J33: =IF(H33>I33,H33,I33) -> 1886 | K33: 1886
A34: Q100534520 | B34: Q336977 | C34: Directed | D34: 1 | E34: vriend | F34: 1700 | G34: =IF(F34 = 1700,I34,F34) -> 1710 | H34: 1710 | I34: 1710 | J34: =IF(H34>I34,H34,I34) -> 1710 | K34: 1710
A35: Q136793932 | B35: Q336977 | C35: Directed | D35: 1 | E35: bekende | F35: 1700 | G35: =IF(F35 = 1700,I35,F35) -> 1710 | H35: 1710 | I35: 1710 | J35: =IF(H35>I35,H35,I35) -> 1710 | K35: 1710
A36: Q116687284 | B36: Q336977 | C36: Directed | D36: 1 | E36: correspondent | F36: 1857 | G36: =IF(F36 = 1700,I36,F36) -> 1857 | H36: 1857 | I36: 1857 | J36: =IF(H36>I36,H36,I36) -> 1857 | K36: 1857
A37: Q118772822 | B37: Q336977 | C37: Directed | D37: 1 | E37: correspondent | F37: 1895 | G37: =IF(F37 = 1700,I37,F37) -> 1895 | H37: 1895 | I37: 1895 | J37: =IF(H37>I37,H37,I37) -> 1895 | K37: 1895
A38: Q586323 | B38: Q981444 | C38: Directed | D38: 1 | E38: correspondent | F38: 1700 | G38: =IF(F38 = 1700,I38,F38) -> 1710 | H38: 1710 | I38: 1710 | J38: =IF(H38>I38,H38,I38) -> 1710 | K38: 1710
A39: Q586323 | B39: Q336977 | C39: Directed | D39: 1 | E39: correspondent | F39: 1899 | G39: =IF(F39 = 1700,I39,F39) -> 1899 | H39: 1899 | I39: 1899 | J39: =IF(H39>I39,H39,I39) -> 1899 | K39: 1899
A40: Q2832059 | B40: Q336977 | C40: Directed | D40: 1 | E40: correspondent | F40: 1700 | G40: =IF(F40 = 1700,I40,F40) -> 1710 | H40: 1710 | I40: 1710 | J40: =IF(H40>I40,H40,I40) -> 1710 | K40: 1710
A41: Q115811921 | B41: Q336977 | C41: Directed | D41: 1 | E41: bekende | F41: 1700 | G41: =IF(F41 = 1700,I41,F41) -> 1710 | H41: 1710 | I41: 1710 | J41: =IF(H41>I41,H41,I41) -> 1710 | K41: 1710
A42: Q115811921 | B42: Q62080181 | C42: Directed | D42: 1 | E42: bekende | F42: 1700 | G42: =IF(F42 = 1700,I42,F42) -> 1710 | H42: 1710 | I42: 1710 | J42: =IF(H42>I42,H42,I42) -> 1710 | K42: 1710
A43: Q56036018 | B43: Q336977 | C43: Directed | D43: 1 | E43: correspondent | F43: 1885 | G43: =IF(F43 = 1700,I43,F43) -> 1885 | H43: 1885 | I43: 1891 | J43: =IF(H43>I43,H43,I43) -> 1891 | K43: 1891
A44: Q118142378 | B44: Q336977 | C44: Directed | D44: 1 | E44: correspondent | F44: 1895 | G44: =IF(F44 = 1700,I44,F44) -> 1895 | H44: 1895 | I44: 1896 | J44: =IF(H44>I44,H44,I44) -> 1896 | K44: 1896
A45: Q110039191 | B45: Q336977 | C45: Directed | D45: 1 | E45: correspondent | F45: 1896 | G45: =IF(F45 = 1700,I45,F45) -> 1896 | H45: 1896 | I45: 1896 | J45: =IF(H45>I45,H45,I45) -> 1896 | K45: 1896
A46: Q2100582 | B46: Q336977 | C46: Directed | D46: 1 | E46: correspondent | F46: 1895 | G46: =IF(F46 = 1700,I46,F46) -> 1895 | H46: 1895 | I46: 1897 | J46: =IF(H46>I46,H46,I46) -> 1897 | K46: 1897
A47: Q2638823 | B47: Q113466955 | C47: Directed | D47: 1 | E47: correspondent | F47: 1888 | G47: =IF(F47 = 1700,I47,F47) -> 1888 | H47: 1888 | I47: 1888 | J47: =IF(H47>I47,H47,I47) -> 1888 | K47: 1888
A48: Q2638823 | B48: Q336977 | C48: Directed | D48: 1 | E48: correspondent | F48: 1885 | G48: =IF(F48 = 1700,I48,F48) -> 1885 | H48: 1885 | I48: 1892 | J48: =IF(H48>I48,H48,I48) -> 1892 | K48: 1892
A49: Q56036059 | B49: Q336977 | C49: Directed | D49: 1 | E49: correspondent | F49: 1888 | G49: =IF(F49 = 1700,I49,F49) -> 1888 | H49: 1888 | I49: 1888 | J49: =IF(H49>I49,H49,I49) -> 1888 | K49: 1888
A50: Q2539969 | B50: Q336977 | C50: Directed | D50: 1 | E50: correspondent | F50: 1700 | G50: =IF(F50 = 1700,I50,F50) -> 1710 | H50: 1710 | I50: 1710 | J50: =IF(H50>I50,H50,I50) -> 1710 | K50: 1710
A51: Q119621396 | B51: Q336977 | C51: Directed | D51: 1 | E51: vriend | F51: 1700 | G51: =IF(F51 = 1700,I51,F51) -> 1710 | H51: 1710 | I51: 1710 | J51: =IF(H51>I51,H51,I51) -> 1710 | K51: 1710
A52: Q2050293 | B52: Q4722117 | C52: Directed | D52: 1 | E52: correspondent | F52: 1876 | G52: =IF(F52 = 1700,I52,F52) -> 1876 | H52: 1876 | I52: 1876 | J52: =IF(H52>I52,H52,I52) -> 1876 | K52: 1876
A53: Q2050293 | B53: Q336977 | C53: Directed | D53: 1 | E53: correspondent | F53: 1878 | G53: =IF(F53 = 1700,I53,F53) -> 1878 | H53: 1878 | I53: 1898 | J53: =IF(H53>I53,H53,I53) -> 1898 | K53: 1898
A54: Q2050293 | B54: Q110039178 | C54: Directed | D54: 1 | E54: correspondent | F54: 1886 | G54: =IF(F54 = 1700,I54,F54) -> 1886 | H54: 1886 | I54: 1710 | J54: =IF(H54>I54,H54,I54) -> 1886 | K54: 1886
A55: Q2050293 | B55: Q136759863 | C55: Directed | D55: 1 | E55: bekende | F55: 1700 | G55: =IF(F55 = 1700,I55,F55) -> 1710 | H55: 1710 | I55: 1710 | J55: =IF(H55>I55,H55,I55) -> 1710 | K55: 1710
A56: Q26845752 | B56: Q336977 | C56: Directed | D56: 1 | E56: correspondent | F56: 1896 | G56: =IF(F56 = 1700,I56,F56) -> 1896 | H56: 1896 | I56: 1896 | J56: =IF(H56>I56,H56,I56) -> 1896 | K56: 1896
A57: Q115979418 | B57: Q336977 | C57: Directed | D57: 1 | E57: correspondent | F57: 1850 | G57: =IF(F57 = 1700,I57,F57) -> 1850 | H57: 1850 | I57: 1890 | J57: =IF(H57>I57,H57,I57) -> 1890 | K57: 1890
A58: Q2580620 | B58: Q336977 | C58: Directed | D58: 1 | E58: correspondent | F58: 1889 | G58: =IF(F58 = 1700,I58,F58) -> 1889 | H58: 1889 | I58: 1889 | J58: =IF(H58>I58,H58,I58) -> 1889 | K58: 1889
A59: Q2580620 | B59: Q2683882 | C59: Directed | D59: 1 | E59: vriend | F59: 1700 | G59: =IF(F59 = 1700,I59,F59) -> 1710 | H59: 1710 | I59: 1710 | J59: =IF(H59>I59,H59,I59) -> 1710 | K59: 1710
A60: Q2580620 | B60: Q2524668 | C60: Directed | D60: 1 | E60: vriend | F60: 1700 | G60: =IF(F60 = 1700,I60,F60) -> 1710 | H60: 1710 | I60: 1710 | J60: =IF(H60>I60,H60,I60) -> 1710 | K60: 1710
A61: Q2580620 | B61: Q2134167 | C61: Directed | D61: 1 | E61: vriend | F61: 1700 | G61: =IF(F61 = 1700,I61,F61) -> 1710 | H61: 1710 | I61: 1710 | J61: =IF(H61>I61,H61,I61) -> 1710 | K61: 1710
A62: Q2580620 | B62: Q2360914 | C62: Directed | D62: 1 | E62: vriend | F62: 1700 | G62: =IF(F62 = 1700,I62,F62) -> 1710 | H62: 1710 | I62: 1710 | J62: =IF(H62>I62,H62,I62) -> 1710 | K62: 1710
A63: Q2298746 | B63: Q764378 | C63: Directed | D63: 1 | E63: correspondent | F63: 1927 | G63: =IF(F63 = 1700,I63,F63) -> 1927 | H63: 1927 | I63: 1929 | J63: =IF(H63>I63,H63,I63) -> 1929 | K63: 1929
A64: Q2298746 | B64: Q336977 | C64: Directed | D64: 1 | E64: correspondent | F64: 1898 | G64: =IF(F64 = 1700,I64,F64) -> 1898 | H64: 1898 | I64: 1899 | J64: =IF(H64>I64,H64,I64) -> 1899 | K64: 1899
A65: Q2298746 | B65: Q2546317 | C65: Directed | D65: 1 | E65: correspondent | F65: 1922 | G65: =IF(F65 = 1700,I65,F65) -> 1922 | H65: 1922 | I65: 1922 | J65: =IF(H65>I65,H65,I65) -> 1922 | K65: 1922
A66: Q2298746 | B66: Q981444 | C66: Directed | D66: 1 | E66: correspondent | F66: 1911 | G66: =IF(F66 = 1700,I66,F66) -> 1911 | H66: 1911 | I66: 1911 | J66: =IF(H66>I66,H66,I66) -> 1911 | K66: 1911
A67: Q2298746 | B67: Q2677198 | C67: Directed | D67: 1 | E67: correspondent | F67: 1700 | G67: =IF(F67 = 1700,I67,F67) -> 1710 | H67: 1710 | I67: 1710 | J67: =IF(H67>I67,H67,I67) -> 1710 | K67: 1710
A68: Q2298746 | B68: Q113627806 | C68: Directed | D68: 1 | E68: correspondent | F68: 1912 | G68: =IF(F68 = 1700,I68,F68) -> 1912 | H68: 1912 | I68: 1912 | J68: =IF(H68>I68,H68,I68) -> 1912 | K68: 1912
A69: Q2298746 | B69: Q115806479 | C69: Directed | D69: 1 | E69: correspondent | F69: 1700 | G69: =IF(F69 = 1700,I69,F69) -> 1710 | H69: 1710 | I69: 1710 | J69: =IF(H69>I69,H69,I69) -> 1710 | K69: 1710
A70: Q2298746 | B70: Q115814290 | C70: Directed | D70: 1 | E70: correspondent | F70: 1930 | G70: =IF(F70 = 1700,I70,F70) -> 1930 | H70: 1930 | I70: 1930 | J70: =IF(H70>I70,H70,I70) -> 1930 | K70: 1930
A71: Q2450554 | B71: Q336977 | C71: Directed | D71: 1 | E71: correspondent | F71: 1890 | G71: =IF(F71 = 1700,I71,F71) -> 1890 | H71: 1890 | I71: 1895 | J71: =IF(H71>I71,H71,I71) -> 1895 | K71: 1895
A72: Q2099446 | B72: Q336977 | C72: Directed | D72: 1 | E72: correspondent | F72: 1897 | G72: =IF(F72 = 1700,I72,F72) -> 1897 | H72: 1897 | I72: 1897 | J72: =IF(H72>I72,H72,I72) -> 1897 | K72: 1897
A73: Q3421496 | B73: Q336977 | C73: Directed | D73: 1 | E73: correspondent | F73: 1880 | G73: =IF(F73 = 1700,I73,F73) -> 1880 | H73: 1880 | I73: 1883 | J73: =IF(H73>I73,H73,I73) -> 1883 | K73: 1883
A74: Q3421496 | B74: Q981444 | C74: Directed | D74: 1 | E74: vriend | F74: 1700 | G74: =IF(F74 = 1700,I74,F74) -> 1710 | H74: 1710 | I74: 1710 | J74: =IF(H74>I74,H74,I74) -> 1710 | K74: 1710
A75: Q970036 | B75: Q336977 | C75: Directed | D75: 1 | E75: correspondent | F75: 1892 | G75: =IF(F75 = 1700,I75,F75) -> 1892 | H75: 1892 | I75: 1892 | J75: =IF(H75>I75,H75,I75) -> 1892 | K75: 1892
A76: Q2481707 | B76: Q336977 | C76: Directed | D76: 1 | E76: correspondent | F76: 1886 | G76: =IF(F76 = 1700,I76,F76) -> 1886 | H76: 1886 | I76: 1889 | J76: =IF(H76>I76,H76,I76) -> 1889 | K76: 1889
A77: Q124619468 | B77: Q336977 | C77: Directed | D77: 1 | E77: correspondent | F77: 1700 | G77: =IF(F77 = 1700,I77,F77) -> 1710 | H77: 1710 | I77: 1710 | J77: =IF(H77>I77,H77,I77) -> 1710 | K77: 1710
A78: Q1280942 | B78: Q2580620 | C78: Directed | D78: 1 | E78: correspondent | F78: 1886 | G78: =IF(F78 = 1700,I78,F78) -> 1886 | H78: 1886 | I78: 1886 | J78: =IF(H78>I78,H78,I78) -> 1886 | K78: 1886
A79: Q1280942 | B79: Q2360914 | C79: Directed | D79: 1 | E79: correspondent | F79: 1886 | G79: =IF(F79 = 1700,I79,F79) -> 1886 | H79: 1886 | I79: 1886 | J79: =IF(H79>I79,H79,I79) -> 1886 | K79: 1886
A80: Q1280942 | B80: Q57197744 | C80: Directed | D80: 1 | E80: correspondent | F80: 1886 | G80: =IF(F80 = 1700,I80,F80) -> 1886 | H80: 1886 | I80: 1886 | J80: =IF(H80>I80,H80,I80) -> 1886 | K80: 1886
A81: Q1280942 | B81: Q336977 | C81: Directed | D81: 1 | E81: correspondent | F81: 1886 | G81: =IF(F81 = 1700,I81,F81) -> 1886 | H81: 1886 | I81: 1899 | J81: =IF(H81>I81,H81,I81) -> 1899 | K81: 1899
A82: Q119039774 | B82: Q336977 | C82: Directed | D82: 1 | E82: correspondent | F82: 1898 | G82: =IF(F82 = 1700,I82,F82) -> 1898 | H82: 1898 | I82: 1898 | J82: =IF(H82>I82,H82,I82) -> 1898 | K82: 1898
A83: Q13429634 | B83: Q336977 | C83: Directed | D83: 1 | E83: klasgenoot | F83: 1700 | G83: =IF(F83 = 1700,I83,F83) -> 1710 | H83: 1710 | I83: 1710 | J83: =IF(H83>I83,H83,I83) -> 1710 | K83: 1710
A84: Q129255433 | B84: Q336977 | C84: Directed | D84: 1 | E84: bekende | F84: 1700 | G84: =IF(F84 = 1700,I84,F84) -> 1710 | H84: 1710 | I84: 1710 | J84: =IF(H84>I84,H84,I84) -> 1710 | K84: 1710
A85: Q116656531 | B85: Q336977 | C85: Directed | D85: 1 | E85: correspondent | F85: 1700 | G85: =IF(F85 = 1700,I85,F85) -> 1710 | H85: 1710 | I85: 1710 | J85: =IF(H85>I85,H85,I85) -> 1710 | K85: 1710
A86: Q116508558 | B86: Q118725738 | C86: Directed | D86: 1 | E86: correspondent | F86: 1700 | G86: =IF(F86 = 1700,I86,F86) -> 1710 | H86: 1710 | I86: 1710 | J86: =IF(H86>I86,H86,I86) -> 1710 | K86: 1710
A87: Q116508558 | B87: Q336977 | C87: Directed | D87: 1 | E87: correspondent | F87: 1857 | G87: =IF(F87 = 1700,I87,F87) -> 1857 | H87: 1857 | I87: 1863 | J87: =IF(H87>I87,H87,I87) -> 1863 | K87: 1863
A88: Q115830433 | B88: Q336977 | C88: Directed | D88: 1 | E88: correspondent | F88: 1856 | G88: =IF(F88 = 1700,I88,F88) -> 1856 | H88: 1856 | I88: 1874 | J88: =IF(H88>I88,H88,I88) -> 1874 | K88: 1874
A89: Q115830433 | B89: Q2619202 | C89: Directed | D89: 1 | E89: correspondent | F89: 1700 | G89: =IF(F89 = 1700,I89,F89) -> 1710 | H89: 1710 | I89: 1710 | J89: =IF(H89>I89,H89,I89) -> 1710 | K89: 1710
A90: Q2360599 | B90: Q336977 | C90: Directed | D90: 1 | E90: correspondent | F90: 1885 | G90: =IF(F90 = 1700,I90,F90) -> 1885 | H90: 1885 | I90: 1885 | J90: =IF(H90>I90,H90,I90) -> 1885 | K90: 1885
A91: Q115979140 | B91: Q336977 | C91: Directed | D91: 1 | E91: correspondent | F91: 1883 | G91: =IF(F91 = 1700,I91,F91) -> 1883 | H91: 1883 | I91: 1886 | J91: =IF(H91>I91,H91,I91) -> 1886 | K91: 1886
A92: Q3450211 | B92: Q336977 | C92: Directed | D92: 1 | E92: correspondent | F92: 1891 | G92: =IF(F92 = 1700,I92,F92) -> 1891 | H92: 1891 | I92: 1896 | J92: =IF(H92>I92,H92,I92) -> 1896 | K92: 1896
A93: Q115818861 | B93: Q336977 | C93: Directed | D93: 1 | E93: correspondent | F93: 1884 | G93: =IF(F93 = 1700,I93,F93) -> 1884 | H93: 1884 | I93: 1885 | J93: =IF(H93>I93,H93,I93) -> 1885 | K93: 1885
A94: Q2215154 | B94: Q336977 | C94: Directed | D94: 1 | E94: correspondent | F94: 1883 | G94: =IF(F94 = 1700,I94,F94) -> 1883 | H94: 1883 | I94: 1886 | J94: =IF(H94>I94,H94,I94) -> 1886 | K94: 1886
A95: Q2215154 | B95: Q981444 | C95: Directed | D95: 1 | E95: vriend | F95: 1700 | G95: =IF(F95 = 1700,I95,F95) -> 1710 | H95: 1710 | I95: 1710 | J95: =IF(H95>I95,H95,I95) -> 1710 | K95: 1710
A96: Q115818168 | B96: Q336977 | C96: Directed | D96: 1 | E96: correspondent | F96: 1891 | G96: =IF(F96 = 1700,I96,F96) -> 1891 | H96: 1891 | I96: 1897 | J96: =IF(H96>I96,H96,I96) -> 1897 | K96: 1897
A97: Q115839088 | B97: Q336977 | C97: Directed | D97: 1 | E97: correspondent | F97: 1884 | G97: =IF(F97 = 1700,I97,F97) -> 1884 | H97: 1884 | I97: 1886 | J97: =IF(H97>I97,H97,I97) -> 1886 | K97: 1886
A98: Q764378 | B98: Q336977 | C98: Directed | D98: 1 | E98: correspondent | F98: 1896 | G98: =IF(F98 = 1700,I98,F98) -> 1896 | H98: 1896 | I98: 1897 | J98: =IF(H98>I98,H98,I98) -> 1897 | K98: 1897
A99: Q125535110 | B99: Q336977 | C99: Directed | D99: 1 | E99: correspondent | F99: 1856 | G99: =IF(F99 = 1700,I99,F99) -> 1856 | H99: 1856 | I99: 1856 | J99: =IF(H99>I99,H99,I99) -> 1856 | K99: 1856
A100: Q2059291 | B100: Q336977 | C100: Directed | D100: 1 | E100: correspondent | F100: 1896 | G100: =IF(F100 = 1700,I100,F100) -> 1896 | H100: 1896 | I100: 1896 | J100: =IF(H100>I100,H100,I100) -> 1896 | K100: 1896
...

Sheet CleanEdges
A1: source | B1: target | C1: Type | D1: Weight | E1: Rol | F1: StartYear | G1: EndYear
A2: Q119454376 | B2: Q336977 | C2: Directed | D2: 1 | E2: medewerker | F2: 1710 | G2: 1710
A3: Q115818424 | B3: Q336977 | C3: Directed | D3: 1 | E3: correspondent | F3: 1889 | G3: 1889
A4: Q119013873 | B4: Q336977 | C4: Directed | D4: 1 | E4: correspondent | F4: 1892 | G4: 1892
A5: Q119217729 | B5: Q336977 | C5: Directed | D5: 1 | E5: correspondent | F5: 1893 | G5: 1893
A6: Q113754119 | B6: Q336977 | C6: Directed | D6: 1 | E6: correspondent | F6: 1886 | G6: 1898
A7: Q2524668 | B7: Q2491266 | C7: Directed | D7: 1 | E7: correspondent | F7: 1710 | G7: 1710
A8: Q2524668 | B8: Q120729190 | C8: Directed | D8: 1 | E8: correspondent | F8: 1710 | G8: 1710
A9: Q2524668 | B9: Q115820195 | C9: Directed | D9: 1 | E9: correspondent | F9: 1889 | G9: 1889
A10: Q2524668 | B10: Q110039178 | C10: Directed | D10: 1 | E10: correspondent | F10: 1879 | G10: 1879
A11: Q2524668 | B11: Q2298746 | C11: Directed | D11: 1 | E11: correspondent | F11: 1710 | G11: 1710
A12: Q2524668 | B12: Q2361397 | C12: Directed | D12: 1 | E12: correspondent | F12: 1710 | G12: 1710
A13: Q2524668 | B13: Q120900509 | C13: Directed | D13: 1 | E13: correspondent | F13: 1710 | G13: 1710
A14: Q2524668 | B14: Q120733873 | C14: Directed | D14: 1 | E14: correspondent | F14: 1710 | G14: 1710
A15: Q2524668 | B15: Q115815004 | C15: Directed | D15: 1 | E15: correspondent | F15: 1710 | G15: 1710
A16: Q2524668 | B16: Q2546317 | C16: Directed | D16: 1 | E16: correspondent | F16: 1710 | G16: 1710
A17: Q2524668 | B17: Q336977 | C17: Directed | D17: 1 | E17: correspondent | F17: 1867 | G17: 1885
A18: Q2524668 | B18: Q13575404 | C18: Directed | D18: 1 | E18: correspondent | F18: 1710 | G18: 1710
A19: Q2524668 | B19: Q115811334 | C19: Directed | D19: 1 | E19: correspondent | F19: 1710 | G19: 1710
A20: Q2524668 | B20: Q2542423 | C20: Directed | D20: 1 | E20: correspondent | F20: 1710 | G20: 1710
A21: Q2524668 | B21: Q1978794 | C21: Directed | D21: 1 | E21: correspondent | F21: 1710 | G21: 1710
A22: Q2524668 | B22: Q2099446 | C22: Directed | D22: 1 | E22: correspondent | F22: 1710 | G22: 1710
A23: Q2524668 | B23: Q110039361 | C23: Directed | D23: 1 | E23: correspondent | F23: 1710 | G23: 1710
A24: Q2524668 | B24: Q62080181 | C24: Directed | D24: 1 | E24: correspondent | F24: 1710 | G24: 1710
A25: Q2524668 | B25: Q2617184 | C25: Directed | D25: 1 | E25: correspondent | F25: 1710 | G25: 1710
A26: Q2524668 | B26: Q329468 | C26: Directed | D26: 1 | E26: correspondent | F26: 1884 | G26: 1884
A27: Q2524668 | B27: Q1920135 | C27: Directed | D27: 1 | E27: correspondent | F27: 1710 | G27: 1710
A28: Q2524668 | B28: Q56036067 | C28: Directed | D28: 1 | E28: correspondent | F28: 1710 | G28: 1710
A29: Q2524668 | B29: Q784390 | C29: Directed | D29: 1 | E29: correspondent | F29: 1889 | G29: 1891
A30: Q2524668 | B30: Q2496044 | C30: Directed | D30: 1 | E30: correspondent | F30: 1710 | G30: 1710
A31: Q43140929 | B31: Q336977 | C31: Directed | D31: 1 | E31: correspondent | F31: 1884 | G31: 1884
A32: Q100534520 | B32: Q336977 | C32: Directed | D32: 1 | E32: correspondent | F32: 1872 | G32: 1872
A33: Q100534520 | B33: Q784390 | C33: Directed | D33: 1 | E33: correspondent | F33: 1886 | G33: 1886
A34: Q100534520 | B34: Q336977 | C34: Directed | D34: 1 | E34: vriend | F34: 1710 | G34: 1710
A35: Q136793932 | B35: Q336977 | C35: Directed | D35: 1 | E35: bekende | F35: 1710 | G35: 1710
A36: Q116687284 | B36: Q336977 | C36: Directed | D36: 1 | E36: correspondent | F36: 1857 | G36: 1857
A37: Q118772822 | B37: Q336977 | C37: Directed | D37: 1 | E37: correspondent | F37: 1895 | G37: 1895
A38: Q586323 | B38: Q981444 | C38: Directed | D38: 1 | E38: correspondent | F38: 1710 | G38: 1710
A39: Q586323 | B39: Q336977 | C39: Directed | D39: 1 | E39: correspondent | F39: 1899 | G39: 1899
A40: Q2832059 | B40: Q336977 | C40: Directed | D40: 1 | E40: correspondent | F40: 1710 | G40: 1710
A41: Q115811921 | B41: Q336977 | C41: Directed | D41: 1 | E41: bekende | F41: 1710 | G41: 1710
A42: Q115811921 | B42: Q62080181 | C42: Directed | D42: 1 | E42: bekende | F42: 1710 | G42: 1710
A43: Q56036018 | B43: Q336977 | C43: Directed | D43: 1 | E43: correspondent | F43: 1885 | G43: 1891
A44: Q118142378 | B44: Q336977 | C44: Directed | D44: 1 | E44: correspondent | F44: 1895 | G44: 1896
A45: Q110039191 | B45: Q336977 | C45: Directed | D45: 1 | E45: correspondent | F45: 1896 | G45: 1896
A46: Q2100582 | B46: Q336977 | C46: Directed | D46: 1 | E46: correspondent | F46: 1895 | G46: 1897
A47: Q2638823 | B47: Q113466955 | C47: Directed | D47: 1 | E47: correspondent | F47: 1888 | G47: 1888
A48: Q2638823 | B48: Q336977 | C48: Directed | D48: 1 | E48: correspondent | F48: 1885 | G48: 1892
A49: Q56036059 | B49: Q336977 | C49: Directed | D49: 1 | E49: correspondent | F49: 1888 | G49: 1888
A50: Q2539969 | B50: Q336977 | C50: Directed | D50: 1 | E50: correspondent | F50: 1710 | G50: 1710
A51: Q119621396 | B51: Q336977 | C51: Directed | D51: 1 | E51: vriend | F51: 1710 | G51: 1710
A52: Q2050293 | B52: Q4722117 | C52: Directed | D52: 1 | E52: correspondent | F52: 1876 | G52: 1876
A53: Q2050293 | B53: Q336977 | C53: Directed | D53: 1 | E53: correspondent | F53: 1878 | G53: 1898
A54: Q2050293 | B54: Q110039178 | C54: Directed | D54: 1 | E54: correspondent | F54: 1886 | G54: 1886
A55: Q2050293 | B55: Q136759863 | C55: Directed | D55: 1 | E55: bekende | F55: 1710 | G55: 1710
A56: Q26845752 | B56: Q336977 | C56: Directed | D56: 1 | E56: correspondent | F56: 1896 | G56: 1896
A57: Q115979418 | B57: Q336977 | C57: Directed | D57: 1 | E57: correspondent | F57: 1850 | G57: 1890
A58: Q2580620 | B58: Q336977 | C58: Directed | D58: 1 | E58: correspondent | F58: 1889 | G58: 1889
A59: Q2580620 | B59: Q2683882 | C59: Directed | D59: 1 | E59: vriend | F59: 1710 | G59: 1710
A60: Q2580620 | B60: Q2524668 | C60: Directed | D60: 1 | E60: vriend | F60: 1710 | G60: 1710
A61: Q2580620 | B61: Q2134167 | C61: Directed | D61: 1 | E61: vriend | F61: 1710 | G61: 1710
A62: Q2580620 | B62: Q2360914 | C62: Directed | D62: 1 | E62: vriend | F62: 1710 | G62: 1710
A63: Q2298746 | B63: Q764378 | C63: Directed | D63: 1 | E63: correspondent | F63: 1927 | G63: 1929
A64: Q2298746 | B64: Q336977 | C64: Directed | D64: 1 | E64: correspondent | F64: 1898 | G64: 1899
A65: Q2298746 | B65: Q2546317 | C65: Directed | D65: 1 | E65: correspondent | F65: 1922 | G65: 1922
A66: Q2298746 | B66: Q981444 | C66: Directed | D66: 1 | E66: correspondent | F66: 1911 | G66: 1911
A67: Q2298746 | B67: Q2677198 | C67: Directed | D67: 1 | E67: correspondent | F67: 1710 | G67: 1710
A68: Q2298746 | B68: Q113627806 | C68: Directed | D68: 1 | E68: correspondent | F68: 1912 | G68: 1912
A69: Q2298746 | B69: Q115806479 | C69: Directed | D69: 1 | E69: correspondent | F69: 1710 | G69: 1710
A70: Q2298746 | B70: Q115814290 | C70: Directed | D70: 1 | E70: correspondent | F70: 1930 | G70: 1930
A71: Q2450554 | B71: Q336977 | C71: Directed | D71: 1 | E71: correspondent | F71: 1890 | G71: 1895
A72: Q2099446 | B72: Q336977 | C72: Directed | D72: 1 | E72: correspondent | F72: 1897 | G72: 1897
A73: Q3421496 | B73: Q336977 | C73: Directed | D73: 1 | E73: correspondent | F73: 1880 | G73: 1883
A74: Q3421496 | B74: Q981444 | C74: Directed | D74: 1 | E74: vriend | F74: 1710 | G74: 1710
A75: Q970036 | B75: Q336977 | C75: Directed | D75: 1 | E75: correspondent | F75: 1892 | G75: 1892
A76: Q2481707 | B76: Q336977 | C76: Directed | D76: 1 | E76: correspondent | F76: 1886 | G76: 1889
A77: Q124619468 | B77: Q336977 | C77: Directed | D77: 1 | E77: correspondent | F77: 1710 | G77: 1710
A78: Q1280942 | B78: Q2580620 | C78: Directed | D78: 1 | E78: correspondent | F78: 1886 | G78: 1886
A79: Q1280942 | B79: Q2360914 | C79: Directed | D79: 1 | E79: correspondent | F79: 1886 | G79: 1886
A80: Q1280942 | B80: Q57197744 | C80: Directed | D80: 1 | E80: correspondent | F80: 1886 | G80: 1886
A81: Q1280942 | B81: Q336977 | C81: Directed | D81: 1 | E81: correspondent | F81: 1886 | G81: 1899
A82: Q119039774 | B82: Q336977 | C82: Directed | D82: 1 | E82: correspondent | F82: 1898 | G82: 1898
A83: Q13429634 | B83: Q336977 | C83: Directed | D83: 1 | E83: klasgenoot | F83: 1710 | G83: 1710
A84: Q129255433 | B84: Q336977 | C84: Directed | D84: 1 | E84: bekende | F84: 1710 | G84: 1710
A85: Q116656531 | B85: Q336977 | C85: Directed | D85: 1 | E85: correspondent | F85: 1710 | G85: 1710
A86: Q116508558 | B86: Q118725738 | C86: Directed | D86: 1 | E86: correspondent | F86: 1710 | G86: 1710
A87: Q116508558 | B87: Q336977 | C87: Directed | D87: 1 | E87: correspondent | F87: 1857 | G87: 1863
A88: Q115830433 | B88: Q336977 | C88: Directed | D88: 1 | E88: correspondent | F88: 1856 | G88: 1874
A89: Q115830433 | B89: Q2619202 | C89: Directed | D89: 1 | E89: correspondent | F89: 1710 | G89: 1710
A90: Q2360599 | B90: Q336977 | C90: Directed | D90: 1 | E90: correspondent | F90: 1885 | G90: 1885
A91: Q115979140 | B91: Q336977 | C91: Directed | D91: 1 | E91: correspondent | F91: 1883 | G91: 1886
A92: Q3450211 | B92: Q336977 | C92: Directed | D92: 1 | E92: correspondent | F92: 1891 | G92: 1896
A93: Q115818861 | B93: Q336977 | C93: Directed | D93: 1 | E93: correspondent | F93: 1884 | G93: 1885
A94: Q2215154 | B94: Q336977 | C94: Directed | D94: 1 | E94: correspondent | F94: 1883 | G94: 1886
A95: Q2215154 | B95: Q981444 | C95: Directed | D95: 1 | E95: vriend | F95: 1710 | G95: 1710
A96: Q115818168 | B96: Q336977 | C96: Directed | D96: 1 | E96: correspondent | F96: 1891 | G96: 1897
A97: Q115839088 | B97: Q336977 | C97: Directed | D97: 1 | E97: correspondent | F97: 1884 | G97: 1886
A98: Q764378 | B98: Q336977 | C98: Directed | D98: 1 | E98: correspondent | F98: 1896 | G98: 1897
A99: Q125535110 | B99: Q336977 | C99: Directed | D99: 1 | E99: correspondent | F99: 1856 | G99: 1856
A100: Q2059291 | B100: Q336977 | C100: Directed | D100: 1 | E100: correspondent | F100: 1896 | G100: 1896
...
